posts,angry,fear,happy,neutral,sad,surprise
走在路上，偶尔会停下来，看看周围的风景。世界很大，而我们常常忽略了身边的美好。希望我们都能在忙碌中发现宁静。#生活中的小美好,0.0,0.0,0.97,0.0,0.0,0.07
今天在书店里逛了很久，翻了一本书，看到一句话：“每个人都在与自己较劲。”突然想，或许生活中的挑战，不仅来自外界，更多的是我们内心的战斗。#内心的战争,0.0,0.08,0.31,0.38,0.19,0.09
有时我们觉得很孤独，或许是因为没有找到那个能理解自己的人。其实，也许理解自己本身就是一种最美的陪伴。#自我理解,0.0,0.0,0.57,0.34,0.23,0.0
每个人都在寻找自己的位置，我也在找。可能有时候迷失，但我知道，只要心向前，总能找到属于自己的方向。#迷失与方向,0.0,0.0,0.6,0.16,0.14,0.08
或许，最幸福的时刻，不是在你达到目标的瞬间，而是在追逐的过程中，与你并肩的人一起走过的每一步。#幸福的脚步,0.09,0.0,0.84,0.0,0.0,0.0
忙碌了一整天，突然意识到最珍贵的并不是完成的任务，而是那份在忙碌中依然能够保持内心的平静。#保持内心的宁静,0.0,0.0,0.75,0.1,0.1,0.0
人生像是一场旅行，我们每个人都在路上。不要太急着到达目的地，沿途的风景和遇见的人，才是最值得珍惜的。#人生的旅程,0.0,0.0,0.87,0.13,0.05,0.0
有时，我们会在一些看似平凡的日子里，发现最深刻的感动。它们可能是一句温暖的话，或是一个不经意的微笑。#温暖的瞬间,0.0,0.0,0.75,0.18,0.0,0.09
看到别人活得自信满满，我常常觉得，自己还在路上。每个人的节奏不同，但只要不停止，就能找到自己的步伐。#自我节奏,0.0,0.0,0.82,0.1,0.0,0.0
总觉得自己是一个很复杂的人，情绪丰富、想法多变。也许这就是我作为一个INFJ的特质，既深沉又容易迷茫。#复杂的自我,0.0,0.13,0.0,0.37,0.45,0.08
生活中最宝贵的时光，往往是那些静静享受的时刻。无论是读一本书，还是在窗前发呆，都是对心灵的滋养。#心灵的滋养,0.0,0.0,0.89,0.22,0.07,0.0
今天和朋友聊了一会儿，才发现有些问题，解决的不是方法，而是心态。保持平和的心情，很多事自会云淡风轻。#心态的力量,0.0,0.0,0.71,0.33,0.0,0.0
喜欢在安静的晚上，听一些柔和的音乐。那种不急不躁的感觉，让人能暂时忘却世界的喧嚣。#夜晚的安宁,0.0,0.0,0.85,0.2,0.0,0.0
每个人的心里都有一片未被触碰的森林，那里藏着最真实的自己。或许有一天，我会去那里，遇见更好的自己。#内心的森林,0.05,0.0,0.69,0.2,0.0,0.06
有时我会怀疑，自己到底在追求什么？但又突然意识到，追求本身就意味着不断前行，走在路上的我们，已经找到了答案。#追求与前行,0.0,0.0,0.59,0.08,0.08,0.2
我喜欢看雨滴打在窗户上的样子，像是时间在悄悄流逝，不急不慢。人生不也如此吗？不过是走过每个季节，迎接每个明天。#雨滴与时光,0.0,0.0,0.87,0.11,0.07,0.0
有时候，思考太多反而让人更加迷茫。也许最好的方式，就是顺其自然，让生活带我们走到需要去的地方。#顺其自然,0.0,0.0,0.61,0.32,0.14,0.0
每一次的失败，都让我学会了更多。也许有时候，人生的意义并不在于成功，而在于我们从中获得的经验与成长。#失败与成长,0.0,0.0,0.67,0.21,0.2,0.0
今天和朋友聊天时，她说：“最重要的，是自己能够过得开心。”突然觉得，这句话很简单，却很有力量。#简单的幸福,0.0,0.0,0.85,0.07,0.0,0.05
最近总是有些感慨，曾经觉得不可能的事，最终也都成了过去。回头看，原来那些经历，都是让我变得更坚强的力量。#过去与成长,0.0,0.0,0.63,0.06,0.31,0.05
我觉得，最美的爱情，不是轰轰烈烈的，而是平平淡淡中的互相理解与包容。愿每个人都能找到那个可以安心依靠的人。#平淡的爱,0.0,0.0,0.95,0.0,0.0,0.0
每个人心中都有一些未曾完成的梦想。我常常觉得，追梦的过程比实现梦想本身更重要，因为它让我们变得更加丰富。#追梦的过程,0.0,0.0,0.7,0.27,0.0,0.0
有时会想，人生中最大的幸运，莫过于找到一份能够与自己共鸣的关系。无论是友情，还是爱情，都是生命中的宝贵礼物。#共鸣与关系,0.0,0.0,0.67,0.2,0.08,0.0
在这个信息爆炸的时代，静下心来，享受一个人的独处时光，成了最奢侈的事。#独处时光,0.0,0.0,0.27,0.36,0.31,0.09
生活中的每一次选择，都像是在拼接一幅拼图。也许一开始看不清楚，但慢慢拼凑起来时，你会发现，原来这一切都有它的意义。#生活的拼图,0.0,0.0,0.66,0.3,0.0,0.16
看到一片满是落叶的小路，突然觉得，人生也像这样，总有些事，最终都会随着时间的流逝，悄悄消失。#人生如落叶,0.0,0.0,0.22,0.15,0.67,0.0
有些人，注定是生命中的过客。虽然短暂，但他们带来的温暖，足以让你回忆一生。#过客与温暖,0.0,0.0,0.78,0.19,0.11,0.05
生活中的小事，往往能带来最深的感动。今天和朋友聊了一会儿，突然意识到，原来我们之间的默契，才是最珍贵的东西。#默契与友情,0.0,0.0,0.77,0.13,0.06,0.1
每当我感到迷茫时，我会停下来，给自己一点时间去思考。也许答案就藏在那些静静的瞬间里。#迷茫与思考,0.0,0.07,0.38,0.36,0.3,0.06
我喜欢夜晚的安静，尤其是一个人走在街头，耳边是风的声音。那时的我，感到无比自由。#夜晚的自由,0.0,0.0,0.81,0.18,0.0,0.0
有时候，我们总是急于证明自己，但真正的自信，不是别人给的，而是自己给予自己的认同。#自信与认同,0.0,0.0,0.5,0.37,0.11,0.06
今天又一次感叹，人生真的很短，许多事来不及做，许多话来不及说。但无论如何，愿我们都能用心去活。#人生短暂,0.0,0.0,0.38,0.0,0.59,0.0
在这繁忙的世界里，偶尔停下来，去感受一片静谧，或许能让心灵恢复力量。#心灵的恢复,0.0,0.0,0.68,0.31,0.12,0.0
我常常觉得，人生就像一场旅行，不必急着到达目的地，只要一路上有风景，就足够了。#人生的旅行,0.0,0.0,0.85,0.14,0.0,0.0
每个人都在生活中寻找意义。或许，意义并不在某个特定的目标，而是在走过每一段路时，带给我们的感悟。#生活的意义,0.0,0.0,0.54,0.46,0.0,0.12
看着窗外的星星，突然觉得，人生也许就是这样，不同的轨迹，碰撞出无数的火花。#星空与轨迹,0.0,0.0,0.67,0.14,0.18,0.14
真正的勇气，不是没有恐惧，而是在恐惧面前依然选择前行。#勇气与恐惧,0.0,0.24,0.66,0.29,0.0,0.0
总觉得，我们总是在找寻那个“对”的人，其实，重要的是自己成为“对”的人。#自我与他人,0.0,0.0,0.18,0.42,0.31,0.08
走过的每一段路，都是成长的一部分。即使有时会感到迷茫，但只要坚持走下去，就会看到不一样的风景。#迷茫与坚持,0.0,0.07,0.85,0.13,0.08,0.0
每个人都在生活中寻找自己的位置，虽然有时会觉得很迷茫，但相信时间会给我们答案。#寻找自己的位置,0.0,0.0,0.6,0.28,0.08,0.08
有些事情，不必去强求。也许，最好的结果，正是放手之后的宁静与释然。#放手与宁静,0.0,0.0,0.66,0.33,0.07,0.0
世界是如此之大，而我只是其中一个微不足道的存在。只是偶尔，才会想起，自己在这片土地上的位置。#微小与广阔,0.0,0.0,0.24,0.22,0.45,0.1
不必向别人证明自己，只要活得真实，做自己最喜欢的事，便是最好的证明。#真实与证明,0.0,0.0,0.67,0.29,0.0,0.0
我喜欢安静的午后，拿起一本书，泡一杯茶，沉浸在文字的世界里，忘却一切烦恼。#午后的宁静,0.0,0.0,0.87,0.23,0.0,0.05
每个人的内心都有一片广阔的天空，里面藏着最深的梦想。或许，我们都需要一点勇气，去追寻那些未曾触及的星星。#梦想与勇气,0.0,0.0,0.68,0.22,0.0,0.0
生活是一场不断适应的过程。每一次的变化，都是为了让我们变得更加成熟。#变化与适应,0.0,0.0,0.58,0.5,0.0,0.0
有时，我会想，或许我们追寻的，并不是某个目标，而是在寻找自己内心的安宁与满足。#安宁与追寻,0.0,0.0,0.33,0.33,0.27,0.11
生活中的每一次挑战，都是对自我的一次磨砺。只要坚持，就能看到不一样的风景。#挑战与坚持,0.0,0.06,0.84,0.21,0.0,0.0
看着自己走过的路，才明白，所有的曲折与困难，都是为了让我们更好地欣赏前方的风景。#曲折与美丽,0.0,0.0,0.86,0.09,0.07,0.0
每当我迷失时，我会停下脚步，静静地听听自己的心声。或许，答案就在那片宁静中。#迷失与寻找,0.0,0.0,0.44,0.3,0.27,0.05
