posts,angry,fear,happy,neutral,sad,surprise
每次听到这首歌，心里总是充满了一种莫名的温暖。像是带着一份轻柔的祝福，送给未来的自己。分享单曲《When Can I See You Again》(@网易云音乐),0.08,0.0,0.72,0.2,0.0,0.07
总是说“勿忘初心”，但有时候真的觉得时间改变了我们太多。和一个人相处久了，才知道初心是什么，也才知道谁会留下，谁会走。#人际关系# #时间的力量#,0.0,0.05,0.46,0.14,0.47,0.06
这首歌好听，舞也好看，忍不住一遍又一遍地回放。每个音符都能触动我的心，旋律和歌词总能找到共鸣。#txt# #音乐推荐#,0.0,0.0,0.78,0.21,0.17,0.0
终于找到了那首在画室时最喜欢的歌，听着它，仿佛又回到了那个宁静的时光。分享单曲《醉梦仙霖》(@网易云音乐),0.09,0.0,0.69,0.19,0.11,0.0
一到晚上，我就开始胡思乱想，内心的焦虑像潮水一样涌来。每一份沉默，都是对生活的无奈。#夜晚# #内心焦虑#,0.13,0.23,0.0,0.14,0.75,0.0
每次听到这首歌，我都能感受到自己最脆弱的部分。它让我想起那些没有答案的问题，和那些永远没有回应的期待。分享单曲《淋雨一直走》(@网易云音乐),0.09,0.14,0.37,0.3,0.3,0.0
这首歌，一听就像是为我写的，每个音符都触及了我心里的某个地方。它讲的，似乎正是我此刻的心情。#无名的人# #电影主题曲#,0.05,0.0,0.42,0.38,0.15,0.1
最近的我，有点迷茫。生活的一切都在推着我前行，却总感觉自己与目标渐行渐远。每一次决定，似乎都在给自己带来更多的困惑。#迷茫# #生活感悟#,0.0,0.15,0.15,0.17,0.64,0.09
每当心情低落时，我就会想起“勇敢做自己”。可是，做到这一点并不容易，但我依然要试着去做。#自我鼓励# #勇敢生活#,0.0,0.1,0.9,0.0,0.14,0.0
这个月过得真快，发生了太多事。有时，我想这所有的事情都会成为过去，成为我故事的一部分。每个选择，都是我生活的一部分。#生活碎片# #自我成长#,0.0,0.0,0.65,0.09,0.28,0.09
听了这首歌，我仿佛看见了过去那个追求梦想的自己。每一段旋律都像是对过去的怀念，而我依然在往前走。分享单曲《信仰》(@网易云音乐),0.0,0.07,0.64,0.24,0.09,0.0
每次听到《爱情转移》，就像是走进了一段回忆。那份温柔的失落，总能让我找回那些遗失的情感。分享单曲《爱情转移》(@网易云音乐),0.05,0.09,0.51,0.31,0.29,0.0
刚开始听这首歌时不明所以，后来反复听了好几遍，终于理解了它的深意。每个歌词都像是生活中某个瞬间的写照。#泡沫# #电影歌曲#,0.0,0.0,0.54,0.4,0.13,0.07
最近我突然理解了“情绪价值”这个词。很多时候，我们的存在，未必只是依靠能力，而更多的是靠我们带给他人的情感支持。#情绪价值# #人际关系#,0.0,0.0,0.29,0.57,0.11,0.06
生活中的不顺，像是每天都在不断挑战我的耐性。每一次我以为自己已经撑不下去时，便会突然明白，坚持也是一种力量。#生活压力# #坚持#,0.0,0.11,0.58,0.14,0.39,0.0
随意点开了一首歌，竟然这么合胃口。那种惊喜感，真的是在平淡生活中最美的发现。分享单曲《瓮》(@网易云音乐),0.0,0.0,0.7,0.07,0.0,0.31
听着这首歌，仿佛被寒风击中了灵魂。每一个音符，都像是在寒冷中寻找温暖。分享单曲《关不上的窗》(@网易云音乐),0.09,0.1,0.34,0.38,0.22,0.0
每次听到他的新歌，我都能感受到那种情感的力量。每个音符都准确地踩到我内心最柔软的地方。#歌曲推荐# #心动#,0.06,0.0,0.9,0.08,0.0,0.0
设计任务一出来，我就开始冥思苦想。最后两天彻夜工作，结果依旧觉得自己做得不够好。也许，永远都不能停下来，才能保持动力。#工作压力# #生活忙碌#,0.05,0.09,0.0,0.1,0.83,0.0
那种静默的等待，像是两个人都在同一个空间，但彼此没有什么交流。时而焦急，时而安静，等着未知的到来。#等待# #情感#,0.0,0.14,0.32,0.23,0.42,0.08
看着以前的工作成果，突然感到自己已经不再有当初的热情。生活真的是一场不断改变自己的旅程，不是吗？#过去# #成长#,0.06,0.0,0.57,0.0,0.43,0.07
听到薛哥的歌，总能让我一下子就陷入情感的漩涡。每一首歌都能带来不同的情感体验，简直太神奇了！分享单曲《意外》(@网易云音乐),0.0,0.16,0.54,0.15,0.0,0.27
生活就像一场马拉松，有时候你需要停下来，给自己一点休息。身体是最好的老师，它告诉你什么时候该停下。#身体健康# #自我关爱#,0.0,0.0,0.84,0.22,0.0,0.0
有时候，我真的觉得自己太容易内耗。说话伤了别人，反倒伤了自己。每一次这样，我都在反省，为什么不能更坦然一些。#自我反思# #内心挣扎#,0.0,0.15,0.0,0.15,0.79,0.0
忙碌的生活让我感到疲惫，但我知道，每一次的努力都离目标更近一步。或许，这就是成长的代价。#成长# #生活压力#,0.0,0.09,0.24,0.17,0.64,0.0
今天摔了一跤，膝盖肿得像个馒头。痛不是最重要的，最重要的是，我再次意识到生活有时候充满了无法预料的小插曲。#生活琐事# #小意外#,0.0,0.2,0.18,0.0,0.73,0.0
那种明明想做的事，却总是因为种种原因拖延。这种感觉，就像是被时间逼迫，却又不知如何做出改变。#拖延症# #生活焦虑#,0.16,0.21,0.0,0.13,0.76,0.0
看着街上的人群，我突然意识到，每个人都在忙碌地过自己的生活，而我也只不过是其中一个匆忙的身影。#社会观察# #生活琐事#,0.09,0.1,0.14,0.36,0.29,0.19
每天的早晨都感觉特别忙碌，然而最让我想要停下来的，是那一刻自己坐在咖啡馆窗边，静静地看着世界。#早晨# #独处时光#,0.09,0.0,0.58,0.1,0.26,0.11
生活中有太多琐事和烦恼，但每当我看到窗外的景色，心情不自觉地就放松了。或许，生活中的美好，就藏在这些细节里。#生活中的美好# #自然#,0.0,0.0,0.87,0.12,0.08,0.12
我曾经很害怕失败，但现在的我已经接受了失败是成功的必经之路。生活就是这样，跌倒了再站起来，继续前行。#失败# #成长#,0.0,0.1,0.94,0.0,0.16,0.0
每当我觉得自己快要撑不下去的时候，我就会想起那些曾经努力的日子。那些经历让我变得更加坚强。#坚持# #自我激励#,0.0,0.07,0.95,0.0,0.14,0.0
一个人的孤独感，有时是无法言喻的，但它带给我的，不只是寂寞，也有成长和反思的空间。#孤独# #自我成长#,0.0,0.13,0.51,0.17,0.38,0.06
最近每天都在加班，尽管有时候累到不想再动弹，但总会给自己一点希望，告诉自己，再坚持一下，明天会更好。#工作压力# #坚持#,0.0,0.12,0.84,0.0,0.17,0.0
每当我感到心情低落时，就会通过音乐来调节自己。每一首歌都是一种情感的释放，让我重新找回内心的力量。#音乐# #情感调节#,0.0,0.0,0.75,0.29,0.13,0.0
听到这首歌，仿佛能感受到自己每一次成长的脚步。过去的经历，成就了今天的我。分享单曲《Angel Baby》(@网易云音乐),0.0,0.0,0.63,0.29,0.07,0.08
每当我觉得自己没有未来时，就会想到那些勇敢走过来的日子。每一步都让我变得更加成熟，也更加坚定。#自我激励# #生活感悟#,0.0,0.0,0.93,0.09,0.09,0.0
一年过去，回头看，感觉自己经历了很多，也学到了很多。也许这就是成长的意义——不断前行，不断改变。#成长# #时间的力量#,0.0,0.0,1.0,0.0,0.0,0.07
看着手里的书，我才明白，人生中的许多答案，其实早已在书页之间。只是我们总是等到迷茫时，才去寻找。#阅读# #生活哲学#,0.0,0.0,0.33,0.4,0.42,0.05
有时候，生活的美好就在于平凡。每天吃着简单的饭菜，做着简单的工作，活得简单而真实。#生活平凡# #心态#,0.0,0.0,0.91,0.11,0.0,0.12
今天看完电影，心情久久不能平静。每个镜头都在提醒我，人生就像一场戏，我们都是其中的演员。#电影# #生活感悟#,0.0,0.0,0.47,0.3,0.38,0.0
每当我走在街头，看到匆忙的行人，我都会觉得，生活从来不会停下来，只有我们在这其中找寻自己的节奏。#生活# #节奏#,0.0,0.0,0.74,0.07,0.16,0.11
听完这首歌，仿佛自己也在这旋律中迷失。音乐的力量真的是无穷无尽，每一首歌都能带给我不同的感动。#音乐# #情感#,0.0,0.0,0.93,0.0,0.09,0.0
生活很忙，压力很大，但有时候我会突然停下来，感受那些小小的幸福。也许，幸福就是这些不起眼的瞬间。#生活中的幸福# #放慢脚步#,0.05,0.05,0.9,0.0,0.05,0.07
每次看到一些人轻松过活，我总是会羡慕。但慢慢地，我明白了，每个人都有自己的难处，只是我们看不见而已。#羡慕# #生活真相#,0.0,0.12,0.69,0.0,0.28,0.11
每次迷茫时，我都会回头看看自己走过的路。那些看似平凡的时光，其实是我最宝贵的财富。#自我反思# #生活感悟#,0.0,0.05,0.8,0.23,0.15,0.0
生活的节奏很快，总是让人觉得没时间停下。我想给自己放个假，去远方看看，找回那份失去的宁静。#旅行# #放松#,0.0,0.07,0.65,0.13,0.33,0.0
每次回家，看到家里一切安好，内心就能安定下来。家的感觉，真的是最温暖的港湾。#家# #温暖#,0.0,0.0,1.0,0.0,0.0,0.0
生活就像是一场旅行，或许不是每一站都美好，但每一站都有值得去的意义。#生活# #旅行#,0.0,0.0,0.87,0.18,0.06,0.12
每次做决定时，都会有点犹豫。但其实，最重要的，是做出决定后，能够全力以赴，不后悔。#决策# #成长#,0.0,0.08,0.81,0.11,0.1,0.07
