posts,angry,fear,happy,neutral,sad,surprise
生活的美丽总是在最平凡的时刻悄然展开。你曾在不经意间忽略了它，但只有安静下来，才能真正看到它的模样。,0.0,0.0,0.82,0.23,0.11,0.0
每一段人际关系都像是一场考验。越是珍惜的人，越是容易伤害。但我依然相信，爱与宽容是治愈一切的良药。,0.0,0.0,0.74,0.19,0.22,0.0
心情不佳时，走一走，看一看，听一听，生活的色彩总在那些不经意的瞬间里悄悄渗透进来。,0.0,0.0,0.69,0.29,0.2,0.0
突然意识到，生活的意义并不在于追逐目标，而是在于每一次转身，每一段旅行中自己心灵的成长。,0.0,0.0,0.77,0.11,0.08,0.09
这一年，总觉得自己在与孤独做斗争。也许，孤独并不完全是坏事，它给了我与自己对话的机会，寻找内心的宁静。,0.0,0.0,0.4,0.27,0.39,0.0
工作繁忙，生活琐碎，但每当停下来，回想起自己做过的每一个决定，才发现，原来这一路走来，我已经收获了无数的成长。,0.0,0.0,0.93,0.0,0.0,0.1
生命中的某些遗憾，可能就是我们迈向成熟的必经之路。每一次失落，都是对未来的铺垫。,0.0,0.0,0.37,0.34,0.52,0.0
很久没感受到那种想要停下脚步、静静享受当下的冲动。也许该给自己留点空间，让心灵放松一下。,0.0,0.0,0.66,0.11,0.27,0.0
有时候，我会觉得自己像一个漫游者，在寻找一个属于自己的地方。不知道何时开始，迷失的心终于找到了栖息之所。,0.0,0.0,0.39,0.12,0.48,0.0
今天的温暖是来自于一杯咖啡。简单的生活，简单的幸福，却充满着深刻的满足感。,0.0,0.0,0.95,0.0,0.0,0.0
曾经以为，只有在外面才会发现自己。但现在我知道，最深的发现其实是在内心深处。,0.0,0.0,0.22,0.16,0.48,0.23
当你在世界的喧嚣中迷失时，试着静下心来，你会发现，答案早就在你心中埋藏。,0.0,0.0,0.42,0.39,0.28,0.05
偶尔也会想，人生究竟是为了什么？走得太急，反而忽视了沿途的风景。也许，生活的意义，正藏在这些细碎的瞬间中。,0.0,0.0,0.22,0.29,0.49,0.15
生活给予的压力，让我开始怀疑自己。但同时，它也让我学会了如何更好地面对挑战。,0.0,0.11,0.57,0.29,0.16,0.0
每一次回首，都会有不同的感受。每一段经历，都在悄悄塑造着一个更加成熟的自己。,0.0,0.0,0.82,0.13,0.07,0.0
有时候，一个人的陪伴，不需要太多语言。只是那份无声的理解，已足够温暖彼此的心。,0.0,0.0,0.86,0.11,0.09,0.0
我总是对一些人过于宽容，忽视了自己内心的声音。学会倾听自己，才能更好地走下去。,0.07,0.0,0.33,0.27,0.47,0.0
人生最难的，莫过于面对自己最深的恐惧。但我知道，只有正视它，才能真正战胜它。,0.0,0.14,0.54,0.22,0.18,0.0
与其追逐别人定义的成功，不如顺从自己内心的声音。真正的自由，是在于做自己。,0.0,0.0,0.63,0.38,0.0,0.0
每一次的挣扎，都是对自己的挑战。也许，我们永远无法避免痛苦，但可以选择以一种更成熟的态度去面对它。,0.0,0.0,0.79,0.18,0.06,0.0
日子总在不经意间流逝，回头看，才发现，原来那些微小的瞬间，早已在心中留下深深的印记。,0.0,0.0,0.36,0.13,0.53,0.12
喜欢那种走在路上的感觉。哪怕是独自一人，也能找到自己的方向。只要心中有光，前方就不会是黑暗。,0.0,0.0,1.0,0.0,0.0,0.0
幸福并不遥远，它可能就在身边。只是，往往我们在追求远方时，忽略了身边最珍贵的风景。,0.0,0.0,0.29,0.3,0.61,0.0
在疲惫的日子里，我常常想，或许停下脚步，给自己一段时间去休息，是最好的选择。,0.0,0.0,0.15,0.26,0.6,0.0
旅行，是一种放松的方式。但更重要的是，它给了我反思的机会，让我重新审视自己。,0.0,0.0,0.79,0.31,0.0,0.0
现在的我，开始学会不去强求一些东西。人生，应该更轻松一些。,0.0,0.0,0.81,0.14,0.0,0.0
看着窗外的雨，心中也不禁生出几分感伤。但也知道，这雨终将停，阳光总会重新洒下。,0.0,0.0,0.2,0.25,0.72,0.0
生活是一场修行，有时我们需要放慢脚步，看看自己走过的路，感受每一个小小的进步。,0.0,0.0,0.77,0.27,0.06,0.0
每一次的成长，都伴随着痛苦。每一次的蜕变，都是一种重生。,0.0,0.0,0.51,0.31,0.37,0.0
爱情或许有时会让人迷失，但更重要的是，学会与自己和解，才能遇见真正的爱。,0.0,0.0,0.8,0.28,0.06,0.0
经历了那么多，依然会想，是否能找到一个人，可以一起走过所有的风景，一起看遍这世间的美好。,0.0,0.0,0.7,0.07,0.26,0.0
每个人的生活都是一幅画，或浓或淡，或艳丽或朴素。我们无法改变它的开始，但可以选择如何绘制它的结局。,0.0,0.0,0.5,0.61,0.08,0.0
曾经以为，长大后就会找到所有问题的答案。但如今我才明白，成长的过程就是不断提问、不断探索。,0.0,0.0,0.49,0.19,0.2,0.14
有些事情，错过了就不再回来。但人生的美好，往往就在那些看似不起眼的瞬间。,0.0,0.0,0.53,0.18,0.44,0.0
想要做一个不受外界干扰的自己，但往往会被社会的期待拉扯。或许，真正的自由就是在这些拉扯中保持自我。,0.0,0.0,0.31,0.48,0.16,0.0
每一个人的生活都不同，但我们总是试图用自己的方式去理解别人。其实，每个人都有自己的故事。,0.0,0.0,0.38,0.53,0.18,0.08
有时，放下并不意味着放弃，而是意味着更好的开始。只有学会放下，才能拥抱新的生活。,0.0,0.0,0.73,0.26,0.0,0.0
看到久违的朋友，心中涌起一股莫名的温暖。人与人之间的连接，真的很奇妙，远远超出我们的想象。,0.0,0.0,0.93,0.0,0.0,0.11
有时候，静下心来，感受身边的一切，你会发现，世界并不像你想象中的那么喧嚣与浮躁。,0.0,0.0,0.48,0.38,0.21,0.0
心理学家说，人类最渴望的并不是成功，而是被理解。我们每个人，都在用自己的方式，渴望被看见。,0.0,0.0,0.54,0.51,0.0,0.0
最近深思，或许每个人的心中，都藏着一个未曾实现的梦想。只是，时间总是悄悄把它们埋藏在了心底。,0.0,0.0,0.0,0.3,0.8,0.0
在这个浮躁的社会里，能够保持一份安静，真的是一种难得的幸福。生活不止眼前的苟且，还有诗和远方。,0.0,0.0,1.0,0.0,0.0,0.0
每当面对困难，我总是提醒自己：“不要急，慢慢来。”只有冷静下来，才能看清楚前方的路。,0.0,0.0,0.69,0.3,0.0,0.0
今天又发现一件小事让我很感动，原来生活中，总是有许多让人温暖的小细节，值得我们珍惜。,0.0,0.0,0.93,0.0,0.0,0.0
看着身边的一切，我终于明白，真正的富有并非物质的积累，而是内心的宁静和满足。,0.0,0.0,0.81,0.15,0.07,0.07
每次做决定时，我总是犹豫不决。也许这就是我与世界的关系，总是想做对的选择，却又害怕失误。,0.0,0.23,0.06,0.16,0.7,0.06
在这个忙碌的世界里，偶尔停下来，看看身边的风景，感受每一份微小的美好，才是最真实的活法。,0.0,0.0,0.91,0.12,0.0,0.0
人生最可贵的，不是成就，而是我们在过程中学到的东西。每一次的挑战，都让我们变得更加坚强。,0.0,0.0,1.0,0.0,0.0,0.0
有时会觉得自己不够勇敢，但也知道，真正的勇气是敢于面对自己内心的恐惧。,0.0,0.2,0.57,0.17,0.19,0.0
生活总是充满了不确定，但也正因如此，它才更有意义。每一次的跌倒，都是为未来的成长铺路。,0.0,0.0,0.93,0.1,0.0,0.0
