posts,angry,fear,happy,neutral,sad,surprise
生活中的每个选择都带着无声的重量，沉默的选择，往往代表了你对过去的告别和对未来的期待。,0.0,0.0,0.2,0.6,0.3,0.0
有时我想，人与人之间的真正交流，是否能打破那层无形的墙？我们都在渴望被理解，却又害怕被看透。,0.0,0.17,0.0,0.25,0.54,0.09
可能很多时候，我们追求的是别人的理解和认同，但终究明白，最重要的，是自己如何看待自己。,0.0,0.0,0.44,0.39,0.19,0.13
不论别人如何评价你，做自己，始终是最不辜负自己的选择。人这一生，最值得尊重的，就是自己的内心。,0.0,0.0,0.79,0.15,0.0,0.0
每个细微的情感变化背后，都是岁月在心灵上留下的痕迹。渐渐学会与自己的过去和解，才有勇气面对未来。,0.0,0.0,0.68,0.24,0.15,0.0
遇到困难时，我总是提醒自己：有时候，你必须放下某些东西，才能真正走向更广阔的天地。,0.0,0.0,0.55,0.28,0.15,0.0
有些人注定只能陪你走一段路，时光改变了彼此的心境，但那些曾经的温暖，依然在内心深处留存。,0.0,0.0,0.6,0.19,0.39,0.0
自己的心情是最难以捉摸的，有时即便身边的世界那么喧嚣，内心依旧会因为一丝微弱的思绪而变得无比平静。,0.0,0.1,0.23,0.31,0.57,0.0
生活中的风景总在不经意间出现，常常是那些小小的瞬间，改变了你看世界的方式。,0.0,0.0,0.25,0.36,0.55,0.1
喜欢看夜空中的星星，静静地思考自己的人生，或许，在这浩瀚的宇宙里，所有的一切都不过是短暂的过客。,0.0,0.0,0.61,0.26,0.3,0.0
心里藏着的忧伤，可能永远不会有人懂，但我知道，只有自己才能治愈自己。,0.0,0.0,0.44,0.12,0.57,0.0
每一次的情感流露，都是一次心灵的宣泄。虽然它可能带来痛苦，但痛苦过后，心会变得更强大。,0.0,0.0,0.86,0.3,0.07,0.0
你是否也曾有过那种无尽的孤独感？却又在孤独中，找到了自己最真实的模样。,0.0,0.0,0.21,0.21,0.69,0.0
每个人都在不同的阶段遇到不同的挑战，但最重要的是，如何从中汲取力量，而非沉沦其中。,0.0,0.0,0.52,0.51,0.0,0.0
人生不过是一场漫长的旅行，而我们每个人都是这段旅程中的行者。沿途的风景，才是最值得珍惜的。,0.0,0.0,0.81,0.19,0.13,0.0
我常常觉得，生活总是充满了不确定性，虽然有时焦虑，却也因此更加珍惜眼前的每一个温暖瞬间。,0.0,0.0,0.8,0.0,0.13,0.0
你总是想知道自己到底能走多远，但其实，能走多远并不重要，重要的是，走的每一步，你是否都在成长。,0.0,0.0,0.57,0.25,0.18,0.07
每一次经历过痛苦后，才更能体会到温柔的珍贵。人总是在不断的碰撞中，找到属于自己的节奏。,0.0,0.0,0.93,0.1,0.06,0.0
对于某些人来说，时间的流逝不只带走了年华，也带走了那些曾经的激情与梦想。但对我来说，时间更是沉淀心灵的过程。,0.0,0.0,0.38,0.5,0.33,0.0
生活有时像一幅画，我们不是画师，却要在这幅画上用心涂抹每一笔，让它变得更美。,0.0,0.0,0.83,0.26,0.0,0.0
喜欢在安静的夜晚思考，或许在深夜的自省中，我能找到自己最真实的答案。,0.0,0.0,0.83,0.14,0.0,0.0
有时，人生的难题并不是要你去解答，而是要你学会放下，学会让它自然过去。,0.0,0.0,0.55,0.43,0.22,0.0
看着自己曾经的选择，不禁想，或许那个时候的我，才是真正的自己。没有束缚，没有羁绊，只有对未来的期待。,0.0,0.0,0.71,0.06,0.14,0.08
一个人的成长，往往是从一颗心开始的。你可以改变很多外在的东西，但内心的坚强，是任何人都无法剥夺的。,0.0,0.0,0.85,0.27,0.0,0.0
生活的美好，常常在于那些微小的细节。你不需要去追求一切完美，只需要学会在不完美中找到属于自己的幸福。,0.0,0.0,0.92,0.16,0.0,0.0
有些路走得太久，便不再觉得辛苦，心中早已学会了忍耐，学会了让自己平和。,0.0,0.0,0.78,0.16,0.24,0.0
和自己和解，才是最重要的。无论过去经历了什么，只要心中有爱，就能够跨越一切障碍。,0.0,0.0,0.84,0.15,0.0,0.0
世界很大，我们每个人的生命都不过是一段短暂的旅程，最重要的是走得开心，走得有意义。,0.0,0.0,0.91,0.13,0.0,0.0
每一个微小的努力，都会在不知不觉中汇聚成巨大的力量。相信自己，你的坚持终将会带来改变。,0.0,0.0,0.86,0.15,0.0,0.0
爱和被爱，总是让人感到温暖。但有时，我更喜欢独自享受那份来自内心的平静与自由。,0.0,0.0,0.91,0.11,0.0,0.0
我常常在深夜想，人生的意义到底是什么？是追求物质，还是寻找内心的安宁？,0.0,0.0,0.0,0.32,0.46,0.23
今天的每一份付出，明天的每一份回报，都是在时间的河流中悄然酝酿的结果。,0.0,0.0,0.7,0.36,0.08,0.0
生活的美好，总在你忽略它的时候悄然到来。或许，放慢脚步，仔细感受这一切，才是最好的选择。,0.0,0.0,0.69,0.22,0.15,0.0
每个人都有自己的故事，有时我们看到的只是表面，真正的心灵，只有自己才知。,0.0,0.0,0.35,0.43,0.39,0.1
每一次的自我反思，都让我更加清晰地知道，未来的我，究竟应该怎样走下去。,0.0,0.0,0.49,0.38,0.16,0.0
今天的努力，也许明天会被忘记，但它们却在无形中积淀成了你生命中最坚固的基石。,0.0,0.0,0.6,0.27,0.34,0.0
看着周围的一切变化，我意识到，只有不断适应，才能在这个世界上找到自己的位置。,0.0,0.0,0.6,0.26,0.14,0.0
今天的痛苦，或许明天会化作成长的动力。每一次的低谷，都是人生的必经之路。,0.0,0.0,0.65,0.25,0.27,0.0
有时候，放下并不代表放弃，而是让心灵重新获得自由，让你找到更适合自己的方向。,0.0,0.0,0.73,0.3,0.06,0.0
走到最后，才发现，最珍贵的东西，往往是那些在漫长岁月中积累的点滴。,0.0,0.0,0.56,0.14,0.42,0.0
每个人心中都有一个不为人知的角落，那里充满了回忆、情感和梦想，是你最真实的部分。,0.0,0.0,0.6,0.38,0.13,0.0
过去的伤痛早已成为记忆，而我们每个人都在用这些记忆，铸造更强大的自己。,0.0,0.0,0.83,0.13,0.15,0.0
生活虽然充满挑战，但每一次克服困难后，我都会发现，自己的内心比以前更加强大。,0.05,0.0,1.0,0.05,0.0,0.0
生活中的每一个决定，都是一场选择。你永远不知道，未来的某个瞬间，你所做的选择将会带来什么样的改变。,0.0,0.0,0.15,0.53,0.28,0.14
有时候，平凡的生活反而更加让人满足，因为它能给你更多的时间去思考，去感受。,0.0,0.0,0.94,0.18,0.0,0.0
每个人的心中都有一片不可触碰的领域，而这片领域，往往是你灵魂的归属。,0.0,0.0,0.23,0.75,0.14,0.0
深夜时分，总觉得自己好像孤独在黑暗中行走，但其实，孤独也是一种无声的陪伴。,0.0,0.06,0.23,0.29,0.6,0.0
或许，真正的幸福并不是拥有一切，而是在平凡的生活中找到属于自己的那份安宁。,0.0,0.0,0.77,0.28,0.0,0.0
只有经历了足够的风雨，才能在阳光下找到最温暖的地方。生活的美好，总是在那些不经意的时刻悄然而至。,0.0,0.0,0.92,0.08,0.0,0.0
有时候，你以为自己已经走到了尽头，但其实，前方正等待着一片全新的天地。,0.0,0.0,0.4,0.27,0.38,0.08
