posts,angry,fear,happy,neutral,sad,surprise
我总是把自己藏在心底的角落里，以为没人会看见，然而那才是我最真实的自我。,0,0,0.25,0.2,0.48,0.13
生活中的每一刻都值得珍惜，哪怕是平凡的日子，也有它独特的美。,0,0,0.97,0.13,0.0,0.0
或许生活最真实的一面，不在于外界的喧嚣，而是在孤独中找到的那份安宁。,0,0,0.71,0.31,0.06,0.0
我常常在深夜想，自己是否过于焦虑未来，而忽略了现在该如何活得更有意义。,0,0,0.0,0.23,0.78,0.11
心里的世界，往往比眼前看到的更复杂。真正的成长，是能理解自己内心的变化。,0,0,0.58,0.42,0.14,0.0
有时候，我在想，是否真的需要改变，或者只是需要更好地接纳自己。,0,0,0.06,0.28,0.67,0.05
这些年来，我渐渐发现，最难的是学会放下，而放下，恰恰是最难得的解脱。,0,0,0.39,0.28,0.38,0.0
当你不再迎合世界，你才会真正成为自己。勇敢地做自己，才是最值得追求的事。,0,0,0.81,0.17,0.0,0.0
每个人都在追求某种东西，但我更在意的是，追求过程中，我是否找到了属于自己的方向。,0,0,0.41,0.4,0.1,0.14
人生的道路上，我们总是在不断地与自己和解，而和解的过程，恰恰是成长的旅程。,0,0,0.51,0.52,0.16,0.0
有时候，我觉得自己太过敏感，但也明白，正是这份敏感让我能感受到更多的美好。,0,0,0.81,0.11,0.09,0.0
每次反思过去，总是能够发现那段曾经最痛苦的时光，竟然成为了最珍贵的经验。,0,0,0.5,0.0,0.42,0.16
人活一世，最重要的，是要学会宽容。宽容自己，宽容他人，才能过得心安理得。,0,0,0.73,0.34,0.07,0.0
我常常在想，我们所经历的一切，最终都会变成记忆，而记忆，才是最真实的财富。,0,0,0.49,0.25,0.36,0.07
很多人在追逐的路上迷失，但我始终相信，找到内心的平静，才是最值得的成就。,0,0,0.89,0.06,0.06,0.0
生活本该是一场深刻的修行，学会在喧嚣中保持内心的安宁，才不负这一生。,0,0,0.82,0.26,0.0,0.0
幸福不是完美无瑕，而是学会在不完美中找寻到满足与平和。,0,0,0.85,0.25,0.0,0.0
每个人都有自己的痛苦和故事，但只有懂得与自己和解，才能真正走得更远。,0,0,0.58,0.37,0.21,0.0
当你放下所有包袱，才能真正感受到生活的轻盈与自由。,0,0,0.73,0.31,0.0,0.0
生活的意义，往往不在于我们得到什么，而在于我们如何去理解与应对所经历的一切。,0,0,0.55,0.61,0.0,0.0
随着时间的推移，我们变得越来越懂得珍惜那些细小的幸福，那些曾经被忽略的温暖。,0,0,0.73,0.14,0.26,0.0
人生最大的幸福，也许就是，能够在这个世界上，找到自己真正的归属。,0,0,0.85,0.15,0.0,0.0
反复思考这些年走过的路，才发现，每一次低谷，都在为我创造更广阔的未来。,0,0,0.85,0.0,0.0,0.05
我发现，最美的风景，往往出现在那些安静的瞬间，心安理得地生活，才是最值得追求的目标。,0,0,0.9,0.09,0.0,0.0
一个人的成长，不是只有快乐的时光，也有那些孤独、痛苦、无奈的时刻，但正是这些时刻，成就了今天的自己。,0,0,0.97,0.0,0.0,0.0
生活有时会很复杂，但当我们停止焦虑，放慢脚步，就会发现，所有的答案都在内心深处。,0,0,0.61,0.32,0.11,0.1
总觉得自己太过于理想化，然而正是这些理想，让我在平凡中找到不平凡的力量。,0,0,0.84,0.12,0.06,0.07
每一段旅程，都是为了让我们遇到更好的自己。哪怕途中有坎坷，那也是走向成熟的必经之路。,0,0,0.94,0.14,0.0,0.0
与人相处的过程中，我学到最多的是如何去包容和理解，而这正是我内心的一部分成长。,0,0,0.78,0.26,0.0,0.05
过往的伤痛，曾经让我迷茫，但它们让我学会了如何更好地珍惜当下。,0,0,0.76,0.09,0.29,0.0
生活的节奏有时太快，偶尔停下来，聆听自己内心的声音，才会发现世界的宁静与美好。,0,0,0.82,0.22,0.09,0.0
只要保持内心的纯净与真实，走过的每一步，都会为自己带来不一样的收获。,0,0,0.93,0.16,0.0,0.0
有时，我们所需要的，只是给自己一点时间，去平复内心的波澜，找回那份失落的平静。,0,0,0.58,0.28,0.27,0.0
成长并非一蹴而就，而是在每一次心灵的碰撞中，积淀下来的一点一滴。,0,0,0.62,0.52,0.0,0.0
生活就像一场马拉松，虽然有时候很疲惫，但只要心中有目标，便能走得更远。,0,0,0.91,0.16,0.0,0.0
每一次的选择，都是人生的一次洗礼。无论结果如何，最重要的是我们是否能够从中学到什么。,0,0,0.57,0.39,0.12,0.0
人生如梦，许多东西是无法强求的，唯有放下，才能找到自己真正的答案。,0,0,0.69,0.22,0.15,0.0
当我们学会放下心中的执念，便能在世界的喧嚣中，找回那份久违的宁静。,0,0,0.71,0.32,0.16,0.0
每一天都是新的开始。无论昨天有多么不尽如人意，今天总有新的机会去改变自己。,0,0,0.99,0.0,0.0,0.0
生活中的点滴美好，往往藏匿在不经意间。学会去发现，才能真正感受到生活的温暖。,0,0,0.9,0.18,0.0,0.0
成熟的标志，是不再去强求任何事物，而是学会适应，学会接纳不完美。,0,0,0.77,0.35,0.0,0.0
每一次成长，都是一次自我蜕变。走出过去的阴霾，迎接未来的阳光。,0,0,0.94,0.15,0.0,0.0
很多时候，我们并不需要更多的东西，只需要学会珍惜和感恩，就足够让生活变得美好。,0,0,0.91,0.15,0.0,0.0
不论生活如何变迁，最重要的是保持一颗善良与平和的心，去面对一切挑战。,0,0,0.81,0.27,0.0,0.0
时间的流逝总会带走一些东西，但它也会留下许多珍贵的回忆和经验。,0,0,0.69,0.36,0.23,0.0
过去的失败并不是终点，它只是一个开始，开始我们更深刻地理解生活的意义。,0,0,0.58,0.51,0.0,0.0
生活的复杂与简单，并不在于事物本身，而在于我们如何选择去看待它们。,0,0,0.24,0.77,0.0,0.11
最深的伤痛，往往源自于无法言说的内心世界。学会倾听自己，才是最好的疗愈。,0,0,0.33,0.32,0.53,0.0
每一个深夜的思考，都让我更清晰地认识自己。或许，这正是成长的必经之路。,0,0,0.73,0.21,0.06,0.0
生活中的每一份安静与美好，都是我们对自己内心的深刻理解与尊重的结果。,0,0,0.79,0.33,0.0,0.0
