posts,angry,fear,happy,neutral,sad,surprise
生活不总是如我们所愿，但有时正是在挫折中，我们学会了如何更坚强地走下去。,0.0,0.0,0.8,0.09,0.14,0.0
我总是渴望理解这个世界，然而，最难的，竟是理解自己。每一次的反思，都让我更加真实。,0.0,0.0,0.65,0.06,0.25,0.0
那些我们无法控制的事，最终都会带来某种意义，也许就是让我们学会接受。,0.0,0.0,0.6,0.33,0.12,0.0
过去的我，总是害怕孤独，但如今，我开始享受与自己独处的时光。或许，最深的连接是与自己。,0.0,0.07,0.55,0.2,0.29,0.0
一个人的心情，真的会因为某个人的笑容而变得温暖。人间的温情，总在最微小的瞬间。,0.0,0.0,0.87,0.15,0.07,0.0
心中总有一个地方，藏着未曾说出的愿望，希望能为这世界带来更多的善意和温暖。,0.0,0.0,0.78,0.09,0.0,0.0
每一次告别，都是对未来的一次期许。也许，告别只是为了遇见更好的自己。,0.0,0.0,0.59,0.28,0.2,0.0
在忙碌的生活中，总是觉得，停下脚步，才更能体会到每一刻的珍贵。,0.0,0.0,0.75,0.1,0.24,0.0
不论未来如何，我依然希望自己能成为那个在黑暗中依然能看到微光的人。,0.0,0.0,0.83,0.1,0.0,0.0
生活有时沉重得让人喘不过气，但也正是这些沉重，让我学会了如何在风雨中依然保持微笑。,0.0,0.0,0.85,0.0,0.18,0.0
有些人和事，看似微不足道，却在我们不经意间改变了我们对世界的看法。,0.0,0.0,0.3,0.42,0.4,0.12
喜欢安静的时光，它能让我有机会倾听内心最真实的声音，感受生活的每一份细腻。,0.0,0.0,0.97,0.12,0.0,0.0
时间悄悄走过，所有的风景都在变，但内心的宁静，似乎始终不曾改变。,0.0,0.0,0.51,0.2,0.33,0.07
每一次的相遇，都是命运的一次安排。无论如何，这段缘分都值得我们珍惜。,0.0,0.0,0.69,0.23,0.2,0.0
生命的意义，也许就是在平凡的日子里，发现那些闪光的瞬间，感受那些温暖的心意。,0.0,0.0,0.85,0.21,0.0,0.0
每个人都在走自己的路，而这条路上，最重要的，是能坚持自己内心的声音。,0.0,0.0,0.71,0.31,0.0,0.0
有时候，我们需要放下过去，才能更好地走向未来。成长，永远不会在舒适区内发生。,0.0,0.0,0.41,0.3,0.28,0.0
你无法控制他人的想法和行为，但你可以选择如何回应。这是成长的智慧，也是生活的艺术。,0.0,0.0,0.83,0.37,0.0,0.0
生活总是充满不确定性，但正是这些不确定，才让我们更勇敢地迎接每一个新的明天。,0.0,0.0,0.9,0.1,0.0,0.0
许多人说，成长的痛苦无法避免，但我相信，痛苦之后，总会有更加美好的风景等着我们。,0.0,0.0,0.86,0.12,0.12,0.0
总有一些时刻，觉得自己仿佛走到了十字路口。但也许，路的尽头就是我们一直在追寻的答案。,0.0,0.0,0.14,0.23,0.65,0.09
生活中的每一次小小失落，都是为了让我们更清楚地认识到，真正重要的是什么。,0.0,0.0,0.42,0.29,0.42,0.0
有时候，放慢步伐，看看身边的人和事，才能真正感受到生活中的温暖与美好。,0.0,0.0,0.92,0.18,0.0,0.0
每个人都在努力地活着，但活得怎样，才是最值得我们思考的问题。生活的质量，来自内心的宁静。,0.0,0.0,0.61,0.43,0.0,0.0
走到今天，才明白，最珍贵的，是那些不言而喻的关怀。它们在岁月中默默滋养着我。,0.0,0.0,0.87,0.0,0.09,0.0
我总是在思考，自己究竟为这个世界做了什么，但也许最重要的，是自己能为自己做什么。,0.0,0.0,0.37,0.29,0.31,0.1
这世上最美好的事，或许就是能在繁忙的日子里，找到属于自己的片刻宁静。,0.0,0.0,0.83,0.12,0.0,0.0
成长不仅仅是年龄的积累，更是经历过风雨之后，依然坚持心中信念的勇气。,0.0,0.0,0.96,0.12,0.0,0.0
在每一个孤独的夜晚，我总是希望有个声音能告诉我，一切都会过去，明天会更好。,0.08,0.06,0.59,0.06,0.32,0.0
与其活在别人的眼光里，不如活出自己真正想要的模样。只有自己，才能决定自己的人生。,0.0,0.0,0.63,0.34,0.0,0.0
生活的真实面貌，往往并不完美。但正是这些不完美，构成了我们最真实的生命体验。,0.0,0.0,0.41,0.59,0.1,0.0
每一次的微笑，都是对生活的宽容。或许，我们唯一能做的，就是用微笑面对每一个挑战。,0.0,0.0,0.87,0.1,0.0,0.0
生活从来都不会等人，但我们依然可以选择，在匆忙中不忘去感受那些值得的瞬间。,0.0,0.0,0.89,0.11,0.0,0.0
过得好与不好，往往取决于自己如何看待每一件事。心境的变化，决定了生活的色彩。,0.0,0.0,0.34,0.66,0.15,0.07
每次遇到困境，我都提醒自己，不要放弃。因为，生活总会给勇敢的人带来意想不到的回报。,0.0,0.0,0.92,0.09,0.0,0.0
成长，就是在跌倒后，学会重新站起来的过程。每一次的失败，都在为下一次的成功铺路。,0.0,0.0,0.87,0.22,0.08,0.0
有些话，只有在深夜才会脱口而出。那些藏在心底的感情，只有在安静的时刻才能流露。,0.0,0.0,0.37,0.39,0.41,0.0
如果说生活是一场戏，那么每一次转身，都是一次新的开始。而我们，都是自己的导演。,0.0,0.0,0.6,0.39,0.13,0.0
生活里最值得的，不是那些一时的辉煌，而是那些静静流淌的平凡日子中的幸福。,0.0,0.0,0.92,0.12,0.05,0.0
曾经的伤痛，成为了今天坚强的根基。无论生活如何变化，我都能在风雨中保持平静。,0.0,0.0,0.89,0.06,0.0,0.0
总有些时刻，觉得自己走得很慢，但也许，正是这份慢，才让我真正感受到生活的深度。,0.0,0.0,0.44,0.27,0.47,0.0
每个人的心里，或多或少都有一个柔软的地方。那是我们最脆弱，也最坚强的部分。,0.0,0.0,0.51,0.41,0.2,0.0
有时候，我们选择的路，并不一定是最容易的，但它会让我们更加坚定地走下去。,0.0,0.0,0.89,0.19,0.0,0.0
生活的意义，不在于别人怎么看，而在于自己如何过。活出自我，才是最好的答案。,0.0,0.0,0.68,0.32,0.0,0.0
每一次的回望，都会发现自己曾走过的路，最终都在指引着我走向更远的未来。,0.0,0.0,0.83,0.11,0.14,0.0
生活是一场修行，最重要的，是在每一次的磨砺中，保持内心的温柔与坚韧。,0.0,0.0,0.8,0.29,0.0,0.0
可能每个人的心里都有一片静谧的海洋，那是属于自己的，任何人都无法触及的地方。,0.0,0.0,0.3,0.48,0.25,0.0
有时候，我们会在无意间迷失自己，但每一次的迷失，都是为了更清楚地找到自己。,0.0,0.0,0.46,0.29,0.38,0.0
每一段经历，都让我们变得更成熟。生活给我们的，往往不仅仅是挑战，还有成长的机会。,0.0,0.0,0.96,0.1,0.0,0.0
当我们真正学会放下时，才会发现，世界依然在运转，而我们，也已经变得更强大。,0.0,0.0,0.79,0.15,0.07,0.0
