posts,angry,fear,happy,neutral,sad,surprise
生活有时就像这雨后的清晨，清新且带着一点沉默的思考，风轻云淡，才发现自己所追求的，早已在身边。,0.0,0.0,0.78,0.07,0.07,0.05
有时候觉得自己像风中的落叶，随风飘荡，但偶尔也会遇到可以栖息的地方。希望自己总能在飘动中找到归属。,0.0,0.0,0.82,0.08,0.11,0.0
看着窗外的月亮，我意识到即使在最黑暗的时刻，也有光亮在等待我们。人生也是如此，困难终会过去，光明必将到来。,0.0,0.0,0.98,0.06,0.0,0.0
最近总是感到莫名的疲惫，是时候给自己一些时间去反思了。生活本该是平静而有力的，不是不断奔波的脚步。,0.0,0.0,0.5,0.15,0.41,0.0
喜欢静静地坐着，听着雨声，看着书。人世间太多纷扰，有时，最好的疗愈就是这种平凡的安静时光。,0.0,0.0,0.93,0.14,0.0,0.0
亲情是最深的情感，它不是一时的温暖，而是长久的陪伴。每次回家，看见父母的眼神，总让我感到自己从未走远。,0.0,0.0,0.67,0.11,0.38,0.0
有时，回忆就像藏在旧书中的一封信。翻开它时，会不小心流泪，但也因此更清晰地理解自己和这个世界。,0.0,0.0,0.74,0.15,0.26,0.0
经历了无数的选择和纠结后，才发现真正重要的其实是内心的平静。那些外界的评价和眼光，终究不能决定我们的方向。,0.0,0.0,0.47,0.33,0.32,0.0
生活中的一些小事，总能带来意外的温暖。比如一杯咖啡、一场电影，或是和朋友的一次简短的聊天，足以让一天变得不同。,0.0,0.0,0.88,0.26,0.0,0.0
也许生活并不需要过多的追求和计划，有时候放慢脚步，去感受身边的一切，才是最能触动心灵的方式。,0.0,0.0,0.82,0.21,0.0,0.0
在这个快节奏的社会中，偶尔静下心来，做一次深呼吸，给自己一点空间，才能真正找到内心的那份平和。,0.0,0.0,0.64,0.39,0.0,0.0
每当感到迷茫时，我会想到以前的自己，那时我以为所有的困惑都无法解答。但现在回头看，所有的难题都变成了成长的一部分。,0.0,0.0,0.21,0.19,0.62,0.0
人生的意义，也许并不在于追求完美，而在于如何接受不完美，并在其中找到自己的节奏和方向。,0.0,0.0,0.66,0.46,0.0,0.0
昨天傍晚，走在路上，看到路灯下的影子，我突然明白，世界上所有的光亮，都是因黑暗而显得更为珍贵。,0.0,0.0,0.7,0.13,0.17,0.0
有时我会想，生活的美好是否在于我们所拥有的，而不是我们所追求的。每一个微小的瞬间，都是我们与世界的连接。,0.0,0.0,0.51,0.24,0.21,0.13
总觉得自己还没有足够成熟，总是在琢磨着如何成为一个更好的人。但其实，也许自己已经足够好，只是没有学会欣赏。,0.0,0.0,0.25,0.13,0.67,0.0
夜晚的星空，总让人有种想要停下来仰望的冲动。那些星星，是不是也在默默诉说着人生的某些秘密呢？,0.07,0.0,0.34,0.24,0.38,0.11
看见朋友们各自忙碌的样子，我不禁思考，是否每个人都在追寻一个理想的自己，而忽略了当下已经足够好。,0.06,0.0,0.09,0.22,0.71,0.11
有时候，我会在街角驻足，盯着一片落叶慢慢飘落。生活就是如此，总有些瞬间会悄然地提醒我们，时间不曾停歇。,0.0,0.0,0.57,0.21,0.31,0.0
明明是人山人海的世界，却总有些时候，我觉得自己像一个独行者。也许每个人内心都有一片属于自己的孤岛。,0.0,0.0,0.0,0.31,0.76,0.0
曾经羡慕过许多人，觉得他们活得那么自信与果断。但随着时间流逝，我开始明白，活得最舒服的人，其实是懂得接纳自己的人。,0.0,0.0,0.82,0.11,0.05,0.0
每个人都在说忙碌，忙碌到忘了停下来看看身边的美好。其实，最珍贵的时光就是那些简单、安静、充满意义的时光。,0.0,0.0,0.83,0.13,0.08,0.0
想到那些年少时的梦想，突然明白，成长的意义并非追寻曾经的方向，而是能在走过的路上发现新的自己。,0.0,0.0,0.83,0.0,0.09,0.0
或许，我们每个人都有一段艰难的路要走，但正是那些艰难时光，让我们变得更加坚强，更加有深度。,0.0,0.0,0.94,0.09,0.05,0.0
看着女儿和我对视时的眼神，我意识到，爱的力量是无形的，却是最能触动心弦的力量。她的眼中，世界如此简单纯净。,0.0,0.0,0.88,0.12,0.0,0.08
曾经迷茫过，曾经不知道自己要什么，但渐渐地，我学会了听从内心的声音，不再让外界的喧嚣打扰。,0.0,0.0,0.79,0.15,0.18,0.0
有时候，我也会感到孤独。但回想起那些曾经给我力量的人和事，我又觉得自己并不孤单。,0.0,0.12,0.29,0.18,0.63,0.0
时间真的会改变很多东西。甚至连我自己，也在悄悄变化。变化不一定坏，或许正是成长的代价。,0.0,0.0,0.37,0.28,0.43,0.0
对未来的期待，是一种温暖的动力。即使有时候感到疲惫，想着明天的阳光，心里还是充满希望。,0.05,0.0,1.0,0.0,0.0,0.0
也许，我并不需要知道未来会怎样，只要今天我可以为自己活得更好，那就足够。,0.0,0.0,0.85,0.08,0.0,0.0
看到别人为了理想不断奋斗，我感到钦佩，但同时我也学会了，不必急于赶超别人，自己的节奏，自己的步伐最重要。,0.0,0.0,0.97,0.0,0.0,0.0
每个清晨的阳光，都是新的开始。昨天的疲惫和挫折都不再重要，今天只需要做好最真实的自己。,0.0,0.0,0.98,0.0,0.0,0.0
有时候我们会陷入自我怀疑，觉得自己不够好。其实，每个人的努力和付出，都是值得尊敬的。,0.0,0.0,0.59,0.26,0.13,0.0
不管生活多忙碌，记得偶尔停下来，看看周围的景色，享受一下那些平凡而美好的时光。,0.0,0.0,0.94,0.15,0.0,0.0
有些事，如果不经历过，你永远不会懂得。生活给我们的每一课，都是为了让我们成为更好的自己。,0.0,0.0,0.77,0.14,0.2,0.0
对待爱与友情，我开始学会不急于追求完美，而是学会珍惜那些真诚的关系，它们才是生命中最值得依赖的力量。,0.0,0.0,0.84,0.14,0.0,0.0
经历了不少波折后，我终于明白，最重要的不是那些外在的成功，而是如何在内心找到平和与满足。,0.0,0.0,0.75,0.21,0.07,0.0
有时候我会反思自己，是否太过于焦虑未来。但渐渐地，我开始学会放手，让自己活在当下，享受每一刻的美好。,0.0,0.0,0.76,0.13,0.1,0.0
生活的意义，不在于达到某个目标，而是在追寻的过程中，学会如何更好地与自己和解。,0.0,0.0,0.68,0.44,0.0,0.0
幸福并不远离我们，它常常藏在生活的点滴之中。只要你用心去感受，就能发现它就在你身边。,0.0,0.0,0.81,0.26,0.0,0.0
看到别人过得很好，我曾经有过嫉妒，但现在我明白，每个人都有自己的节奏，走在自己的路上才是最真实的。,0.0,0.0,0.89,0.0,0.05,0.0
对未来的迷茫，有时会让我感到焦虑。但我知道，只要每天都在努力走出一步，未来的路就会越来越明晰。,0.0,0.07,0.59,0.17,0.16,0.0
生活中有太多复杂的事情，偶尔就需要一段时间安静下来，给自己一些独处的时光，重新理清思绪。,0.0,0.0,0.54,0.43,0.2,0.0
在忙碌的生活中，有时我们忘了停下来，感受一下自己的内心。学会聆听自己，才能更好地走下去。,0.0,0.0,0.59,0.27,0.24,0.0
有时候，自己不敢面对的恐惧，往往只是未曾看清的迷雾。只有勇敢地走过去，才能看到另一片天空。,0.0,0.13,0.49,0.19,0.26,0.0
对我来说，成长的意义，不在于找到完美的答案，而在于学会在迷茫和痛苦中依然坚持前行。,0.0,0.0,0.81,0.22,0.07,0.0
今天读到一句话：“如果你想走得快，就一个人走；如果你想走得远，就一起走。”这让我想起了身边的朋友和家人。,0.0,0.0,0.51,0.25,0.21,0.0
每个人的生命里，都会有一段低谷期。但我相信，只要坚持走下去，黎明总会到来。,0.0,0.0,0.81,0.2,0.0,0.0
有时候，我们并不需要追求太多，只要学会珍惜眼前的人和事，幸福就会悄然而至。,0.0,0.0,0.89,0.19,0.0,0.0
生命中的每一次转折，都是一次重新认识自己的机会。你永远不知道，下一个转角会带来怎样的惊喜。,0.0,0.0,0.61,0.23,0.17,0.1
