posts,angry,fear,happy,neutral,sad,surprise
今天终于下了几滴雨，空气一下子清新了好多。南方的湿气就是不饶人，不过总算可以呼吸一口清新的空气了。🌧️🍃 #湿气重 #空气清新,0.0,0.0,0.77,0.06,0.12,0.0
最近迷上了收集不同种类的香水，每次闻到新的香气，都感觉像是发现了一个新的自我。每一瓶香水都承载着不同的情绪和回忆。🌸💫 #香水控,0.0,0.0,0.77,0.16,0.06,0.09
看了一部纪录片，讲述了西藏的自然风光和人文历史。觉得自己好像也在旅行，心灵被那些风景深深触动。旅行带给我的，不仅是美景，还有深刻的内心触动。🏞️ #旅行 #心灵之旅,0.0,0.05,0.81,0.13,0.0,0.11
这些天在整理旧物，发现了很多久违的照片。每一张照片背后都有一个故事，它们让我感到自己的成长与变化。回头看，才发现自己有过那么多精彩的瞬间。📸 #回忆 #成长,0.0,0.06,0.89,0.0,0.16,0.05
今天泡了薄荷茶，觉得清爽又提神。薄荷的清香，仿佛可以洗净一天的疲惫，让自己重新焕发活力。🍃🍵 #薄荷茶 #提神,0.0,0.0,0.8,0.31,0.17,0.0
这几天看了些老电影，突然觉得那些经典的情节和画面，总是能给人一种久违的感动。电影的魔力，真的无可替代。🎬 #经典电影 #感动,0.0,0.07,0.95,0.0,0.07,0.07
听到一句话：“旅行的意义不在于目的地，而在于沿途的风景和心情。”我觉得这句话很有道理，旅行不仅是去看风景，更是心灵的洗礼。🌍 #旅行的意义,0.0,0.0,0.67,0.34,0.0,0.08
有时候，生活中的一些小事，竟然能带给我意想不到的满足感。今天整理书架时，找到了一本心爱的书，那种久违的喜悦，真是很难形容。📚 #生活的小确幸,0.0,0.0,0.96,0.0,0.0,0.15
今天看到一句话：“真正的勇气，是在恐惧面前依然前行。”有时，我们的成长，就是不断面对和克服内心的恐惧。#勇气 #成长,0.0,0.16,0.81,0.19,0.0,0.0
最近在想，生活中的每一份平静，都是一种奢侈。特别是在忙碌的日子里，能找到一份安静的时光，真的很珍贵。🧘‍♀️ #内心的平静,0.0,0.0,0.82,0.1,0.1,0.0
今天去公园走了一圈，空气清新，心情也变得很好。自然的力量真的是不可忽视的，走在大自然中，心灵会得到很大的抚慰。🌳 #自然的力量,0.0,0.0,1.0,0.0,0.0,0.0
偶尔会觉得，人生就像是一场漫长的旅行，虽然疲惫，但每一步走得都很值得。走过的路，才是我们最珍贵的财富。🚶‍♀️ #人生的旅行,0.0,0.0,0.94,0.05,0.09,0.0
一直在想，我们这一生，会遇到很多人和事，有些留下深刻的印记，有些则只是匆匆过客。真正能陪伴我们的，是那些始终如一的人。👫 #友情 #人生,0.0,0.0,0.76,0.12,0.16,0.0
今天看到一些新闻，突然想起以前的自己，那时候总是追求着外界的认可，渐渐地明白了，真正的成长，是学会接纳自己。#自我接纳 #成长,0.0,0.05,0.73,0.14,0.13,0.0
每天早晨，坐在窗边喝着咖啡，听着窗外的鸟鸣，心情都会变得格外放松。生活中，最美的时光，往往是在最简单的瞬间。☕🐦 #日常 #简单的幸福,0.0,0.0,0.92,0.06,0.0,0.07
最近迷上了纪录片，尤其是那些讲述自然和人文的故事。它们让我更加热爱这个世界，也让我学会从不同的角度看待生活。🌍🎥 #纪录片 #生活的深度,0.0,0.0,0.76,0.22,0.07,0.0
想起小时候，总是觉得未来的自己一定很完美，随着时间的流逝，我才发现，完美并不存在，接受不完美的自己，才是真正的成熟。#自我成长,0.0,0.0,0.8,0.07,0.11,0.06
有时候，最好的放松，不是逃避，而是接受和面对那些让你感到不安的情绪。接受自己的脆弱，才是真正的强大。💪 #面对不安,0.0,0.06,0.72,0.26,0.09,0.0
我常常在想，真正的自由并不是做自己想做的事，而是心灵上的自由，不被外界的束缚所影响。#内心的自由 #心灵,0.0,0.0,0.58,0.37,0.0,0.08
今天看到一则新闻，说有个地方的景点不允许游客打扰当地的动物们。突然意识到，生活中，我们也该学会尊重那些在我们眼前匆匆而过的生命。🐾 #生命尊重,0.1,0.0,0.47,0.17,0.11,0.13
最近在家整理一些小物件，发现了很多久违的小东西。它们每一件都承载着过去的记忆，偶尔翻看，真是温暖心底。#回忆 #小物件,0.05,0.0,0.88,0.0,0.16,0.08
生活中，总会有一些不如意的时候，但每次想通了，心情就会不自觉地变好。毕竟，任何困境都会过去。#生活的挑战 #向前看,0.0,0.07,0.89,0.06,0.0,0.0
最近开始尝试自己做菜，虽然每次都弄得很乱，但每次完成后都特别有成就感。慢慢享受自己做的美食，真是别有一番风味。🍽️ #自制美食,0.09,0.0,0.93,0.07,0.12,0.0
我喜欢那些能够触动内心深处的诗歌，它们让我重新感受到生活的温度。也许，真正的美，藏在这些平凡的文字中。📖 #诗歌 #内心的触动,0.0,0.0,0.85,0.15,0.0,0.05
最近有点忙，忙得有些忘记自己了。每次停下来，喝口水，深呼吸，才发现，生活的意义其实就是活在当下。#活在当下,0.0,0.0,0.57,0.16,0.24,0.11
生活中的小确幸，可能是一杯好茶，也可能是一句温暖的话语。那些微小的幸福，往往最能抚慰疲惫的心灵。🍵 #幸福,0.06,0.0,0.91,0.0,0.07,0.0
昨天去看了一场话剧，演员的表演真的太震撼了。那种通过语言和动作传递出来的情感，让我想起了生活中的许多不言而喻的瞬间。🎭 #话剧 #感动,0.0,0.13,0.84,0.0,0.0,0.08
有时候，我会怀疑自己，是否做得够好。但每次回头看，才发现，自己已经走了那么远。#自我怀疑 #成长,0.0,0.21,0.09,0.15,0.68,0.07
最近读到一篇文章，提到人生的意义不仅在于做什么，而是做事时的态度。做自己热爱的事，才是真正的生活。#生活的态度,0.0,0.0,0.62,0.39,0.0,0.07
生活中的一切，都是经历。无论顺境还是逆境，最终都会成为我们的宝贵财富。#生活经历,0.0,0.0,0.73,0.34,0.0,0.0
有时候，我们总是期待未来的美好，却忽视了眼前的幸福。生活中的美好，往往就在我们身边。#当下的美好,0.0,0.0,0.72,0.14,0.19,0.12
最近学会了用冥想来放松自己，真的很神奇，每次冥想后，整个人的心情都能瞬间得到平静。🧘‍♀️ #冥想 #放松,0.0,0.08,0.75,0.17,0.0,0.15
刚刚整理了一下书架，发现已经有好多本书等着我去阅读。每天都能发现新奇的世界，这就是阅读的魅力吧。📚 #阅读的魅力,0.0,0.0,0.93,0.05,0.0,0.1
今天和朋友聊了很多关于人生的看法，突然发现，原来每个人的思维方式和生活经历都能给我带来新的启发。#人生的思考,0.0,0.0,0.53,0.31,0.0,0.23
生活中的温暖，不仅来自亲人朋友，还来自那些不经意间的善意。那些微小的善意，让世界变得更加美好。#善意 #世界,0.0,0.0,0.96,0.08,0.0,0.0
今天去走了一趟乡村，发现这里的景色真的很迷人。没有都市的喧嚣，只有自然的宁静和美好。🌾 #乡村 #自然,0.0,0.0,0.8,0.24,0.11,0.05
看着窗外的风景，突然意识到，生活中的美好并不一定要去远方寻找，有时候，它就在眼前。#生活的美好,0.0,0.0,0.9,0.0,0.0,0.11
有些人喜欢把心事压在心底，但我觉得，与其压抑自己，不如勇敢地说出来。#勇敢 #表达自己,0.0,0.06,0.63,0.28,0.09,0.0
生活需要一点仪式感。无论是吃一顿美好的晚餐，还是喝一杯好茶，都能让生活变得更加有意义。🍷 #生活的仪式感,0.0,0.0,0.81,0.27,0.0,0.0
最近一直在思考，真正的自由是不是能够从心底找到安宁。不再为外界的评价和压力所动摇。#自由 #内心安宁,0.0,0.08,0.53,0.34,0.08,0.0
突然发现，自己喜欢那些简单而真实的日常时光。看似平凡，却充满了温馨和幸福。#简单的幸福,0.0,0.0,0.94,0.0,0.0,0.09
每次看到自己做的手工艺品，都会感到无比的满足。做事情的过程，带来的不仅是成果，还有满满的成就感。#手工艺术,0.0,0.0,0.91,0.09,0.0,0.0
生活中，有时真的需要一段安静的时光，去和自己对话，去反思，去重新找回自己。#内心的安静,0.0,0.0,0.72,0.28,0.09,0.0
最近和朋友们分享了很多关于梦想的故事，突然明白，追寻梦想的路上，最重要的是坚持和勇气。#梦想,0.0,0.0,0.74,0.11,0.0,0.0
有时候，我会想，生活中的每一个选择，都是一种责任。面对选择时，最重要的是勇敢和智慧。#人生选择,0.0,0.0,0.58,0.29,0.12,0.0
每天都在忙碌的工作中穿梭，但每次下班后，我都会找一个宁静的角落，让自己放松一下。#生活的节奏,0.0,0.0,0.69,0.16,0.08,0.1
最近在忙碌中感到有些疲惫，开始意识到，生活的美好其实并不在于做得多，而在于做得好。#生活的平衡,0.0,0.0,0.63,0.22,0.12,0.06
看着窗外的夕阳，觉得今天的一切都那么美好。生活中的很多美好瞬间，其实就在我们眼前。#夕阳 #美好,0.09,0.0,1.0,0.0,0.0,0.07
最近总是感觉时间过得特别快，突然意识到，生活中最珍贵的就是当下。#珍惜当下,0.0,0.0,0.73,0.13,0.17,0.06
今天学到了一个新的哲理：“人生并非只是为了寻找答案，而是享受过程。”#人生的意义,0.0,0.0,0.65,0.41,0.0,0.0
