posts,angry,fear,happy,neutral,sad,surprise
最近我的健康状况不太好，连续几天低烧，整个人昏昏沉沉的。连最喜欢的事都提不起劲，想把所有的病痛都赶走，恢复活力真的不容易啊。#健康第一,0.0,0.18,0.5,0.0,0.4,0.0
突然意识到，我对一些小事的执着，有时比对大事的坚持还要深刻。比如那块还没整理的桌子，感觉它代表了我生活中的一些无形压力。#小事中的思考,0.08,0.06,0.29,0.28,0.3,0.06
在家这几天，开始尝试做一些小手工，哪怕做的是些简单的拼图。做完的瞬间，心里的那种满足感让我想起了小时候的纯粹和简单。#简单的幸福,0.0,0.0,0.9,0.0,0.0,0.06
忽然想起这两年经历的种种，曾经以为那些生活的难关是过不去的。现在回头看，才发现原来每一段痛苦的经历，都是通往成长的必经之路。#成长的力量,0.0,0.0,0.72,0.05,0.2,0.0
说好的春天什么时候到呢？外面阴雨连绵，湿气沉沉的，气温也像要消失一样。感觉连我的心情都被这天气影响了。#春天在哪里,0.19,0.06,0.0,0.08,0.67,0.1
今天吃了一个超好吃的柠檬蛋糕，竟然让我想起了小时候在家里吃的那种酸甜味。食物真的是最能唤起记忆的东西。#美食与回忆,0.0,0.0,0.83,0.0,0.0,0.16
看了一部老电影，突然觉得，真正的浪漫并不是轰轰烈烈，而是两个人平静的陪伴。偶尔静下心来，感受那份简单的温暖，也是一种美好。#浪漫的真谛,0.0,0.0,0.94,0.0,0.0,0.07
看着窗外的天空，心里忍不住感慨：人真是渺小，所有的烦恼和困惑，似乎在浩瀚的星空面前都变得微不足道了。#宇宙的宽广,0.08,0.0,0.58,0.0,0.28,0.09
最近总是感到自己迷失了方向，仿佛一切都变得那么不真实。是时候停下来，重新审视自己的生活，给自己找回那个曾经清晰的目标。#人生的迷茫,0.0,0.12,0.16,0.14,0.7,0.0
一直以为自己做得很好，但其实生活的每个细节都藏着自我怀疑的影子。每次回头看，才发现自己错过了那么多重要的东西。#反思,0.0,0.06,0.17,0.1,0.68,0.06
最近越来越喜欢在安静的夜晚，和自己静静对话。生活在快节奏的社会中，难得有机会好好倾听自己的心声。#夜晚的独处,0.06,0.0,0.75,0.14,0.11,0.0
每当心情低落时，总会想起那些曾经给予我鼓励和支持的人。无论我们身处何地，那些温暖的言语和关心，始终能为我带来力量。#感恩,0.0,0.0,0.95,0.0,0.0,0.0
最近在整理旧物时，找到了一封很久以前写给自己的信。读着信里的话语，竟然会不自觉地笑出声。原来我一直都在努力前行，只是没发现。#过去的自己,0.1,0.0,0.48,0.0,0.29,0.23
生活真的是一场不断与自己对话的过程。有时想做些改变，改变自己的思维方式、生活态度，但总是会被现实拉回原点。#自我探索,0.0,0.0,0.41,0.3,0.27,0.0
有时候，想要逃避所有的责任，找一个安静的角落好好休息。但又意识到，逃避解决不了问题，唯有面对，才能真正放下。#面对生活,0.0,0.05,0.3,0.24,0.42,0.06
看了一本书，里面讲到“如何学会放下”。每个人都在不断积累，不断向前，但偶尔也该学会放下不再适合的东西。#放下的艺术,0.0,0.0,0.45,0.46,0.11,0.07
今天感觉特别疲惫，试图用一些小小的仪式感来调节心情。喝了一杯自己泡的茶，窗外阳光透过树叶洒进来，这一刻很美好。#治愈,0.06,0.0,0.89,0.0,0.06,0.0
走在街上，忽然被一阵清新的花香吸引。生活中，真是充满了许多被忽略的小美好，它们就在我们的身边，只是我们没停下来去感受。#小确幸,0.0,0.0,0.9,0.0,0.0,0.1
最近思考了很多关于“选择”的话题。每个选择都会带来不同的结果，而这些选择的背后，又总是充满了不确定和遗憾。#选择与遗憾,0.0,0.06,0.07,0.43,0.38,0.11
生活总是充满着不期而遇的美好，也有一些难以言说的困惑。有时，最好的选择是放慢脚步，给自己时间去理解一切。#生活的节奏,0.0,0.0,0.68,0.14,0.07,0.07
我爱这一季的温暖阳光，也爱这些微风拂面的日子。虽然偶尔感到疲惫，但生活的点滴美好，足以让我继续前行。#温暖的季节,0.0,0.0,1.0,0.0,0.0,0.0
一场旅行，可能并不在远方，真正的旅行是回到自己的内心，重新认识自己，找到那个最初的自己。#心灵的旅行,0.0,0.0,0.75,0.23,0.07,0.07
每次看见满天星斗，都会想，如果生活能像这些星星一样简单明亮该有多好。生活中的复杂与难题，似乎都不值一提。#星空,0.09,0.0,0.48,0.22,0.26,0.0
我有时会想，是否我们都活在自己的小世界里？每个人都有自己独特的角度和思维方式，似乎有时候难以理解他人的世界。#人与人之间,0.0,0.0,0.05,0.49,0.31,0.19
最近想要改变一些东西，想要重新审视自己的一切。人生是一个不断改变的过程，但最难的，是勇于面对和接受那些改变。#自我革新,0.0,0.07,0.68,0.22,0.0,0.0
看着窗外的夜空，忽然感到无比的平静。那份安宁，只有在这样的夜晚才会真正涌现出来。#夜晚的宁静,0.0,0.0,0.63,0.26,0.1,0.07
有时候觉得自己很矛盾，想要安静，又不想错过任何事。可能真正的平衡，是找到内心的安宁，不再让外界左右自己。#内心的平衡,0.0,0.0,0.44,0.32,0.22,0.08
最近读了一篇文章，提到“生活的美好并非一成不变，而是在变化中找到自己的节奏。”这句话让我陷入了沉思，原来生活也可以如此流动。#生活的哲理,0.0,0.0,0.55,0.32,0.06,0.14
每次遇到不如意的事情，我都会想起一句话：“一切都会过去。”无论多么艰难，终究会有一片明天在等待。#人生的坚持,0.0,0.07,0.86,0.09,0.0,0.0
终于决定做自己想做的事了，放下那些犹豫和担忧，去追寻属于自己的梦想。相信自己，未来会更好。#勇敢追梦,0.0,0.08,0.94,0.0,0.0,0.0
看过的电影里，总有那么几部能深深触动内心。它们给了我很多思考，也让我重新审视自己的生活和选择。#电影与人生,0.0,0.0,0.63,0.26,0.14,0.05
每一次的挑战和经历，都是对自我的一种磨练。有时候，我们需要在困境中找到自己的力量，而这种力量，往往来自内心。#内心的力量,0.0,0.0,0.66,0.41,0.0,0.0
今天走在路上，听着耳机里的歌，突然觉得，生活的意义就藏在这些平凡的瞬间里。无论是繁忙的街道，还是静静的午后。#生活的片段,0.0,0.0,0.68,0.16,0.11,0.13
看见别人那么努力，我才意识到自己有多么懒散。生活总是充满了对比，看到不同人的努力，我也应该更加努力，去追寻自己的目标。#人生的动力,0.0,0.0,0.89,0.0,0.0,0.0
总是想着未来会更好，但也偶尔想起过去的自己，觉得那个曾经的自己也很勇敢。每一个阶段的自己，都值得被珍惜。#过去的自己,0.0,0.08,0.83,0.0,0.13,0.0
每当心情不好的时候，总会想起那句：“风雨过后总会有彩虹。”有时生活给我们带来的挑战，正是为了让我们看到更美好的未来。#生活的挑战,0.0,0.0,0.67,0.19,0.07,0.0
最近喜欢上了散步，走在公园里，听着周围的声音，感觉自己也变得更安静了。也许生活中的小静谧，正是我们需要的。#散步,0.0,0.0,0.81,0.21,0.07,0.0
看着窗外的风景，突然想到，其实人生也像这片天空，时而阴霾，时而晴朗。重要的是，不论天气如何，我们依旧前行。#人生的风景,0.0,0.0,0.88,0.0,0.0,0.06
最近迷上了绘画，虽然技艺还不精湛，但每次画一幅画，心里就会有一种无法言喻的满足感。也许，生活的美好就是在这种简单的创造中。#绘画,0.0,0.0,0.82,0.1,0.0,0.08
最近的天气真是多变，仿佛在考验我的心态。有时候，我们的生活也像这样，时好时坏，但最重要的是保持一颗平静的心。#生活的起伏,0.0,0.0,0.5,0.23,0.23,0.0
总觉得自己有很多的梦要追逐，却总是拖延。每次看到那些早早开始努力的人，才意识到，时间真的是有限的。#时间的宝贵,0.0,0.0,0.48,0.0,0.51,0.0
看着天边的晚霞，想起了一句话：“最美的风景，总在转身后。”每一个阶段的美好，都在等待着我们去发现。#晚霞,0.0,0.0,0.75,0.14,0.09,0.0
最近在重新整理自己的生活，给自己一些清晰的目标。每一步都在走向更好的自己，相信自己，未来一定会更好。#生活目标,0.0,0.0,0.8,0.15,0.0,0.0
看了一本书，书中的一句话让我印象深刻：“人生没有捷径，只有一步步走出来的路。”这句话让我重新审视自己的选择。#人生的道路,0.0,0.0,0.59,0.34,0.09,0.0
最近特别想去旅行，去看看那些自己一直想去的地方。旅行，不仅仅是去看世界，更是去发现更好的自己。#旅行的意义,0.0,0.0,0.79,0.17,0.0,0.0
最近总是感到不安，仿佛生活中的某些事情都不在掌控之中。也许，真正的力量，不在于控制一切，而在于面对一切。#生活的不安,0.0,0.17,0.1,0.19,0.55,0.09
每次走进书店，都会被那些书的香气吸引。书籍不仅是知识的源泉，也是心灵的慰藉。#书店,0.0,0.0,0.64,0.39,0.1,0.0
今天看到一篇文章，说“生命中最重要的不是我们拥有多少，而是我们如何对待拥有的一切。”这句话让我深思。#生命的意义,0.0,0.0,0.47,0.44,0.1,0.05
生活总是充满着不期而遇的惊喜，今天突然收到一封来自旧友的信，心里暖暖的。也许，真正的幸福就在于这些小小的惊喜中。#旧友,0.09,0.0,0.9,0.0,0.0,0.1
看着窗外的落叶，忽然觉得，人生的某些阶段就像这片叶子，落了就落了，不必执着。#人生的流转,0.0,0.0,0.49,0.24,0.34,0.0
