posts,angry,fear,happy,neutral,sad,surprise
最近每天都在忙碌中度过，连自己内心的声音都快听不见了。偶尔停下来想一想，才发现，生活并不只是为了追赶时间，更是为了找到属于自己的那份宁静。#内心的平静,0.0,0.0,0.64,0.15,0.2,0.06
有时候，觉得生活就是在不断的变与不变之间游走。那些熟悉的节奏，有时候会让人感到安心，而有时候却又是束缚。#生活的反思,0.0,0.05,0.17,0.31,0.48,0.0
最近看了一些关于人际关系的书，才意识到，真正的连接并不是相互依赖，而是两个人在独立中找到共鸣。这种理解让我豁然开朗。#人际关系,0.0,0.0,0.52,0.41,0.0,0.08
当你觉得心情低落时，试着去感受身边的小美好。比如晨光中的一缕阳光，或者街角的小花店。生活的美好，往往就在这些微小的瞬间。#心灵的慰藉,0.06,0.0,0.79,0.23,0.09,0.0
今天的天气突然变得清新，空气中的每一丝风都带着春天的味道。这种天气真的让人心情变得轻松，仿佛一切都可以重新开始。#春天的气息,0.05,0.0,0.88,0.08,0.0,0.07
最近一直在思考，“忙碌”这个词背后到底隐藏了什么。忙碌可能让我们忽略了内心的感受，但也正是忙碌让我们不断前进。#思考忙碌,0.0,0.08,0.32,0.34,0.19,0.19
看着窗外的落叶，忽然意识到，每个人的生命就像这片叶子，经历了风雨，也终将归于土壤。但过程中的每一次闪光，都是生命的意义。#生命的意义,0.0,0.0,0.69,0.15,0.05,0.12
有时候，生活的压力让人喘不过气来，仿佛所有的事情都堆积在一起。可是，偶尔停下脚步，给自己一点时间，重新整理思绪，一切都能变得清晰。#压力与释放,0.0,0.0,0.55,0.2,0.24,0.0
今天突然有种想逃离一切的冲动，想远离所有的喧嚣和纷扰。但又意识到，真正的逃避，并不会带来解脱。只有面对，才能找到出路。#逃避与面对,0.0,0.1,0.3,0.22,0.4,0.06
总是会想，为什么我们总是在忙碌中忽略了生活的细节。其实，每一次微小的瞬间，都是我们生活中的重要部分。#细节中的幸福,0.0,0.0,0.7,0.15,0.16,0.15
今天看了一部电影，结尾让人久久不能忘怀。或许，生活中的一些选择，正像电影中的剧情一样，意料之外，却又充满了深意。#电影与人生,0.0,0.0,0.54,0.26,0.19,0.06
很久没停下来好好反思自己了。生活中的一些小习惯，竟然悄悄地改变了我的心态。或许，改变从每一个小细节开始。#反思与改变,0.0,0.0,0.54,0.13,0.24,0.19
有时候，我会怀疑自己走的路是不是对的。但又想到，每个人都有自己的节奏，或许，只要不停止前进，就不算迷失。#迷失与坚持,0.0,0.07,0.36,0.17,0.33,0.12
看着身边的人一个个忙碌而充实，我反而开始怀疑自己是不是有些停滞不前。但后来我意识到，每个人的节奏都不同，不必急于求成。#自我节奏,0.0,0.07,0.42,0.26,0.15,0.13
今天和朋友聊起未来的规划，才意识到我们常常把自己逼得太紧。未来虽然重要，但当下的感受也同样值得珍惜。#未来与当下,0.0,0.0,0.63,0.2,0.17,0.06
最近一直在寻找灵感，发现自己已经好久没有静下心来写字了。也许，写作不仅仅是表达自己，也是与自己心灵的对话。#写作与灵感,0.0,0.0,0.44,0.35,0.26,0.09
每次面对生活的挑战，我总会想起那句话：“人生并非一场竞赛，而是一场旅程。”或许，我们都应该学会在旅途中找到自己的节奏。#人生的旅程,0.0,0.0,0.68,0.23,0.07,0.0
今天和家人一起吃饭，聊起了小时候的趣事。原来，那些简单的快乐，才是生活中最真实的幸福。#家庭的温暖,0.0,0.0,0.92,0.07,0.0,0.12
最近有点迷茫，不知道自己该做些什么。或许，偶尔的迷茫是给自己喘息的空间，让自己找到新的方向。#迷茫与自我发现,0.0,0.11,0.28,0.3,0.31,0.12
每当我觉得生活有些沉重时，我会去看看星星。它们静静地挂在天空，给人一种莫名的安慰。生活也许就是如此，静静等待一份温暖。#星空的宁静,0.0,0.0,0.86,0.13,0.05,0.0
看着手机里的照片，忽然意识到，很多珍贵的瞬间，都是在不经意间捕捉到的。或许，生活中的美好，从来不是刻意寻求的。#不经意的美好,0.0,0.0,0.79,0.0,0.13,0.13
今天做了一件小事，居然带来了意想不到的效果。或许，生活就是由这些小事组成的，每个微小的决定都可能改变整个局面。#微小的决定,0.07,0.0,0.35,0.17,0.1,0.41
最近总是觉得自己被生活的琐事压得喘不过气来。偶尔提醒自己，别忘了呼吸，放慢节奏，一切都会变得更好。#放慢节奏,0.0,0.0,0.5,0.22,0.25,0.0
每次走在街上，看着周围的人群，都会想，他们的生活是怎样的呢？每个人都在自己的世界里忙碌着，我们都是这座城市的一部分。#人群中的思考,0.08,0.0,0.32,0.38,0.16,0.21
今天终于完成了一项拖延已久的工作。虽然很累，但那种完成后的满足感真好。或许，做事的动力不在于开始，而在于坚持到最后。#工作与满足,0.0,0.0,0.98,0.0,0.0,0.0
最近一直在想，生活的意义到底是什么。每个人的答案或许不同，但我觉得，活得真实、活得自由，才是最重要的。#生活的意义,0.0,0.0,0.58,0.25,0.06,0.16
早晨的第一缕阳光总是让我心情愉悦。生活中，也许很多美好的事物都像这缕阳光一样，悄悄地照进我们的世界。#晨光与心情,0.0,0.0,0.87,0.13,0.0,0.0
每当心情低落时，我会去听一些老歌。它们就像是心灵的慰藉，让我在纷繁的世界中找到一份平静。#音乐与心灵,0.0,0.0,0.72,0.3,0.1,0.0
最近的天气真是让人不舒服。湿气重，空气中弥漫着一种压抑的气息。或许，生活中的不如意就像这些天气一样，总是让人感到不安。#天气与心情,0.11,0.17,0.0,0.21,0.5,0.0
看到有人问：“如何找到自己的目标？”我想，目标并不总是在远方，它可能就隐藏在我们每天做的那些小事中。#目标与生活,0.0,0.0,0.24,0.56,0.0,0.17
每次回想起过去的时光，都会觉得自己走过了一段不容易的路。或许，所有的辛苦都值得，因为它们成就了今天的自己。#回忆与成长,0.0,0.0,0.75,0.06,0.21,0.0
今天在路上看见一对老夫妻，手牵手走在一起。那一刻，我突然觉得，爱不一定是轰轰烈烈，更多的是默默陪伴。#爱情的力量,0.0,0.0,0.9,0.0,0.07,0.07
最近总是在思考“时间”这个话题。时间真的是最公平的东西，它不会因为任何人而停下脚步。#时间的流逝,0.0,0.0,0.32,0.32,0.22,0.07
每个人都在寻找自己的方向。有时迷失了，就停下来，看看身边的风景，或许答案就在不远处。#寻找与迷茫,0.0,0.06,0.22,0.33,0.49,0.0
最近迷上了摄影，每次拍照都像是在捕捉瞬间的美好。生活就是这样，总是藏着无数的美好，只待我们去发现。#摄影与美好,0.0,0.0,0.91,0.08,0.0,0.09
每当心里有些不安时，我总会去看看那些自然景象。大自然的力量，总能给我带来一种莫名的安慰。#大自然的力量,0.0,0.1,0.8,0.1,0.09,0.0
今天看到一句话：“真正的勇气是接受生活中的不完美。”或许，我们每个人都在寻找那个完美的自己，但有时候，接受不完美更能让我们活得自在。#勇气与生活,0.0,0.0,0.78,0.18,0.0,0.0
最近在重新整理生活，发现有些东西真的不再需要。或许，生活的简单才是最好的方式。#生活的整理,0.06,0.0,0.48,0.21,0.32,0.05
最近遇到一些困难，但也因此发现了自己的坚韧。每个人都有脆弱的时候，但更多的是在困境中找到力量。#困难与坚韧,0.0,0.08,0.8,0.13,0.11,0.0
今天走在路上，突然看见一个小孩子在玩耍。那一刻，我觉得自己好像也回到了无忧无虑的童年。#童年的回忆,0.0,0.0,0.8,0.0,0.1,0.14
生活中的很多美好，往往在我们最不经意的时候出现。那时，我们可能正为某些事烦恼，却忽略了身边的风景。#不经意的美好,0.0,0.0,0.61,0.18,0.29,0.14
有时候，生活需要一些犹豫和迟疑。做决定并不总是那么容易，但它也可以是成长的一部分。#做决定,0.0,0.05,0.56,0.42,0.11,0.07
每次走在公园里，都能感受到一种宁静的力量。大自然是最好的疗愈师，它能让我们的内心平静下来。#公园与宁静,0.0,0.0,0.73,0.36,0.0,0.0
最近在看一部旧剧，虽然剧情简单，但却能带给我一种久违的温暖。或许，有些经典永远不会过时。#经典剧集,0.0,0.0,0.82,0.11,0.12,0.0
看着朋友圈里的分享，才意识到自己已经很久没有去旅行了。旅行不仅仅是去新的地方，更是去发现新的自己。#旅行与发现,0.0,0.0,0.73,0.14,0.11,0.13
最近我在反思，自己到底想要什么。生活中的选择太多，有时候真的不知道自己最需要的是什么。#反思与选择,0.0,0.06,0.16,0.3,0.5,0.07
每当遇到困难时，我总会提醒自己：“这只是暂时的，一切都会过去。”生活中的波动，最终会带来新的平静。#困难与坚韧,0.0,0.0,0.68,0.28,0.05,0.0
觉得自己有点孤单，但又不想主动去找人。或许，有时候独处反而能让我们更清晰地听到自己的声音。#孤独与自省,0.09,0.09,0.18,0.28,0.57,0.0
今天在家做了点小手工，心情好很多。生活的简单美好，往往藏在这些微小的创造中。#手工与治愈,0.06,0.0,0.83,0.07,0.06,0.08
看着窗外的雪花飘落，突然觉得，生活的每一刻都是如此宝贵。无论春夏秋冬，每个季节都有它独特的美。#雪花与思考,0.0,0.0,0.77,0.09,0.1,0.0
