posts,angry,fear,happy,neutral,sad,surprise
最近真的感受到压力大到快透不过气，工作、生活、情感……总是有些事情让我难以平静下来。也许，学会放松，才能让心灵得到真正的休息吧。#压力与放松,0.0,0.07,0.27,0.19,0.46,0.0
那些努力追求完美的人，往往最容易迷失自己。或许，真正的美好，并不需要我们过度追求，而是顺其自然地去体验。#完美与自然,0.0,0.0,0.57,0.37,0.07,0.07
每次面对挑战，我总是提醒自己：困难并非无法跨越的障碍，它更像是一道风景，值得我们用心去感受。#挑战与成长,0.0,0.0,0.82,0.16,0.0,0.0
每个人都在寻求安定，但生活总是充满变数。或许，真正的安定，不是外在环境的平静，而是内心的强大与自在。#安定与内心,0.0,0.0,0.63,0.37,0.0,0.09
最近常常感到疲惫，可能是忙碌中的某些东西让我失去了自己。也许，有时候我们需要暂停，给自己一些空间。#疲惫与空间,0.0,0.06,0.1,0.25,0.63,0.0
走在街上，看着身边的人群，忽然明白：每个人都有属于自己的故事，有时候，理解和接纳才是我们能给予他人最好的礼物。#理解与接纳,0.0,0.0,0.78,0.13,0.0,0.06
过去总是觉得自己缺少很多东西，直到最近才意识到，其实我拥有的已经足够。真正的幸福，并不是得到更多，而是珍惜眼前。#珍惜与幸福,0.0,0.0,0.78,0.09,0.1,0.06
最近尝试了一些新的体验，结果让我对生活有了不同的看法。或许，生活的意义，不在于我们拥有了多少，而在于我们经历了什么。#新体验与成长,0.0,0.0,0.56,0.31,0.05,0.12
每当生活让我感到迷茫时，我会想起那句：“不急于找到答案，放慢脚步，一切都会有答案。”#迷茫与答案,0.0,0.06,0.43,0.26,0.21,0.05
最近很喜欢一个词，“心灵自由”。无论外界如何纷扰，只有当我们学会掌控自己的情绪时，才能真正感受到自由。#自由与情绪,0.0,0.0,0.73,0.25,0.0,0.0
每次夜深人静时，我总会感到一种莫名的孤独。但孤独并不是寂寞，而是内心的充实和自我反思的时间。#孤独与自我,0.0,0.12,0.21,0.39,0.34,0.08
看着手机里偶尔翻出的旧照片，才意识到，时间真的是个神奇的东西。它能带走很多，但也能留下许多值得回忆的瞬间。#时间与回忆,0.0,0.0,0.63,0.17,0.13,0.2
最近在看一本书，里面讲了很多关于自我认知的内容。也许，我们真正需要的，并不是外界的认同，而是对自己的深刻理解。#自我认知,0.0,0.0,0.33,0.6,0.0,0.07
有时候，我会怀疑自己做的选择是不是对的，但又想，每一个选择都为我带来了不同的经历，或许，这就是生活的意义吧。#选择与生活,0.0,0.0,0.45,0.25,0.17,0.17
当我再次面对过去的遗憾时，我发现，它们并不是让我后悔的东西，而是让我变得更加坚强的动力。#遗憾与成长,0.0,0.0,0.66,0.06,0.25,0.06
今天看了一部电影，里面的主人公让我有些心动。生活中的我们，或许都在寻找一个像电影中的角色一样的人，给自己带来温暖。#电影与生活,0.0,0.0,0.7,0.16,0.0,0.1
早晨的阳光洒进窗户，感觉整个世界都变得温柔了起来。或许，我们每个人都需要一些光和温暖，来照亮自己的道路。#阳光与温暖,0.0,0.0,0.89,0.11,0.0,0.0
今天突然想起了许久未见的朋友，那些曾一起度过的时光，仿佛都在这一刻复苏。也许，最美好的回忆，总是在不经意间回到我们身边。#回忆与友情,0.05,0.0,0.44,0.0,0.47,0.09
每次走在路上，我都会注意到身边的一些小细节。或许，生活中的美好就藏在这些不起眼的瞬间里，等待我们去发现。#细节与美好,0.0,0.0,0.8,0.18,0.0,0.08
有时候，真正的勇气不是大声说出来，而是默默承受一切，坚持走自己的路。#勇气与坚持,0.0,0.06,0.76,0.23,0.0,0.0
不知道为什么，今天的心情特别低落。也许，是时候给自己一个小小的空间，去消化这些负面的情绪。#心情与空间,0.09,0.0,0.12,0.21,0.5,0.0
最近看了一些关于情感的文章，发现自己对待感情的方式其实很不成熟。也许，我们都需要成长，去理解和接纳更多的情感世界。#情感与成长,0.0,0.0,0.46,0.37,0.18,0.0
当你觉得生活给你带来压力时，不妨停下脚步，去看看周围的美好。那些微小的瞬间，总能让我们重新找到生活的力量。#压力与美好,0.0,0.06,0.77,0.17,0.13,0.0
每次看到大自然中的美丽景色，都会让我感到一种从未有过的平静。也许，生活就是这样，在不经意间带给我们一份安宁。#自然与平静,0.0,0.0,0.86,0.19,0.0,0.05
最近心里有些焦虑，总觉得生活中缺少些什么。或许，我们的焦虑，正是因为我们还没学会真正放下那些不必要的负担。#焦虑与放下,0.0,0.12,0.0,0.36,0.58,0.06
生活中，总是充满着选择和抉择。有时候，我们觉得自己的选择会决定未来，但其实，真正决定我们生活的是我们的态度。#选择与态度,0.0,0.0,0.32,0.56,0.11,0.12
今天和朋友聊了很久，关于梦想和未来。突然觉得，梦想并不是一蹴而就的，而是一步一步走出来的。#梦想与未来,0.0,0.0,0.62,0.25,0.0,0.12
最近有点感慨，生活中有太多我们无法掌控的事情。但不管怎样，我们依然要保持对生活的热情，勇敢面对每一天。#生活与勇气,0.0,0.0,0.81,0.1,0.0,0.0
最近，常常会问自己：“我现在所做的，真的是自己想做的吗？”或许，真正的自由，是能够做自己真正喜欢的事。#自由与选择,0.0,0.0,0.43,0.31,0.09,0.14
今天心情特别好，坐在窗前，看着外面的世界，突然觉得一切都那么美好。或许，最幸福的时刻，就是此刻的宁静和满足。#幸福与宁静,0.07,0.0,0.92,0.0,0.0,0.07
看着身边的人，突然觉得，生活中最珍贵的不是我们拥有多少，而是我们能与他人分享多少。#分享与珍贵,0.0,0.0,0.8,0.06,0.11,0.07
每次遇到挫折时，我都会告诉自己：“一切都会过去的。”生活总是充满波折，但只要我们坚持，最终都会迎来阳光。#挫折与坚持,0.0,0.0,0.83,0.15,0.0,0.0
今天在公园里散步，看到一对老夫妇手牵着手走过。那一刻，我想，真正的爱情，是在时光中默默陪伴。#爱情与时光,0.0,0.0,0.8,0.08,0.14,0.08
最近在思考，自己到底想要什么。生活中的目标和梦想，似乎总是模糊的，但我知道，最重要的是不停止前进。#目标与前进,0.0,0.06,0.63,0.16,0.12,0.0
每当觉得生活不如意时，我会提醒自己：不管多难，始终要保持一颗平和的心。因为，心态决定一切。#心态与生活,0.0,0.0,0.62,0.39,0.0,0.0
今天和妈妈聊了很多，她说：“不管你做什么，我都支持你。”那一刻，我突然明白，最重要的支持，并不是别人的赞许，而是自己内心的力量。#家人与支持,0.0,0.0,0.77,0.14,0.0,0.0
看到朋友们的照片，突然觉得自己也应该开始记录下生活中的点点滴滴。或许，生活的意义就是在这些小事中找到幸福。#记录与幸福,0.0,0.0,0.85,0.05,0.0,0.07
今天听了一首歌，突然觉得自己好像找到了某种力量。生活中有很多时候，我们会觉得迷茫，但总有一些歌，能带给我们勇气。#音乐与力量,0.0,0.06,0.87,0.11,0.0,0.0
看着窗外的天空，心里忽然涌上一股莫名的感动。生活中的美好，往往就是那些微小的瞬间，值得我们用心去感受。#美好与感动,0.0,0.0,0.86,0.0,0.0,0.11
最近在做一些改变，虽然有些不适应，但我知道，改变是一种成长，只有不断变得更好，才能遇见更好的自己。#改变与成长,0.0,0.0,0.86,0.09,0.0,0.0
有时候，我会怀疑自己走的路是否正确。但回想起那些努力过的日子，我知道，走过的每一步，都是在为未来铺路。#怀疑与坚定,0.0,0.09,0.6,0.16,0.22,0.06
每个人的人生，都有自己的节奏。不必羡慕他人，只需走好自己的路，才能活出真正的自我。#人生与节奏,0.0,0.0,0.74,0.24,0.0,0.07
最近常常思考，人生的意义到底是什么。或许，生活的意义就是不断去追求那些我们热爱的事物，而不是停留在舒适区里。#人生与追求,0.0,0.0,0.48,0.35,0.07,0.1
生活中的很多烦恼，往往都是自己给自己增添的。学会放下，不再执着，才会真正获得内心的平静。#烦恼与放下,0.0,0.0,0.47,0.45,0.19,0.0
今天和朋友聊了未来的计划，才发现，生活的美好并不在于遥远的未来，而是我们每一天都在做的那些小小努力。#计划与努力,0.0,0.0,0.79,0.0,0.0,0.13
每当感到焦虑时，我会告诉自己：“一切都会好起来的。”虽然未来无法预测，但我们可以通过自己的努力，去创造更好的明天。#焦虑与未来,0.0,0.12,0.47,0.27,0.24,0.0
最近常常思考，什么才是真正的幸福。或许，幸福并不是外界的评价，而是内心的满足和安宁。#幸福与内心,0.0,0.0,0.63,0.28,0.07,0.06
今天突然想到，人生的每个阶段都有其独特的意义。无论是痛苦还是快乐，都在塑造我们成为更好的自己。#人生与成长,0.0,0.0,0.78,0.11,0.0,0.08
生活中的很多事情，并不如我们所想的那样完美。但正是这些不完美，才让我们的生活更加真实与精彩。#不完美与精彩,0.0,0.0,0.68,0.26,0.08,0.09
最近总是感到时间不够用，工作、生活、休息，总是无法平衡。或许，生活就是在不断的调整中找到最适合自己的节奏。#时间与平衡,0.0,0.0,0.23,0.34,0.43,0.07
