posts,angry,fear,happy,neutral,sad,surprise
最近总是感叹生活的节奏太快，很多时候我们都在匆忙中迷失自己。今天终于停下，静静地坐下喝杯茶，想一想自己究竟想要什么。#慢生活 #内心的安静,0.0,0.0,0.76,0.17,0.13,0.05
人到中年，忽然明白了什么叫做“顺其自然”。曾经追求的很多东西，如今看来都不那么重要了。身体和内心的平衡才是我现在最追求的目标。#顺其自然 #人生转折,0.0,0.0,0.71,0.18,0.13,0.07
忙碌的一天总让我感到有些空虚，似乎什么都做了，却什么也没有真正做成。突然意识到，生活不止是做事，还有享受每一刻的静谧。#生活反思 #宁静的力量,0.0,0.0,0.75,0.16,0.14,0.0
最近常常感到迷茫。每个人都在追求不同的目标，但有时候我们是否忽视了内心最真实的声音？#迷茫与思考 #内心的声音,0.0,0.11,0.13,0.31,0.46,0.09
看到《你要过怎样的人生》，每个字都像在敲打我的心。人生不是一场比赛，而是一场自我探索的旅程。#电影与人生 #心灵的触动,0.0,0.06,0.78,0.21,0.06,0.05
今天在街上走了一会儿，忽然觉得城市的喧嚣与我的心境格格不入。每次走在街头，都有种莫名的孤独感。#城市与孤独 #内心的平静,0.09,0.15,0.16,0.25,0.56,0.07
看着自己的生活轨迹，才意识到每一步都不是偶然的。无论是选择还是放弃，都是自我成长的一部分。#成长的轨迹 #人生的选择,0.0,0.0,0.71,0.18,0.11,0.11
我们总是渴望未来，却忽略了现在的美好。今晚就这样，静静地坐下，看看窗外的夜景，感受这份宁静。#现在的美好 #生活的沉淀,0.0,0.0,0.82,0.12,0.18,0.08
生活中的一些小事，总是在不经意间带给我们温暖。今天看到一只小猫蹲在窗边，好像在陪我一起度过这宁静的一天。#小事与温暖 #生活中的宁静,0.0,0.0,0.91,0.11,0.0,0.0
最近不再执着于别人眼中的自己。学会做自己，不再为取悦他人而改变。#自我接纳 #做自己,0.0,0.0,0.72,0.24,0.0,0.0
看完一本书后，突然对自己的人生有了新的理解。或许，我们每个人都在不断书写着属于自己的故事。#书与人生 #自我探索,0.0,0.0,0.69,0.24,0.0,0.08
今天在工作中遇到了一些挑战，突然意识到，真正的成长往往伴随着不舒适的经历。#成长与挑战 #不舒适的进步,0.0,0.05,0.32,0.27,0.33,0.0
一天过得很快，突然意识到，其实很多事情根本不需要那么急于完成。慢下来的时候，反而能更好地看清前方的路。#慢下来 #生活的节奏,0.0,0.0,0.72,0.18,0.12,0.06
以前总是觉得忙碌意味着充实，但现在才发现，真正的充实来自于内心的满足，而不是外在的忙碌。#内心的满足 #充实的生活,0.0,0.0,0.82,0.11,0.05,0.11
一直在追求改变，忽略了自己本身的力量。今天学会了放慢步伐，给自己一些时间去重新感受生活的节奏。#改变与成长 #生活的节奏,0.0,0.0,0.74,0.15,0.12,0.0
今天走进图书馆，看着一排排书架，突然感到一种平静。每一本书背后都有一个故事，而这些故事也在慢慢塑造我。#图书馆与平静 #书中的世界,0.0,0.0,0.55,0.42,0.0,0.05
最近发现，自己对生活的看法变得更加深刻。每一次小小的冲突，都是成长的机会。#生活的冲突 #成长的机会,0.0,0.05,0.71,0.23,0.09,0.08
夜深了，独自一人坐在窗前，看着外面的星空。世界那么大，我们却常常忽视了眼前的美好。#星空与孤独 #静静的夜晚,0.1,0.1,0.09,0.21,0.81,0.0
突然明白了，很多时候我们并不是想要改变世界，而是想改变自己。改变自己，才是最真实的力量。#改变与力量 #自我改变,0.0,0.0,0.67,0.24,0.05,0.09
每次看着身边的人忙碌，我都不禁反思：我们到底在忙些什么？生活的意义，是否仅仅在于追求更多？#忙碌与意义 #生活的反思,0.0,0.06,0.25,0.37,0.22,0.17
最近开始更加注重自己的内心世界，不再那么依赖外界的评价。真正的自由，是接受自己的不完美。#内心世界 #自我接纳,0.0,0.0,0.71,0.34,0.0,0.0
生活总是在不经意间给我们带来一些小小的惊喜。今天和朋友一起散步，突然发现了一条从未走过的小巷，原来这里藏着这么多美好的事物。#生活中的惊喜 #探索未知,0.0,0.11,0.8,0.0,0.0,0.26
今天的天气格外好，阳光洒在身上，感觉温暖又治愈。或许，生活就是这样，找到那些让自己温暖的小瞬间。#阳光与温暖 #生活的治愈,0.0,0.0,1.0,0.0,0.0,0.0
最近思考了很多关于人生的意义。我们总是在不停地追逐，似乎永远不够满足，但真正的幸福或许就是在享受每一个当下。#人生的意义 #享受当下,0.0,0.0,0.81,0.13,0.05,0.07
看着手机屏幕上的信息，我突然意识到，我们每个人都有自己的节奏。与其追赶他人的步伐，不如找到自己的节奏。#节奏与生活 #找到自我,0.0,0.0,0.63,0.28,0.0,0.09
今天去了一趟公园，走在绿意盎然的小路上，突然感觉自己像是融入了自然。偶尔停下来，呼吸一下新鲜空气，真的很放松。#自然与放松 #生活的美好,0.0,0.0,1.0,0.0,0.0,0.06
今天和朋友聊到未来，突然发现，未来并不是一成不变的，它其实是由我们今天的选择所塑造的。#未来与选择 #生活的道路,0.0,0.0,0.4,0.42,0.05,0.2
最近学会了不再为自己的人生设限。过去总是对未来充满了不确定，现在才明白，生活本来就应该充满可能性。#生活的可能性 #打破限制,0.0,0.05,0.73,0.22,0.0,0.15
今天看到一个陌生人，突然心生感慨。我们每个人都在过自己的生活，但在这个世界上，总有一些美丽的交集。#生活与交集 #人与人之间,0.0,0.0,0.52,0.32,0.13,0.09
看着桌上的书，突然意识到，生活中的很多问题，书里早就给出了答案。或许，我们每个人都应该多花些时间去读书。#书与生活 #内心的答案,0.0,0.0,0.53,0.31,0.09,0.18
今天听了一首歌，突然感觉整个人都被治愈了。音乐真的有一种神奇的力量，能让我们重新找到内心的平静。#音乐与治愈 #内心的平静,0.0,0.0,0.86,0.18,0.0,0.0
最近发现，自己喜欢上了简单的生活。简单的衣着，简单的食物，简单的思考，反而让我感到更加满足。#简单生活 #满足的心,0.0,0.0,0.99,0.0,0.0,0.06
每天都在思考，究竟什么是最重要的。或许，生活的真正意义，不是追求更多，而是找到那些值得珍惜的瞬间。#生活的意义 #珍惜当下,0.0,0.0,0.74,0.18,0.08,0.06
最近想了很多关于成长的事情。每一步的成长，都是一次自我突破，而这需要勇气。#成长与勇气 #自我突破,0.0,0.1,0.6,0.33,0.0,0.0
有时候，放慢脚步，停下来看看周围的世界，才会发现生活中原来有这么多美好的事物。#放慢脚步 #生活的美好,0.0,0.0,1.0,0.0,0.0,0.0
今天突然明白了，很多问题并没有固定的答案。人生的意义，或许就是在不停的探索中，找到自己的方向。#人生的探索 #寻找方向,0.0,0.0,0.57,0.26,0.0,0.07
每当心情不好的时候，我就去看看大自然。它总能以一种温柔的方式，治愈我内心的伤痛。#大自然与治愈 #心灵的治愈,0.0,0.0,0.85,0.2,0.13,0.0
最近在尝试冥想，静静地闭上眼睛，放空自己。渐渐地，我发现自己变得更加冷静，也更加懂得如何与内心对话。#冥想与冷静 #内心的对话,0.0,0.0,0.63,0.39,0.09,0.0
看着窗外的雨，突然想到，这个世界其实是很奇妙的。每一滴雨水，每一片叶子，都在诉说着属于它们的故事。#雨与故事 #生活中的奇妙,0.0,0.0,0.67,0.2,0.0,0.2
每个人心中都有一个小小的梦想，而真正让这个梦想成真的，不是外界的推动，而是我们自己内心的坚持。#梦想与坚持 #内心的力量,0.0,0.0,0.74,0.26,0.0,0.0
今天走在街上，忽然觉得，生活中的每一条街道，每一条小巷，都有它的故事。我们每个人也在书写着属于自己的故事。#街道与故事 #生活的篇章,0.0,0.0,0.73,0.22,0.06,0.1
最近发现，自己越来越喜欢独处。那种与自己独处的时光，真的很宝贵。它让我更加了解自己，也让我感受到内心的平静。#独处与自我 #内心的平静,0.0,0.0,0.87,0.13,0.0,0.0
今天读了一段话，说的是：真正的幸福，不在于拥有多少，而在于我们是否珍惜已经拥有的一切。#幸福与珍惜 #内心的满足,0.0,0.0,0.7,0.19,0.08,0.0
每当疲惫的时候，我就会找个安静的角落，闭上眼睛，放空自己。或许，生活的智慧就在于找到休息的力量。#疲惫与休息 #生活的智慧,0.0,0.0,0.72,0.31,0.14,0.0
最近开始更加注重自己的情绪管理。学会接纳不完美的自己，才能真正获得内心的宁静。#情绪管理 #内心的宁静,0.0,0.0,0.52,0.49,0.06,0.0
今天在公园里看见一只小狗，它正在阳光下打滚。忽然明白，生活的美好就是如此简单，不需要太多的装饰。#生活的简单 #小狗与阳光,0.0,0.0,0.81,0.11,0.07,0.1
每当夜晚来临，我就会坐下来，沉思一些事情。或许，夜晚的宁静，正是我们思考人生的最佳时机。#夜晚与思考 #生活的宁静,0.0,0.0,0.58,0.46,0.08,0.0
今天听到一句话：“每一次痛苦，都是一种成长。”是啊，生活中没有永远的顺风顺水，只有不断的自我突破。#痛苦与成长 #生活的挑战,0.0,0.05,0.67,0.14,0.17,0.0
最近和朋友们聊起了生活的压力，突然意识到，压力并不是敌人，而是我们成长的动力。#压力与成长 #生活的挑战,0.0,0.09,0.45,0.36,0.14,0.0
每当遇到困难时，我都会告诉自己：没有什么是不可能的。只要有坚持和努力，生活就会给我们意想不到的惊喜。#困难与坚持 #生活的惊喜,0.0,0.08,0.95,0.0,0.0,0.14
