posts,angry,fear,happy,neutral,sad,surprise
今天心情有些沉重，走在街头，突然觉得一切都那么匆忙。我常常想，什么时候能停下来，看看这个世界，感受生活的细节。#生活的细节 #心灵的放松,0.08,0.06,0.66,0.15,0.26,0.07
最近常常在想，人生中的那些不完美，竟然是我们最真实的部分。接受自己的缺点，才会真正感受到内心的平和。#自我接纳 #内心的平静,0.0,0.0,0.7,0.16,0.1,0.14
忽然发现，生活并不是只有忙碌和压力。偶尔停下脚步，和朋友聊聊天，享受一下阳光，才是最重要的。#慢生活 #阳光与朋友,0.0,0.0,0.86,0.13,0.0,0.0
每一次旅行，不仅仅是为了看世界，更是为了看清自己。或许，生活中的每一次出发，都是一场心灵的旅行。#旅行与心灵 #自我发现,0.0,0.0,0.67,0.34,0.0,0.11
看着窗外的雨，我突然觉得，生活中的每一场雨，都是一段不为人知的旅程。或许，经历过雨后的阳光，才最能感受到温暖。#雨与阳光 #生活的温暖,0.0,0.0,0.91,0.08,0.0,0.06
这些年，渐渐意识到，真正的幸福并不在于外界的评价，而是在于内心的平静与满足。#内心的幸福 #平静的力量,0.0,0.0,0.84,0.18,0.0,0.0
每当心情低落时，我就会选择去看一场电影。沉浸在另一个世界里，让自己暂时忘记现实中的烦恼。#电影与心情 #暂时逃离,0.06,0.09,0.33,0.39,0.41,0.0
有时候，生活给我们带来的不仅是挑战，还有成长的机会。每一次跌倒，都会让我们更强大。#挑战与成长 #勇敢面对,0.0,0.09,0.9,0.09,0.0,0.0
最近开始喜欢上晨跑，那种清晨的空气和阳光照在脸上的感觉，真的特别治愈。#晨跑与治愈 #生活的美好,0.0,0.0,1.0,0.0,0.0,0.0
今天和朋友聊起了未来，忽然意识到，真正的未来并不是我们控制的，而是由我们每一天的选择所塑造。#未来与选择 #生活的轨迹,0.0,0.0,0.39,0.4,0.08,0.18
看着身边的人努力追求梦想，我也开始重新审视自己的目标。或许，最重要的并不是追求成功，而是找到真正适合自己的生活方式。#梦想与生活 #找到自己,0.0,0.0,0.74,0.15,0.0,0.06
这几天一直在整理自己的思绪，意识到很多时候我们在追求外界的认同，却忽略了内心的声音。#内心的声音 #自我认同,0.05,0.0,0.2,0.35,0.35,0.1
忽然想起一段话：世界上最远的距离，不是生死，而是我站在你面前，你却不知道我爱你。人际间的距离，有时候真的很难捉摸。#人际关系 #爱的距离,0.0,0.12,0.0,0.24,0.7,0.07
今天在书店待了一会儿，看着一排排书架，心中突然涌起一种宁静的感觉。或许，生活最美的部分，就是这些安静的时光。#书店与宁静 #静心的时光,0.0,0.0,0.7,0.32,0.0,0.07
生活中的一些小事，往往能给我们带来最大的快乐。今天在街上遇见一个小孩，突然觉得生活中有那么多简单却美好的瞬间。#生活的美好 #小事的快乐,0.07,0.0,1.0,0.0,0.0,0.09
看到一篇文章，说人生最美的时光，往往是在不经意间度过的。也许，我们应该学会放慢脚步，去感受这些平凡的瞬间。#平凡的瞬间 #人生的美好,0.0,0.0,0.93,0.0,0.0,0.07
最近发现自己喜欢上了独处的时光。那种和自己相处的宁静，真的很珍贵。#独处与自我 #内心的平静,0.0,0.0,0.88,0.11,0.06,0.0
每个人都在不同的节奏中走着，而生活的意义，并不在于跟随他人的步伐，而是在于找到属于自己的节奏。#生活节奏 #自我发现,0.0,0.0,0.63,0.4,0.0,0.09
今天和朋友讨论了一些关于梦想的话题，发现自己也许并没有找到最明确的目标。但或许，生活的意义正是在这个寻找的过程中。#梦想与寻找 #生活的意义,0.0,0.0,0.51,0.35,0.0,0.12
在这个世界上，很多事情我们无法控制。但我们能控制的，是如何看待这些事情，如何从中找到属于自己的力量。#控制与力量 #生活的态度,0.0,0.0,0.49,0.55,0.0,0.0
看着身边的人都忙得不可开交，我反思自己是否也迷失在这场追逐中。偶尔停下来，才会发现生活的真正意义。#忙碌与停下来 #生活的真谛,0.0,0.0,0.72,0.12,0.17,0.08
最近特别想去旅行，看看不同的风景，感受不同的文化。旅行，或许是我释放自己的一种方式。#旅行与放松 #人生的旅程,0.0,0.0,0.77,0.29,0.0,0.0
生活中的某些时刻，竟然是那么的美好。就像今天，和朋友一起散步，突然觉得，这个世界其实并没有那么复杂。#生活的美好 #简单的快乐,0.09,0.0,0.94,0.0,0.0,0.23
每次经历一些不如意的事情，我都会提醒自己：这些不过是暂时的。生活中的起伏，才让我们更加珍惜平静的时光。#不如意与平静 #珍惜当下,0.0,0.0,0.73,0.19,0.18,0.0
在这个快节奏的时代，我们总是追逐着未来，却忽视了眼前的美好。偶尔停下来，去感受生活的温暖，才是最重要的。#快节奏与停下来 #生活的温暖,0.0,0.0,0.89,0.11,0.0,0.06
最近开始迷上静坐冥想，那种完全放空自己，聆听内心的感觉，真的很神奇。#冥想与放空 #内心的聆听,0.0,0.09,0.63,0.32,0.0,0.08
每当感觉自己失去方向时，我会去看看自然的风景。它总能让我重新找到自己的中心，重新振作起来。#自然与方向 #心灵的平衡,0.0,0.0,0.82,0.17,0.1,0.0
最近越来越喜欢独立思考，而不是随波逐流。或许，生活的意义，正是找到属于自己的那条路。#独立思考 #自我发现,0.0,0.0,0.73,0.23,0.0,0.06
每当经历一些挫折，我都会告诉自己：这只是生活中的一小部分，最终的答案在于如何面对和超越它。#挫折与超越 #生活的挑战,0.0,0.0,0.47,0.44,0.0,0.07
看着窗外的夜空，我想起了许多未曾实现的梦想。或许，生活的意义并不在于一开始的目标，而是在于一路走来，感受的每一刻。#梦想与现实 #走过的路,0.0,0.0,0.67,0.08,0.12,0.06
最近经常感到内心的平静，或许这就是岁月给我的礼物。#平静与岁月 #生活的礼物,0.0,0.0,0.85,0.13,0.0,0.08
突然意识到，生活中的美好并不一定要大到让人惊艳，往往是那些微小的细节，让我们感受到真正的温暖。#生活的细节 #微小的美好,0.0,0.06,0.92,0.0,0.0,0.16
每当遇到困难时，我总会提醒自己：每一个挑战，都是成长的机会。只有走过了风雨，才能看见彩虹。#挑战与成长 #风雨后的彩虹,0.0,0.05,0.81,0.19,0.0,0.0
这些年，终于明白了一个道理：生活不是一场竞赛，而是一场自我发现的旅程。#生活与自我发现 #人生的旅程,0.0,0.0,0.66,0.33,0.0,0.06
最近越来越喜欢静静地待在家里，和家人一起度过平凡的时光。原来，幸福并不是远在天边，而是在身边的每一刻。#家庭与幸福 #平凡的时光,0.0,0.0,0.89,0.1,0.0,0.1
看着桌上的书，突然想到，生活中的很多问题，书里早就给出了答案。或许，我们每个人都应该多花些时间去读书。#书与人生 #内心的答案,0.0,0.0,0.52,0.31,0.09,0.18
每当我感到焦虑时，我就会提醒自己：不必急于找到所有的答案，生活本身就是一个不断探索的过程。#焦虑与探索 #生活的过程,0.0,0.12,0.31,0.48,0.17,0.0
看着身边的人忙碌，我开始反思：是否真的有必要为了追求那些表面的成就而放弃自己的内心？#忙碌与内心 #真正的成就,0.05,0.0,0.31,0.25,0.31,0.12
今天和朋友讨论了很多关于人生的话题，突然发现，我们每个人都有不同的生活方式，最重要的是找到适合自己的那一条路。#人生与选择 #找到自己,0.0,0.0,0.57,0.32,0.0,0.13
今天去散步，突然发现，周围的景象如此宁静。生活中的很多美好，往往是在我们最不经意的时候才会出现。#散步与宁静 #生活的美好,0.0,0.0,0.9,0.07,0.0,0.13
每当看到生活中那些美丽的瞬间，我就会提醒自己：生活本来就是一场美丽的旅行，而我们每一步走过的风景，都是最值得珍惜的。#美丽的瞬间 #珍惜每一步,0.0,0.0,0.93,0.06,0.0,0.0
最近常常感到疲惫，生活中的琐事让我有些失去方向。或许，是时候给自己一些时间，去重新找回生活的意义。#疲惫与重新找回 #生活的方向,0.0,0.05,0.28,0.23,0.49,0.0
每一次在城市里走过，都会想：这里的每一条街道，每一座建筑，都承载着无数人的梦想与故事。#城市与梦想 #街道的故事,0.07,0.0,0.48,0.32,0.11,0.11
最近开始学会放慢自己的步伐。生活并不是一个急速的过程，而是一个慢慢感受每一刻的旅程。#放慢脚步 #生活的旅程,0.0,0.0,0.7,0.29,0.07,0.0
每次遇到烦恼，我都会告诉自己：一切都会过去。生活中的每一次低谷，都是向上攀登的动力。#烦恼与动力 #生活的低谷,0.0,0.08,0.46,0.34,0.27,0.0
今天和朋友讨论了一些未来的规划，突然意识到，未来并不是一成不变的，而是由我们的选择和行动所决定的。#未来与规划 #人生的选择,0.0,0.0,0.34,0.52,0.09,0.16
生活中，或许最重要的并不是我们所拥有的，而是我们如何看待这些拥有的东西。#生活的意义 #怎么看待,0.0,0.0,0.38,0.61,0.0,0.15
看着窗外的雪，我忽然意识到，生活中的每一个季节，都有属于它的美好。#四季与美好 #生活的节奏,0.0,0.0,0.89,0.07,0.0,0.08
最近和朋友分享了自己的一些想法，发现其实每个人都有自己的独特之处。我们要做的，不是模仿别人，而是做最真实的自己。#真实的自己 #生活的方式,0.0,0.0,0.68,0.33,0.0,0.07
每次看书，我总能从中找到新的启发。生活中的智慧，有时候就隐藏在这些看似普通的文字里。#书中的智慧 #生活的启发,0.0,0.0,0.69,0.32,0.08,0.07
