posts,angry,fear,happy,neutral,sad,surprise
最近在想，生活里有些时刻的感受是无可替代的，像是看见繁星点点时内心的宁静，那种只有在深夜才能触及的平和。#内心的平静 #夜晚的力量,0.0,0.06,0.71,0.14,0.1,0.0
生活里有些话，总是难以启齿，但在每一次与朋友的对话中，似乎又能重新找到自己的方向。#朋友与自我 #心灵的对话,0.0,0.0,0.74,0.18,0.14,0.0
今天听到一句话：“人生就像一个谜题，答案不重要，重要的是过程。”真的很有道理，或许，我们的迷茫正是答案的前奏。#人生的迷雾 #追寻的过程,0.0,0.0,0.55,0.29,0.12,0.07
走在街头，雨丝落下，空气清新，忽然想起了过去那些未完成的心愿。生活总是这样，让我们一次又一次地错过，又一次又一次地遇见。#雨中的思考 #未完成的心愿,0.11,0.09,0.41,0.0,0.58,0.0
每次旅行回来，都会有些失落。那个地方已成回忆，生活却依旧在前行。而我，总是在期待下一个目的地的某个瞬间。#旅行与心情 #不断向前,0.0,0.08,0.72,0.0,0.19,0.0
最近在读《活着》，每次读到一段特别触动的部分，心里都会涌上一股难言的情感。生活里，我们都是为了某种未知的目的而奋斗。#书中的世界 #人生的意义,0.0,0.0,0.67,0.15,0.0,0.09
每次独自一人走在空旷的街道上，仿佛一切都能从心底涌现出来。那些悄无声息的思绪，像风一样自由地飘荡。#孤独的美好 #心灵的自由,0.0,0.05,0.79,0.12,0.12,0.0
发现自己越来越喜欢那种安静的生活方式，不再急于去追逐什么，反而觉得在每个小小的瞬间找到自己才是最值得珍惜的。#安静的力量 #生活的意义,0.0,0.0,0.93,0.0,0.0,0.06
生活有时就像一场漫长的等待，等着某个时刻的到来，等着一个转折点。每一次的停顿，似乎都是为了下一次的前行。#等待与成长 #生活的节奏,0.0,0.0,0.72,0.16,0.17,0.0
每次遇到困难时，我都会告诉自己：“这只是暂时的，过去之后会更强大。”生活中所有的挑战，最终都会成为我们的力量源泉。#挑战与成长 #生活的动力,0.0,0.0,0.86,0.18,0.0,0.0
你有没有过那种感觉，当你站在高处，看着远方的风景，心里突然涌上一股无法言喻的宁静。生活的美好，或许就是在这些瞬间显现出来的。#远方的风景 #内心的宁静,0.0,0.0,0.73,0.18,0.08,0.08
最近常常想，生活中最重要的不是那些高峰时刻，而是那些平凡的日子里，我们默默积累的点滴幸福。#平凡的幸福 #生活的美好,0.06,0.0,0.97,0.0,0.0,0.0
想起曾经的一些小事，觉得它们的意义并不在当时，而是在多年之后回顾时，它们给予了我力量。#回忆与力量 #成长的点滴,0.0,0.0,0.85,0.0,0.15,0.0
今天突然觉得自己好像慢慢变得不再那么急躁了。生活教会了我，很多事情其实可以慢慢来，急不来。#生活的节奏 #不急于一时,0.0,0.11,0.52,0.24,0.23,0.0
有时，夜晚的星空让我感到无比渺小，但也让我明白，我们每个人都在这浩瀚的宇宙中找寻自己的位置。#星空与渺小 #宇宙中的自己,0.0,0.0,0.57,0.18,0.16,0.13
每一次走过一段路，回头看时，总会有不一样的感触。生活就像一条漫长的路，走过的每一段都值得珍惜。#回头的思考 #人生的旅程,0.0,0.0,0.83,0.13,0.17,0.0
觉得自己变得越来越善于享受孤独了。那些独自一人度过的时光，总能让我更清楚地看见自己的内心。#孤独的力量 #内心的觉醒,0.0,0.09,0.85,0.1,0.16,0.0
看了某个电影，觉得自己被它的情感深深打动。生活中，我们都在寻找一种共鸣，期待能找到那个人或那个瞬间。#电影与情感 #共鸣的力量,0.0,0.0,0.78,0.23,0.0,0.0
最近我发现，生活的美好，不在于那些高光时刻，而在于我们在普通日子里发现的小确幸。#小确幸 #生活的美好,0.0,0.0,0.94,0.0,0.0,0.11
每当心情不好时，我会告诉自己：“一切都会过去。”有时，生活给我们的磨砺，最终会成为我们走向更好自己的动力。#心情与成长 #生活的挑战,0.0,0.0,0.72,0.23,0.0,0.0
今天又在公园走了一圈，发现每一片树叶都充满了生机。生活中，哪怕是最微小的存在，也有它不可忽视的意义。#自然与生命 #生活中的微小,0.0,0.0,0.71,0.25,0.0,0.08
经常想，如果可以把生活中的烦恼和困扰都放下，那将是一种怎样的自由。#放下与自由 #内心的解脱,0.06,0.0,0.56,0.38,0.07,0.12
看着手机里的照片，突然意识到，生活中每一个瞬间，都值得我们用心去记录。#回忆与瞬间 #生活的记录,0.0,0.0,0.74,0.15,0.09,0.1
每当遇到挫折，我就告诉自己：“不要急，慢慢来。”生活的每一次跌倒，都是为了让我们更加坚定地站起来。#挫折与成长 #不急于一时,0.0,0.09,0.79,0.22,0.05,0.0
最近在练习冥想，每一次安静下来，心里都会有一种深深的平静。生活中，我们总需要找时间让自己的内心得到安慰。#冥想与内心 #生活的平静,0.0,0.0,0.66,0.36,0.0,0.0
每次看到太阳从地平线升起，总有一种莫名的激动。或许，生活中的许多美好，正是在这些平凡的早晨里开始的。#日出与激动 #生活的美好,0.07,0.0,0.95,0.0,0.0,0.09
有时候，走在路上，突然会被某个陌生的景象打动。生活，总是这样不经意地给我们带来惊喜。#意外的惊喜 #生活的礼物,0.0,0.0,0.89,0.0,0.0,0.22
最近有些迷茫，不知道自己该往哪里走。但突然想起一句话：“只要走下去，总会遇见自己。”#迷茫与前行 #走下去的力量,0.0,0.09,0.68,0.11,0.16,0.0
每当下雨的时候，我总是会想起那些曾经走过的路。或许，生活中的许多记忆，都像这场雨，悄悄地落在心里。#雨与回忆 #生活的足迹,0.0,0.0,0.43,0.21,0.38,0.0
最近开始每天早晨去跑步，虽然很累，但每次跑完都觉得特别有成就感。生活，或许就是这种不断积累的小胜利。#跑步与成就感 #生活的胜利,0.0,0.0,1.0,0.0,0.0,0.0
每天晚上都习惯性地听一些舒缓的音乐，这已成为我放松身心的一部分。生活中的每一份平静，都是对自己最好的犒赏。#音乐与平静 #生活的节奏,0.0,0.0,0.84,0.2,0.0,0.0
最近特别喜欢在周末去看展览，那些静谧的画作和艺术作品，总是能让我放下所有的烦恼，感受到一种与世界的连接。#艺术与生活 #展览的力量,0.0,0.0,0.91,0.09,0.0,0.06
有时，生活中的一些小细节，能让我们突然明白许多事情。比如，今天发现了自己在生活中一直忽略的小小幸福。#生活的细节 #小小幸福,0.0,0.06,0.88,0.0,0.07,0.1
最近开始更多地关注自己的内心，试着去倾听自己真正想要的东西。生活有时候需要我们停下来，才能找到最真实的自己。#内心的声音 #真实的自我,0.0,0.0,0.76,0.18,0.0,0.0
走在街头，看着四周的行人，突然意识到，每个人都在为了自己的梦想而努力。生活中，我们每个人都是追梦的旅人。#追梦与人生 #每个人的故事,0.0,0.0,0.81,0.16,0.0,0.05
每次遇到挑战，我都会告诉自己：“这不过是人生的一部分。”生活中的困难，终究会过去，我们会变得更强大。#挑战与成长 #勇敢前行,0.0,0.1,0.86,0.1,0.0,0.0
今天听了几首怀旧的歌，忽然想起了过去的自己。生活中的每一次回忆，都是我们走向未来的桥梁。#怀旧与回忆 #未来的桥梁,0.0,0.06,0.66,0.17,0.23,0.0
最近对自己有了更多的反思，生活中很多时候我们总是太焦虑，忽略了真正重要的东西。#焦虑与反思 #生活的智慧,0.0,0.08,0.59,0.31,0.19,0.0
看着身边的人忙碌，我突然意识到，我们每个人都在以不同的方式走着自己的路。生活中的每个人，都在追寻自己的梦想。#人生与梦想 #各自的道路,0.0,0.0,0.62,0.24,0.0,0.12
最近开始学着放慢脚步，不再急于追求什么。生活的意义，或许就在于享受每一个平静的瞬间。#放慢脚步 #生活的平静,0.0,0.0,0.76,0.22,0.0,0.0
每次和朋友聊天，总能发现彼此之间的共鸣。生活中的每一段关系，都像是我们与他人心灵的连接。#友情与共鸣 #生活的联系,0.0,0.0,0.58,0.44,0.06,0.0
最近喜欢上了写日记，记录下每一天的小感动。生活的意义，有时候就是在这些微小的瞬间里。#写日记与感动 #生活的意义,0.0,0.0,0.85,0.06,0.0,0.0
每当夜晚降临，我喜欢静静地坐着，感受内心的宁静。生活中的每一次沉淀，都是对自己最好的修养。#夜晚与宁静 #自我修养,0.0,0.0,0.75,0.29,0.0,0.0
最近在思考，生活中我们所追求的，究竟是什么？也许，最重要的并不是最终的目标，而是沿途的风景。#追求与目标 #沿途的风景,0.0,0.0,0.48,0.33,0.11,0.11
每次跑步时，我都在想，生活中的每一次努力，都会带来改变。或许，生活的意义就在于每一步的坚持。#坚持与努力 #生活的改变,0.0,0.0,0.78,0.17,0.0,0.12
看着窗外的阳光，忽然想，生活中的美好，其实就在这些不起眼的小细节里。#阳光与美好 #生活的细节,0.0,0.0,0.75,0.15,0.09,0.13
最近感到自己有些倦怠，生活有时会让人疲惫。但我知道，每一次停下，都是为了走得更远。#倦怠与停下 #前行的力量,0.0,0.06,0.68,0.17,0.23,0.0
今天又去了公园散步，心情变得轻松了很多。生活中的简单时光，竟然是最治愈的。#散步与治愈 #简单的时光,0.0,0.0,0.85,0.0,0.0,0.29
每当我感到迷茫时，我会告诉自己：“一切都会过去。”生活中的困难，最终会成为我们走向更好自己的力量。#迷茫与力量 #走向更好的自己,0.0,0.09,0.74,0.17,0.09,0.0
看着那些曾经的照片，忽然想起，生活中的许多美好，都是我们曾经拥有的。#回忆与美好 #曾经的时光,0.05,0.0,0.53,0.09,0.4,0.07
