posts,angry,fear,happy,neutral,sad,surprise
最近迷上了独自旅行，走在陌生的街头，每个转角都充满了故事。也许有些人一生都在寻觅属于自己的地方，而我总是在路上。#独自旅行 #寻找自我,0.0,0.0,0.54,0.2,0.29,0.08
终于决定给自己放个假，关掉所有社交软件，静静地享受这片刻的宁静。生活中的这些小暂停，真的能帮助我重新找回内心的平衡。#内心的平静 #放慢脚步,0.0,0.0,0.84,0.12,0.0,0.0
和朋友们相约去吃了家小店的牛肉面，每一口都带着家的味道。简单的快乐，才是生活的真谛。#朋友与美食 #生活的简单幸福,0.0,0.0,1.0,0.0,0.0,0.05
有时候，生活并不需要太多的解释。就像夜晚的星空，不管你理解与否，它依旧会在高处默默闪烁。#星空与沉思 #生活的美好,0.0,0.0,0.92,0.06,0.0,0.0
今天在公园散步，看到一对老夫妻手牵手走过，我突然明白，真正的幸福往往是在最平凡的时刻里悄悄流露出来的。#幸福的定义 #平凡中的美好,0.0,0.0,0.86,0.09,0.0,0.12
每当遇到困难时，我总是告诉自己：“这不过是人生的一部分。”每一次的挑战，都会让我变得更加坚强。#挑战与成长 #勇敢前行,0.0,0.11,0.83,0.11,0.0,0.0
今天偶然听到一首老歌，瞬间回忆起很多过去的时光。生活就是这样，总在不经意间带我们回到那些曾经的瞬间。#回忆与时光 #音乐的魔力,0.0,0.0,0.91,0.1,0.0,0.05
想了想，自己也许从未真正懂得如何放下。生活教会我，放下并不意味着遗忘，而是学会接受。#放下与接受 #人生的智慧,0.0,0.0,0.64,0.33,0.16,0.06
有时，生活中的一些小事，就足以让人感到温暖。比如那天傍晚，我和朋友一起喝了热茶，看着窗外的细雨。#温暖的瞬间 #简单的快乐,0.1,0.0,0.97,0.0,0.0,0.0
每当我感到迷茫时，我会告诉自己：“一切都会过去。”生活中的困难，终究会成为我们走向更好自己的力量。#迷茫与力量 #走向更好的自己,0.0,0.09,0.74,0.16,0.1,0.0
最近开始关注自己的内心世界。每当我静下心来，我才意识到，生活的答案总是藏在我们最深的地方。#内心的觉醒 #生活的答案,0.0,0.0,0.64,0.27,0.09,0.11
今天，突然想起了一段很久之前的对话。那时我们讨论着未来的梦想，而现在的我，正一点点朝着那个梦想前进。#梦想与回忆 #人生的轨迹,0.0,0.0,0.61,0.15,0.12,0.11
夜晚的寂静，总能让我清晰地听到内心的声音。或许，这就是生活给我的最好的礼物。#夜晚与宁静 #内心的声音,0.0,0.0,0.69,0.2,0.1,0.0
有时，我们总是想着抓住未来，但其实生活的美好就在于当下的每一个瞬间。#活在当下 #生活的美好,0.0,0.0,0.93,0.07,0.0,0.1
每次走在街头，看着四周的行人，我总会想到，每个人都有自己的故事。而这些故事，交织在一起，构成了这座城市的灵魂。#人与人 #城市的故事,0.0,0.0,0.4,0.51,0.1,0.08
这段时间，生活似乎有些不顺。但我告诉自己，每一次跌倒，都是为了站得更高。#生活的挑战 #站起来,0.0,0.09,0.75,0.08,0.11,0.0
今天去了一趟博物馆，看到了很多久违的历史遗迹。那一刻，我意识到，生活中的许多困扰，其实不过是时间的流转。#博物馆之旅 #历史与人生,0.0,0.0,0.44,0.37,0.2,0.1
最近常常感到一阵阵的疲惫，或许是太久没给自己放个假了。生活教会我，照顾好自己才是最重要的。#自我关怀 #生活的节奏,0.0,0.0,0.69,0.11,0.24,0.0
看着窗外的雨水，我突然觉得，生活中的许多事情，就像这场雨，来得急，去得也快。我们能做的，就是在其中找到自己的位置。#雨与生活 #找到自己,0.0,0.0,0.61,0.21,0.15,0.0
有时候，生活中最难的事，就是学会与自己和解。我们总是试图改变自己，但有时候，接纳才是最好的选择。#自我接纳 #和自己和解,0.0,0.0,0.59,0.36,0.11,0.06
今天走进书店，发现自己已经很久没有静下心来读一本书了。生活有时真的很忙碌，但我知道，静下来才是最重要的。#书店与心灵 #生活中的安静,0.0,0.0,0.71,0.28,0.1,0.09
最近读到一句话：“人生就是不断的错过与遇见。”每一次的错过，都是下一次遇见的铺垫。#人生的错过与遇见 #时间的馈赠,0.0,0.0,0.63,0.26,0.24,0.0
听朋友说，生活就像一场电影，有高潮也有低谷。而我们每个人，都是自己故事的主角。#生活的电影 #我们都是主角,0.0,0.0,0.65,0.32,0.07,0.07
今天和朋友聊到过去的那些事，忽然发现，所有的回忆都那么珍贵。生活总是在不经意间，给我们留下了无数的印记。#回忆与成长 #生活的记忆,0.0,0.06,0.77,0.0,0.21,0.07
今天跑步的时候，忽然明白了“坚持就是胜利”这句话的真正含义。生活中的每一个小小的努力，最终都会带来改变。#坚持与努力 #生活的改变,0.0,0.0,0.82,0.14,0.0,0.1
每次和朋友聊到未来，我总是充满期待。生活虽然充满不确定，但我相信，一切都会按照自己的节奏前进。#未来与期待 #生活的节奏,0.06,0.0,0.91,0.08,0.0,0.0
今天晚上，坐在窗前，看着夜空中的星星，心中充满了宁静。生活中的美好，往往在最平凡的时刻悄然出现。#夜空与宁静 #平凡的美好,0.0,0.0,0.86,0.15,0.0,0.06
生活有时真的很复杂，但我知道，无论如何，我们都应该保持一颗纯粹的心。#生活的复杂 #纯粹的心,0.0,0.0,0.63,0.25,0.15,0.06
最近常常想起那些小时候的梦想。生活教会我，追求梦想的路并不容易，但每一步都值得。#梦想与成长 #追求的道路,0.0,0.05,0.89,0.0,0.0,0.0
每次感到压力山大时，我都会告诉自己：“深呼吸，放松。”生活的每一个难关，都是为了让我们变得更强大。#压力与成长 #放松与自我,0.0,0.06,0.7,0.25,0.07,0.0
今天和朋友一起走进了一个安静的咖啡馆，享受着这份安宁。生活中的宁静时光，真的很珍贵。#咖啡馆与宁静 #生活的简单,0.0,0.0,0.85,0.18,0.0,0.0
最近开始慢慢学会做饭，虽然每次都有点慌乱，但每次吃到自己做的菜，心里都有一种满足感。生活的美好，就是这些细小的成就。#做饭与满足 #生活的美好,0.0,0.0,1.0,0.0,0.0,0.0
听着一首温暖的歌曲，我突然意识到，生活中的每一个温柔的瞬间，都值得我们珍惜。#温暖的歌曲 #生活的温柔,0.08,0.0,0.91,0.0,0.0,0.0
每天的忙碌后，我总是喜欢一个人静静地走在街上，感受夜晚的安静。生活中的这份独处时光，总是让我重新充电。#独处与充电 #夜晚的宁静,0.0,0.0,0.87,0.12,0.11,0.0
看完一部电影，心情久久不能平复。生活中的每一次情感触动，都是成长的一部分。#电影与情感 #成长的触动,0.0,0.05,0.69,0.14,0.25,0.0
今天坐在公园的长椅上，看着人来人往，突然觉得，生活中的每个人都有属于自己的故事。#公园与故事 #每个人的故事,0.0,0.0,0.67,0.26,0.09,0.08
生活有时候很难，但也正是这些困难，让我们学会了坚韧与勇敢。#生活的挑战 #坚韧与勇敢,0.0,0.12,0.8,0.2,0.0,0.0
今天走在路上，看着身边的花开花落，我突然觉得，生活本身就是一场美丽的旅程。#花开花落 #生活的旅程,0.0,0.0,0.92,0.09,0.0,0.08
生活中的许多瞬间都让人感动，就像今天在街角看到一位陌生人给流浪猫喂食。人间的温暖，总是默默存在。#陌生人的温暖 #生活中的爱,0.0,0.09,0.97,0.0,0.0,0.06
每当感到孤单时，我总是告诉自己：“这只是短暂的，我会走得更远。”生活总是教会我们如何独立与坚强。#孤单与坚强 #独立的力量,0.0,0.07,0.75,0.19,0.14,0.0
今天，决定早点休息，给自己一个放松的夜晚。生活中的这些小暂停，让我感到无比珍贵。#放松与休息 #生活的暂停,0.0,0.0,0.79,0.2,0.08,0.0
最近开始学会更加关注自己的情感需求。生活中，我们常常忽略了内心的声音，但它总是在默默提醒我们。#情感与关注 #内心的声音,0.0,0.0,0.47,0.43,0.13,0.0
今天去了一家新开的书店，看到了好多喜欢的书，心情变得特别好。生活中的小确幸，真的很治愈。#书店与治愈 #生活的小确幸,0.0,0.0,1.0,0.0,0.0,0.0
每当我感到不安时，我会告诉自己：“一切都会过去。”生活中的许多不安，最终都会消失。#不安与勇气 #生活的流转,0.0,0.14,0.5,0.37,0.22,0.0
今天和朋友一起聊到未来，我们都对自己的道路充满期待。生活中的每一次讨论，都让我更加坚定了自己的目标。#未来与期待 #坚定的目标,0.0,0.05,0.81,0.17,0.0,0.0
看完一场话剧，突然觉得，生活中的每一个小细节，都会让我们更深刻地理解自己。#话剧与思考 #生活的深度,0.0,0.0,0.65,0.35,0.06,0.0
今天在街头看到一个小孩子对着花儿微笑，我突然觉得，生活中的简单幸福，往往藏在这些小小的瞬间。#孩子与幸福 #生活的简单,0.0,0.0,0.85,0.0,0.0,0.15
每次遇到挑战，我都会告诉自己：“这不过是人生的一部分。”每一次的挑战，都会让我变得更加坚强。#挑战与成长 #勇敢前行,0.0,0.11,0.83,0.12,0.0,0.0
今天去了海边，看到波涛汹涌的大海，忽然觉得，生活就是这样，总是充满变数。#海边与变数 #生活的未知,0.08,0.11,0.31,0.15,0.46,0.1
最近在思考，生活的意义到底是什么。也许，我们每个人都在找寻答案，而答案，或许就在日常的每一个瞬间里。#生活的意义 #寻找答案,0.0,0.0,0.34,0.36,0.14,0.22
