posts,angry,fear,happy,neutral,sad,surprise
每次经过老书店，都会驻足一会儿。里面的每一本书都有故事，有些甚至带着岁月的味道。书籍，真的是生活中最温暖的陪伴。#书店的魅力 #温暖的故事,0.0,0.0,0.95,0.1,0.0,0.0
看完《长安三万里》，沉浸在那段诗意的时光里。那些文字和画面，仿佛给了我一个新的世界。每一次旅行，都值得期待。#长安三万里 #诗意人生,0.0,0.0,0.92,0.12,0.0,0.0
偶尔我会想，未来的自己会是什么模样？经历了这些风风雨雨，是否依旧能保持初心，微笑面对生活的挑战。#未来与初心 #生活的思考,0.09,0.0,0.63,0.17,0.11,0.16
走在清晨的街道上，阳光透过树叶洒在身上。原来，生活的美好就是如此简单，一杯咖啡，一段散步，便能安抚一颗忙碌的心。#清晨的宁静 #生活的美好,0.0,0.0,0.95,0.07,0.0,0.08
听着《飞驰人生》的配乐，突然觉得生活也像赛车一样，时而急速，时而慢下来。我们在这场竞赛中，不必每次都冲得最快，保持自己的节奏才是最重要的。#飞驰人生 #生活的节奏,0.0,0.0,0.84,0.16,0.0,0.0
在忙碌的工作中，突然想到：“做一件事情时，最重要的不是结果，而是过程中的投入与成长。”工作是生活的一部分，享受每一个细节才是对自己最好的奖赏。#工作与成长 #过程中的力量,0.0,0.0,0.78,0.15,0.0,0.0
每个人都在经历着不同的故事，而环境与背景却塑造了我们各自不同的道路。或许，我们所需要的只是一个清晰的方向和坚持的力量。#人生的轨迹 #坚持与努力,0.0,0.0,0.71,0.29,0.0,0.0
看着窗外的细雨，心里忽然有了些许感伤。或许，生活就是这样，时而晴朗，时而阴霾，但无论如何，我们都要勇敢前行。#雨中的思绪 #生活的起伏,0.06,0.08,0.37,0.17,0.41,0.0
今天在街角偶遇了一只流浪猫，它的眼神里充满了无助，却又坚定。那一瞬，我意识到，无论多么艰难，我们都能在困境中找到前行的力量。#流浪猫 #坚韧与希望,0.0,0.14,0.89,0.0,0.0,0.0
上班途中，突然听到一首久违的歌。那一刻，仿佛回到了过去的一段时光，所有的情绪都涌了上来。音乐，真是最能打动心灵的力量。#音乐与回忆 #情感的共鸣,0.0,0.0,0.87,0.08,0.06,0.0
每次看到别人分享旅行的故事，我都会觉得自己也需要去看看更多的世界。也许，旅行不仅仅是去到新的地方，更是去重新认识自己。#旅行与自我发现 #走出去,0.0,0.0,0.76,0.23,0.0,0.0
有时候，人生就像一场电影。我们每个人都是主角，虽然剧本早已写好，但我们依然可以选择如何演绎自己的角色。#人生如戏 #主角的选择,0.0,0.0,0.5,0.49,0.16,0.06
阅读总能带给我宁静。今天又翻开一本喜欢的书，发现自己还是那么沉迷其中，仿佛时间也在这一刻停滞。#阅读的力量 #书中的世界,0.06,0.0,0.72,0.12,0.18,0.07
每当工作压力过大时，我都会去散步，给自己一些独处的时间，放空大脑，重新找回内心的平衡。#压力与平衡 #独处的力量,0.0,0.05,0.57,0.37,0.15,0.0
最近的天气忽冷忽热，似乎正好与我的心情相契合。有些时候，感受不到温暖，但也没有那么冷。或许，生活本就有这样的过渡期。#天气与心情 #生活的过渡,0.0,0.0,0.57,0.29,0.14,0.09
昨晚看了《推拿》，虽然故事平淡，却让我反思了很多，尤其是关于人性与情感的部分。每个故事背后都有更深的思考。#推拿 #人性与情感,0.0,0.0,0.38,0.56,0.13,0.0
旅行时，偶然与一位陌生人交谈，竟发现我们有那么多相似的想法和经历。人生的奇妙之处，莫过于每一次的相遇和相知。#旅行与陌生人 #缘分,0.0,0.0,0.68,0.15,0.1,0.22
有时候我会反思自己，为什么总是想要满足别人，忘了自己内心真正的需求。也许，是时候学会倾听自己了。#自我反思 #内心的需求,0.0,0.0,0.2,0.34,0.44,0.0
看到一则故事，说的是一个人如何在困境中依然保持对生活的热爱。读完后，我也感受到一种力量，那就是无论何时，保持积极的心态。#积极与困境 #生活的力量,0.0,0.0,0.77,0.23,0.0,0.0
今天去了一家新开的小餐馆，吃到一口热腾腾的汤，瞬间觉得世界变得温暖。生活中的小确幸，真的能治愈一切疲惫。#美食与治愈 #小确幸,0.0,0.0,1.0,0.0,0.0,0.0
最近总是忙得停不下来，偶尔会想，生活是不是应该放慢些步伐，享受更多与自己相处的时光。#忙碌与停顿 #享受生活,0.07,0.0,0.62,0.2,0.19,0.08
听到有人说“生活就是在压力中找到平衡”，突然觉得这句话太有道理了。每个人都有属于自己的节奏，不必去模仿他人。#生活的节奏 #压力与平衡,0.0,0.0,0.62,0.32,0.08,0.07
看着窗外的云，心里有些沉思。生活中的不如意，总会有时候，但云彩过后，总会有阳光照进来。#不如意与阳光 #生活的起伏,0.0,0.07,0.19,0.31,0.55,0.0
朋友给我推荐了《长日将尽》，看完后深有感触。每个人都在自己的生活中扮演着独特的角色，而那些故事，总是让人深思。#长日将尽 #人生的故事,0.0,0.0,0.66,0.29,0.15,0.0
总是在忙碌中忘记自己，偶尔停下来，才发现自己有多少事情没有去做。人生，不只是工作，还有许多值得珍惜的瞬间。#忙碌与生活 #珍惜每一刻,0.0,0.0,0.81,0.0,0.16,0.0
想起过去的一段时光，虽然有些迷茫，但那时的我学会了如何从困境中找到出口。生活，总是给我们带来一些意外的惊喜。#过去与成长 #困境中的出路,0.0,0.13,0.79,0.08,0.0,0.1
今天去参加了一个小型聚会，大家聊得很开心。偶尔和朋友们分享一下彼此的生活，真的很治愈。#朋友与聚会 #心灵的慰藉,0.0,0.0,0.96,0.08,0.0,0.0
看着窗外的繁忙街道，我突然意识到，生活中不只有工作，还有无数值得去体验的瞬间。或许，这才是人生的真谛。#生活与体验 #忙碌中的思考,0.05,0.0,0.6,0.25,0.11,0.13
最近对“时间管理”有了新的认识。它不仅仅是安排任务，更是如何有效地给自己留出一些喘息的空间。#时间管理 #生活的智慧,0.0,0.0,0.63,0.49,0.0,0.0
有时，我在想，真正的自由是什么？是否就是可以随心所欲地做自己喜欢的事，哪怕是最简单的事情？#自由与生活 #追寻心灵的自由,0.0,0.0,0.51,0.26,0.0,0.17
最近学会了如何给自己留些时间，去做那些平时被忽视的小事。生活，就是在这些小事中慢慢变得丰富多彩。#留白与生活 #平凡中的美好,0.0,0.0,0.94,0.12,0.0,0.0
看完《飞驰人生》，有点想去跑一场马拉松。人生，也像是一场马拉松，需要坚持，需要不断超越自我。#飞驰人生 #人生如赛,0.0,0.0,0.78,0.19,0.08,0.0
每个人心中都有一个理想的世界，或许这就是我们不断追求的动力。即使生活充满波折，我们依然向往着那个光明的未来。#理想与现实 #生活的动力,0.0,0.0,0.88,0.14,0.0,0.0
在日复一日的工作中，我渐渐发现，保持内心的平静是多么重要。只有心安，才能真正享受生活的每一刻。#平静与工作 #生活的艺术,0.0,0.0,0.73,0.32,0.0,0.0
看着自己最近的进步，心里充满了满足感。人生的道路不必太快，慢慢走，最终会到达理想的彼岸。#进步与生活 #慢慢走,0.0,0.0,0.98,0.06,0.0,0.0
生活中总有一些不经意的小事，它们给了我力量，让我继续走下去。或许，正是这些微小的力量构成了生命的真正意义。#生活的力量 #小事的美好,0.0,0.0,1.0,0.05,0.0,0.0
今天去了一个新开的展览，看到许多不一样的艺术作品，心情瞬间变得轻松。生活中，总需要一些新的体验来调剂。#艺术与生活 #新体验,0.07,0.0,0.8,0.18,0.0,0.07
最近开始尝试冥想，发现它真的能帮助我放松心情。生活，或许就需要这样一个方式，来对抗日常的繁杂。#冥想与放松 #生活的小方法,0.0,0.0,0.59,0.4,0.0,0.1
看完电影，觉得自己有点像电影中的角色，总是充满思考。每个人的内心深处，都藏着一个属于自己的故事。#电影与自我 #内心的故事,0.0,0.0,0.55,0.38,0.12,0.1
有时候，给自己一些空间，静下心来，就能发现生活中隐藏的美好。#给自己空间 #生活的美好,0.0,0.0,0.86,0.18,0.0,0.0
看着窗外的夜景，忽然有种深深的宁静感。生活中的很多事情，都需要我们去沉淀，去感悟。#夜景与沉淀 #生活的哲理,0.0,0.0,0.66,0.38,0.11,0.0
今天突然想到，人生有很多不确定性，但不管怎么样，我们都可以掌控自己的心态。#人生与心态 #控制与释放,0.0,0.0,0.65,0.29,0.0,0.07
和朋友一起回忆过去的时光，原来那些年少轻狂的日子，成了我们最珍贵的回忆。#回忆与成长 #珍贵的时光,0.0,0.0,0.88,0.0,0.09,0.09
看着自己经历过的那些波折，忽然明白，生活的美好不是没有痛苦，而是在痛苦中依然能看到希望。#波折与希望 #生活的力量,0.0,0.06,0.96,0.0,0.0,0.0
最近读了一本书，讲述了一个人如何克服内心的恐惧，去追寻自己的梦想。或许，人生就是这样，要勇敢地走下去。#书与梦想 #勇敢追寻,0.0,0.13,0.71,0.18,0.0,0.0
日常的生活里，常常被琐碎的事情困扰。偶尔静下心来，看看星空，感受一份从容和宁静。#静谧与生活 #星空的治愈,0.0,0.0,0.65,0.33,0.15,0.0
看着别人生活的样子，我不禁思考，我们每个人都在以自己的方式活着。或许，最重要的是找到自己最真实的节奏。#生活与节奏 #真实的自己,0.0,0.0,0.75,0.14,0.0,0.11
旅行时，突然觉得自己有点迷失，但迷失中又找到了新的方向。人生，就是这样不断探索，不断发现。#旅行与迷失 #探索的意义,0.0,0.0,0.75,0.2,0.0,0.12
最近开始关注自己的情绪，学会如何调节自己的状态。原来，情绪的管理也是生活中不可忽视的一部分。#情绪管理 #生活的智慧,0.0,0.0,0.59,0.48,0.0,0.0
看着窗外的雨，心里突然涌现出一股温暖。生活就像这场雨，带着冷冽，却也有治愈的力量。#雨与温暖 #生活的力量,0.0,0.07,0.94,0.06,0.0,0.06
