posts,angry,fear,happy,neutral,sad,surprise
这次出差回来，感觉自己像个迷路的旅行者，每一站都是新的开始。虽然很忙，但每次和陌生的城市发生短暂的联系，都让我感到温暖。#旅行的意义 #生活中的短暂相遇,0.0,0.0,0.93,0.0,0.0,0.09
今天听了几首歌，突然想起了过去的自己，那个迷茫、却又渴望改变的自己。时间真是一个奇妙的东西，带走了很多，也留下了许多。#过去与现在 #时间的力量,0.0,0.05,0.77,0.1,0.14,0.11
不知道从什么时候开始，生活变得越来越平淡，反而喜欢这样安静的日子。也许，最真实的幸福，就是在平凡中找到的那一丝宁静。#平凡的幸福 #生活中的小确幸,0.0,0.0,0.94,0.0,0.0,0.13
又一次在街头遇到一个陌生人，他笑着和我说了句“你好”。生活中，这样简单的问候让我意识到，人与人之间的温暖其实很简单。#简单的温暖 #人与人之间的联系,0.0,0.0,0.74,0.21,0.08,0.09
今天做了一个决定，虽然很难，但觉得自己必须做。生活本来就是一场不断选择和放弃的旅程，只有学会选择，才能继续前行。#人生的选择 #前行,0.0,0.0,0.71,0.17,0.07,0.07
在忙碌中稍微停下来，才发现自己忽略了多少美好的细节。今天的晚霞真美，仿佛整个世界都在沉浸在温暖的色调中。#生活中的美好 #停下脚步,0.0,0.0,0.94,0.0,0.0,0.0
生活里最难的事，就是学会与自己和解。有时候，内心的冲突和外界的压力让人迷失，但学会放下，才能迎接新的开始。#与自己和解 #新的开始,0.0,0.0,0.72,0.18,0.08,0.0
有时候，真正的勇气不是面对外界的挑战，而是面对内心的恐惧。在沉默的时刻，我找到了内心的力量。#内心的力量 #面对恐惧,0.0,0.24,0.69,0.14,0.1,0.0
工作再忙，也要记得给自己留一点时间。今天下班后，随便走到街头，喝了一杯温暖的咖啡。那一刻，感觉一切都变得值得。#生活中的小幸福 #自我关怀,0.0,0.0,0.94,0.0,0.0,0.06
看着窗外的雨，心情变得有些沉重。也许，有时候，生活中的低谷并不坏，正是它让我们更加珍惜那些阳光明媚的日子。#低谷与高峰 #珍惜阳光,0.0,0.0,0.69,0.14,0.2,0.0
又是一个快节奏的日子，忙碌间偶尔会有些失落，但也能从偶然的笑声和一个小小的温暖中找到平衡。生活就是如此，充满了不确定，但也有温暖的瞬间。#忙碌与平衡 #生活中的温暖,0.0,0.0,0.99,0.0,0.0,0.06
其实，我一直在寻找一种平衡点——既能跟随自己的梦想，又能脚踏实地地生活。渐渐地，发现这两者并不矛盾，只需要耐心和勇气。#梦想与现实 #耐心与勇气,0.0,0.0,0.84,0.18,0.0,0.0
今天突然明白了，人生中的每一个瞬间，都值得珍惜。无论是忙碌的工作，还是安静的时光，它们都是我们生活的一部分。#珍惜每一刻 #生活的意义,0.0,0.0,0.86,0.06,0.0,0.08
有时候，生活中的挑战并不可怕，反而是让我们变得更加坚强的动力。今天，我又一次跨越了一个小小的难关，虽然不大，但很有成就感。#挑战与成长 #小小成就,0.0,0.08,1.0,0.0,0.0,0.0
看着手机里一张张久违的合照，突然意识到，过去的那些人和事，都已经成为了我生命中的一部分。无论如何，它们都值得被记住。#记忆与时光 #生活中的人,0.07,0.0,0.7,0.1,0.18,0.07
一个人的孤独，其实是一个深刻的自我探索过程。虽然孤单，但在这段时间里，我学会了如何与自己相处。#孤独与自我 #内心的探索,0.0,0.14,0.49,0.4,0.13,0.08
每次完成一项任务后，都会有一种莫名的满足感。虽然任务不大，但那份成就感，能让我觉得生活还是有意义的。#任务与成就 #生活的意义,0.0,0.0,0.93,0.0,0.0,0.0
今天早上，阳光透过窗帘洒进屋里，我忍不住停下了手头的工作，静静地看着它。生活中的这些小细节，才是最温暖的部分。#阳光与温暖 #生活的细节,0.0,0.0,0.82,0.15,0.0,0.0
有时候，生活中的压力会让人喘不过气来，但在这片压力中，也隐藏着成长的机会。接受它，才能从中获得更多的力量。#压力与成长 #生活中的机会,0.0,0.09,0.54,0.38,0.11,0.0
生活中的小确幸，总是在意想不到的时刻出现。今天，竟然在忙碌的工作中收到了一张朋友寄来的明信片，瞬间感觉温暖。#小确幸 #生活的温暖,0.05,0.0,1.0,0.0,0.0,0.1
每个人都有属于自己的节奏，忙碌的时候，偶尔放慢脚步，才能更好地感受生活的美好。今天，我决定给自己放个假。#放慢节奏 #感受生活,0.0,0.0,0.84,0.18,0.0,0.06
总觉得自己还不够好，但今天忽然想通了，其实，每个人的成长过程都是独一无二的，我们只需要做最好的自己。#成长与自我 #做最好的自己,0.0,0.0,0.76,0.13,0.0,0.08
昨天的一个小小决定，今天给我带来了意想不到的惊喜。生活真的很奇妙，每个选择都能带来新的转机。#选择与惊喜 #生活的奇妙,0.0,0.0,0.91,0.0,0.0,0.21
今天终于完成了一个很重要的项目，虽然很累，但那种完成后的满足感让我觉得一切都值得。#工作与成就 #努力的结果,0.06,0.0,1.0,0.0,0.0,0.0
看着天上的云，我想，每个人的生活就像那片云，有时风和日丽，有时风雨交加。最重要的，是学会在变幻中保持内心的平静。#生活的变幻 #内心的平静,0.0,0.0,0.73,0.27,0.0,0.0
今天早上起得很早，坐在窗前，看着太阳升起。那一刻，觉得自己与世界的连接变得更加紧密，仿佛每个新的一天，都是新的开始。#新的一天 #与世界的连接,0.05,0.0,0.91,0.0,0.0,0.09
每次走过繁忙的街道，总觉得人群中每个人都有自己的故事。生活真的很神奇，每个人的故事都值得被聆听。#人群中的故事 #生活的神奇,0.0,0.12,0.9,0.06,0.0,0.13
和朋友一起度过的夜晚，虽然很简单，但却让我感到无比的温馨。生活的美好，不在于大场面，而在于这些平凡的时光。#友情与时光 #平凡的美好,0.0,0.0,1.0,0.05,0.0,0.05
今天终于看到了一场期待已久的演出，虽然不完美，但依然让我充满感动。生活中的很多事，最终都会在不经意间给我们带来惊喜。#演出与感动 #生活的惊喜,0.06,0.0,0.99,0.0,0.0,0.11
每个人都在不断追寻自己的目标，但我渐渐明白，真正的幸福不是找到目标，而是学会在追寻的过程中享受每一刻。#追寻与幸福 #享受过程,0.0,0.0,0.85,0.14,0.0,0.0
今天在街头看到一个小孩子在玩耍，突然想起自己小时候的时光。生活中有些瞬间，真的让人怀念。#童年与怀念 #生活中的瞬间,0.0,0.14,0.33,0.0,0.56,0.1
生活的点滴积累，最终会成就我们的未来。每一天的努力，都在悄悄地改变我们的人生轨迹。#努力与改变 #生活的积累,0.0,0.0,0.88,0.17,0.0,0.0
最近总是被各种琐事困扰，但今天我决定给自己放松一下。生活并不需要总是那么紧张，有时候，放松也是一种力量。#放松与力量 #生活中的宁静,0.0,0.0,0.82,0.24,0.0,0.05
今天和朋友一起去看了一场电影，虽然是很简单的活动，但却让我感到久违的轻松。生活中，简单的快乐才是最珍贵的。#电影与快乐 #生活的简单,0.0,0.0,0.96,0.1,0.0,0.0
在工作中总是追求完美，但今天我意识到，完美并不总是最重要的，最重要的是做自己最想做的事，享受每一个过程。#完美与过程 #享受工作,0.0,0.0,0.9,0.1,0.0,0.0
看了一些关于自我成长的书，渐渐明白了，真正的成长不仅仅是外在的变化，更是内心的成熟与升华。#自我成长 #内心的成熟,0.0,0.0,0.74,0.28,0.0,0.0
今天走进了一家小咖啡馆，坐下后才发现，原来最简单的东西就能带给我们最真实的快乐。#咖啡馆的宁静 #简单的快乐,0.0,0.0,0.91,0.1,0.0,0.15
最近，生活中充满了很多不确定性，但每当我停下来，听听自己的内心，我就能找到前进的方向。#不确定性与内心 #前进的方向,0.0,0.08,0.64,0.22,0.05,0.0
生活不可能永远平顺，但每一次的挑战，都让我们变得更加坚强。今天，我又克服了一个小小的难关。#挑战与坚强 #生活的力量,0.0,0.09,1.0,0.0,0.0,0.0
看着手机上的通知，突然意识到，生活中总有一些不期而遇的惊喜，给我们的每一天带来意外的亮点。#不期而遇 #生活的惊喜,0.05,0.0,0.89,0.0,0.0,0.24
走过的每一条街，每一段路，都是我们生活的一部分。即使是短暂的停留，也能带给我们深刻的感悟。#生活的街道 #深刻的感悟,0.0,0.0,0.86,0.19,0.0,0.0
最近总觉得自己在追逐些什么，却总是感到有些迷茫。也许，真正的答案并不在前方，而在我们自己的心中。#迷茫与答案 #内心的探索,0.0,0.11,0.2,0.39,0.35,0.12
有时候，生活的节奏太快，让我们忽略了许多细节。今天，我决定慢下来，去感受那些被遗忘的美好。#生活的节奏 #感受美好,0.0,0.0,0.85,0.07,0.13,0.06
今天看了一本书，虽然它的内容简单，但却让我感到一种久违的平静。或许，简单的生活才是最值得追求的。#简单与平静 #生活的哲理,0.0,0.0,0.71,0.33,0.0,0.06
在忙碌的工作中，我偶尔会停下来想想：我真正追求的是什么？生活不仅仅是完成任务，更多的是寻找属于自己的意义。#工作与意义 #生活的追求,0.0,0.0,0.48,0.38,0.08,0.14
生活中总是充满了选择，而每一次选择都会改变我们的未来。今天，我做了一个重要的决定，也许它会成为未来的转折点。#选择与未来 #重要的决定,0.0,0.0,0.53,0.36,0.0,0.1
最近总是感觉自己被困在一个循环中，但今天我决定走出这片困境，去寻找新的机遇。#困境与突破 #寻找机遇,0.0,0.15,0.55,0.3,0.0,0.09
今天在街头看到一位老人，他的眼神中透露出一种深沉的智慧。生活真的是一种积淀，每个人的背后都有一段故事。#老人的智慧 #生活的故事,0.0,0.0,0.78,0.33,0.0,0.0
每次旅行回来，我都会想，为什么城市的喧嚣总是那么让人感到疲惫。或许，真正的宁静，在于那些远离喧嚣的时刻。#旅行与宁静 #远离喧嚣,0.0,0.0,0.39,0.37,0.34,0.0
走进一家书店，空气中弥漫着纸张的香气。每一本书，都像是一个新的世界，等待着我去探索。#书店与探索 #新世界,0.0,0.0,0.58,0.36,0.0,0.09
