posts,angry,fear,happy,neutral,sad,surprise
有时候，突然发现时间过得真快。回到家，狗狗的模样还是那样，却不知不觉间它已经慢慢变老。忽然就觉得心里有些酸楚。#时光流逝 #陪伴与成长,0.0,0.05,0.15,0.0,0.96,0.0
为什么现在的审美标准这么单一？我一直更喜欢那些有气质的偶像。或许我只是适合活在那个更加宽容的年代。#审美标准 #时代的变迁,0.14,0.0,0.26,0.36,0.21,0.16
总是以为自己能做到换位思考，但有时却发现自己仍旧没有站在他人的角度。你怎么对我，我只能换位思考，才理解这一切。#换位思考 #人与人之间,0.0,0.0,0.12,0.35,0.48,0.08
总觉得身边的长辈总是用“我们那时候多辛苦”来教育我，却不理解如今的我们面临的是不同的挑战。#成长的难题 #不同时代,0.0,0.06,0.1,0.24,0.51,0.14
真是不可思议，这块薯饼小得几乎可以放在巴掌上，却能让我吃这么久，难道是我胃变大了？#自我调侃 #食量升级,0.0,0.12,0.44,0.0,0.08,0.51
高考倒计时一个月，回头看看，时光过得太快。那些和高考有关的回忆仍然清晰如昨日，仿佛昨天才刚刚结束。#时光匆匆 #回忆,0.0,0.1,0.33,0.14,0.58,0.06
最近这天气，潮湿多雨，也许是天气也在映射我的心情。就像这些雨水一样，温柔地打湿心底的忧愁。#天气与心情 #情感共鸣,0.05,0.0,0.68,0.19,0.17,0.0
感觉有时自己被一些无意义的事情拖住了脚步。即便是小小的作业，它们也能占据我大半的脑海。#生活琐事 #焦虑,0.0,0.21,0.0,0.0,0.84,0.0
每次准备考试，都会觉得脑袋里像是灌了浆糊，什么都记不住。就算用心去听课，还是难以集中注意力。#焦虑与学习 #学业压力,0.07,0.18,0.0,0.16,0.73,0.0
小小的口腔溃疡让我很烦躁，不仅影响了吃饭，连说话也不太方便。真是个让人难受的小问题。#生活中的小困扰 #烦恼,0.44,0.1,0.0,0.0,0.57,0.0
高三那段日子，时间的流逝带走了许多记忆，也带走了两位最爱我的亲人。每次想起，心里总是五味杂陈。#失去与回忆 #亲人的缺席,0.0,0.08,0.1,0.05,0.98,0.0
时光过去，有些事情你再也回不到过去的状态。我也不再是那个可以随意追逐梦想的人，生活给了我太多的教训。#成长的代价 #过往的遗憾,0.0,0.0,0.12,0.0,0.98,0.0
高校生活总是如此匆忙，白天听着同学们的讨论，晚上还是那些考试的题目。忙碌，让我忘记了自己最初的梦想。#大学生活 #成长的迷茫,0.0,0.13,0.12,0.08,0.72,0.0
过去的一切，我有时真的很想忘记。可是记忆却总是像洪水一样涌上来，带走一切理智与冷静。#记忆的困扰 #无法逃避的过去,0.0,0.12,0.0,0.05,0.89,0.0
不知道从几岁开始，幸福似乎就成了奢望。每次看到别人过得平静，我就会不自觉地感到一阵羡慕，心里也有些失落。#失落与羡慕 #幸福的缺失,0.0,0.13,0.17,0.0,0.8,0.0
总是觉得生活中的小事更能触动人心，像是一个微笑，一句问候。或许这就是我们一直向往的平凡和简单。#平凡的幸福 #生活的美好,0.11,0.0,1.0,0.0,0.0,0.05
其实并不是我不想去学校，而是那种强迫自己起床的痛苦。每个清晨，心中都充满了对新一天的抵触。#早晨的痛苦 #学业压力,0.08,0.15,0.0,0.0,0.79,0.0
每次回忆起过去的那些时光，心情总是有些复杂。或许生活真的就是这样，充满了无法忘怀的回忆和未完成的梦想。#回忆与成长 #未完成的梦,0.0,0.1,0.26,0.1,0.61,0.0
那些平淡无奇的日子，总是给人最深刻的回忆。尽管我们一度觉得它们微不足道，但回头看，才发现它们才是生活的全部。#平凡的日子 #珍贵的回忆,0.0,0.0,0.84,0.0,0.14,0.1
一想到新的一天开始了，又要早起又要忙碌，我就感到一阵压抑。生活的负担好像越来越重了，心里充满了不安。#生活的压力 #内心的焦虑,0.1,0.24,0.0,0.0,0.75,0.0
有时候，孤独并不可怕，最可怕的是习惯了孤独，变得不再去追寻任何的联系。今天，我尝试去打破这份孤单。#孤独与自我 #打破孤单,0.0,0.33,0.32,0.28,0.2,0.08
每当走在学校的走廊里，看着一张张熟悉的面孔，突然就明白，尽管我们都在同一个地方，但每个人的世界都不同。#校园生活 #个体的孤独,0.06,0.16,0.09,0.33,0.59,0.1
无论是大事小事，生活总是充满了挑战。每个小小的决策，都可能带来不同的结果。今天，我努力去做出最好的选择。#生活的选择 #努力前行,0.0,0.0,0.82,0.09,0.0,0.0
不知道什么时候开始，我开始对一些小事感到焦虑。每个小小的不完美，都能让我不安。或许，放下这些担忧，才能找到真正的平静。#焦虑与放下 #自我成长,0.0,0.16,0.33,0.25,0.39,0.06
看着朋友们的生活越来越好，我心里不禁有些嫉妒。可是，嫉妒只会让我迷失自己。我想我应该更专注于自己的未来。#嫉妒与反思 #自我成长,0.0,0.16,0.39,0.13,0.35,0.0
生活中总有一些无法控制的事，我们能做的，只是调整自己的心态。今天，我决定试着放松自己，接受一切发生。#心态调整 #接受现实,0.0,0.0,0.53,0.34,0.13,0.0
今天走在路上，突然看到一片落叶飘落，瞬间感觉到一丝温暖。或许，生活的美好就藏在这些微小的瞬间里。#生活中的美好 #细节的力量,0.0,0.0,0.94,0.0,0.0,0.1
想念家里的温暖，想念那些熟悉的声音。每次外出，总觉得有些空荡荡的，心里总是惦记着家。#思乡情绪 #家的牵挂,0.0,0.15,0.13,0.13,0.85,0.0
生活中总有些让人感动的小事，比如一个朋友的关心，一句简单的问候。今天，我感受到了这份来自他人的温暖。#友情与关怀 #生活的温暖,0.0,0.0,0.99,0.0,0.0,0.0
每当面对困难，我总会告诉自己，这是一次成长的机会。尽管过程辛苦，但最终我会变得更强大。#困难与成长 #坚持的力量,0.0,0.08,0.94,0.08,0.0,0.0
看着窗外的雨，我突然想起了过去那些难忘的时光。雨水就像是我的心情，湿润了，模糊了，却又带着一些淡淡的思念。#雨天与回忆 #内心的柔软,0.06,0.08,0.56,0.16,0.37,0.0
生活总是这样，平淡无奇却充满意义。尽管有时会觉得无聊，但每一段时间的流逝，都是我们成长的一部分。#生活的平淡 #成长的过程,0.0,0.0,0.93,0.12,0.07,0.06
今天走在路上，看着身边的人们匆匆走过，突然觉得，大家都在为各自的未来奔波。我也不例外，努力过好每一天。#忙碌与奋斗 #生活的步伐,0.08,0.0,0.93,0.0,0.0,0.0
每次心情不好的时候，都会忍不住想找个地方安静待一会儿。也许，真正的平静并不来自外界，而是来自内心的安宁。#寻找平静 #内心的安宁,0.0,0.0,0.46,0.37,0.19,0.0
生活中的一些琐事，似乎总是无法避免。虽然我知道它们是生活的一部分，但有时真的好想逃离。#琐事与逃避 #生活的重负,0.0,0.12,0.0,0.09,0.84,0.0
总觉得，生活是一个永远无法完全预料的旅程。每一步都会遇到新的挑战，但也总能收获新的风景。#人生的旅程 #未知的挑战,0.0,0.06,0.73,0.09,0.11,0.05
生命中总是充满了不期而遇的温暖。今天，我遇到了一个陌生人，他的一个微笑，竟然让我感到温暖。#陌生人与温暖 #生活的奇遇,0.0,0.07,0.87,0.0,0.0,0.23
看着镜子里的自己，突然意识到，我也许真的老了。可是，生活并不在乎年龄，它只在乎我们是否还在努力追求自己的梦想。#年龄与梦想 #自我反思,0.0,0.08,0.34,0.24,0.41,0.11
有时候，生活并不像我们想象的那样美好，但每当我们努力去面对，才会发现，生活的真正意义不在于完美，而在于勇敢。#勇敢与生活 #面对挑战,0.0,0.11,0.82,0.17,0.0,0.0
想到未来的路，我不禁感到一丝恐惧。可是，或许这正是我成长的过程。每一次的恐惧，都是对未知的探索。#未来与恐惧 #成长的勇气,0.0,0.41,0.54,0.14,0.08,0.06
每个人都有自己的故事，而我也在不断书写着自己的篇章。今天，我终于意识到，过去的一切，都是我走向未来的桥梁。#人生的故事 #走向未来,0.0,0.0,0.8,0.13,0.0,0.0
在生活的点滴中，我们学会了成长。每一次的失败，都是为了让我们更好地理解自己，进而变得更加坚强。#成长与失败 #自我认知,0.0,0.05,0.64,0.3,0.11,0.0
每当我感到迷茫时，我都会告诉自己：这一切只是暂时的，未来会更好。#迷茫与希望 #前行的动力,0.0,0.06,0.86,0.12,0.0,0.0
今天，我再次走在这条熟悉的街道上，忽然觉得，生活中最珍贵的，往往就是那些看似不起眼的小事。#珍惜每一刻 #生活的意义,0.0,0.0,0.83,0.0,0.07,0.1
生活的节奏越来越快，偶尔也会觉得疲惫。可是，每当回想起曾经的自己，我都觉得，所有的努力都是值得的。#努力与回忆 #前行的力量,0.0,0.07,0.95,0.0,0.13,0.0
看着身边的人都在为未来奋斗，我也开始认真思考自己的目标。或许，是时候重新定义我的人生了。#人生的目标 #重新定义,0.0,0.0,0.77,0.12,0.09,0.06
每一次的决定，都会影响未来的方向。今天，我决定不再为过去的错误自责，而是用心去追逐未来的梦想。#决定与未来 #放下过去,0.0,0.0,0.66,0.29,0.0,0.05
想念家的温暖，想念那些熟悉的声音。每次回家，总是能感受到一种无言的安慰。#家的温暖 #思乡之情,0.0,0.07,0.32,0.06,0.61,0.0
今天，我做了一个决定，要开始更加专注于自己的内心。人生并不复杂，重要的是，我们是否真正明白自己想要什么。#自我认知 #内心的追求,0.0,0.0,0.59,0.37,0.0,0.1
每次遇到挫折，我都会想起那些曾经鼓励过我的人。他们的支持，成了我前进的动力。今天，我也想给自己一点鼓励。#鼓励与支持 #自我激励,0.0,0.05,0.87,0.14,0.0,0.0
