posts,angry,fear,happy,neutral,sad,surprise
有时候，我的爱就是全身心地投入，不留余地。不管别人怎么说，做自己觉得对的事才是最重要的。#真诚 #自我表达,0.0,0.0,0.8,0.2,0.0,0.0
最近我迷上了Stevie Wonder的《Songs in the Key of Life》。这张专辑对我来说不只是音乐，更像是生活的某种哲学。#音乐的力量 #灵魂之声,0.0,0.0,0.6,0.45,0.0,0.0
今天买了一辆二手保时捷macan，虽然是二手的，但感觉像是一种对自己的奖励。谁说生活不能有惊喜呢？#人生小确幸 #偶像梦,0.0,0.0,0.95,0.0,0.0,0.14
每当听到自己最喜欢的歌，总会有一种特别的情感涌上心头。爱音乐的人真的是不一样，每个音符里都有深刻的联系。#音乐的力量 #心灵共鸣,0.06,0.0,0.92,0.1,0.0,0.0
每次我让自己忙得团团转，觉得忙碌能让我得到意义，却也常常在疲惫中感到一种空虚。#生活的矛盾 #自我反思,0.1,0.08,0.06,0.21,0.59,0.0
好的哲学书，不仅仅是理论，它们在字里行间展现的是生活的智慧，像诗一样细腻。#哲学与生活 #深刻思考,0.0,0.0,0.57,0.54,0.0,0.0
以为自己不够好，却忽视了其实我有无限的潜力。是时候开始相信自己，过上我想要的生活。#自我认知 #成长的力量,0.0,0.05,0.88,0.07,0.07,0.0
在这个躁动的世界里，偶尔听一段简单的旋律，心里便会恢复平静。音乐真的是治愈灵魂的良药。#治愈 #音乐之美,0.0,0.0,0.78,0.29,0.07,0.0
生活中有些人总是那么真诚，虽然让人一开始觉得不太适应，但我开始欣赏那些毫不做作的人。#真实 #人与人之间,0.0,0.0,0.95,0.07,0.0,0.0
最近一段时间，我把生活安排得满满的，觉得自己在努力，但也不禁开始怀疑，究竟忙碌和充实之间的界限在哪里。#生活的节奏 #自我审视,0.06,0.1,0.38,0.23,0.18,0.21
看着这部电影，我突然明白了一个道理：我们每个人都像是在寻找一种不朽的存在，追求意义的过程其实才是生命的核心。#电影感悟 #生命的意义,0.0,0.0,0.54,0.45,0.0,0.09
你所遇到的所有困难，都会教会你些什么。今天我做了一个决定：无论未来如何，我都将坚持自己的选择。#决心 #生活的挑战,0.0,0.0,0.72,0.2,0.0,0.0
每次觉得生活太沉重时，听一段轻快的音乐就能轻松自如地释怀。#音乐的力量 #心灵的放松,0.0,0.0,0.81,0.31,0.07,0.0
走在路上，偶尔看到陌生人笑一笑，突然觉得人生其实很美好。#偶然的温暖 #生活的馈赠,0.0,0.0,1.0,0.0,0.0,0.08
在朋友面前，我们有时过于压抑自己，但偶尔把内心的声音表达出来，也许会更自由。#友情 #自我表达,0.0,0.0,0.64,0.37,0.09,0.0
看着自己的人生，常常想，我们其实是一个个独立的小宇宙。每个人都有自己要走的路，也都有自己要完成的使命。#人生感悟 #自我探索,0.0,0.0,0.55,0.41,0.07,0.07
每个人的生命都像是一首未完的歌，而我正在寻找自己的旋律。#生命的旋律 #寻找自我,0.0,0.0,0.58,0.3,0.11,0.0
今天偶然翻到一张旧照片，突然想起那些日子里的笑声和眼泪。过往的记忆，虽然有些痛，却也让人感到温暖。#回忆 #生活的真谛,0.0,0.0,0.95,0.0,0.09,0.0
生活总是充满不确定，但我们能做的就是无畏地迎接每一个明天。#勇气 #面对未知,0.0,0.1,0.86,0.11,0.0,0.0
不管前路多么漫长，记得带着爱与希望出发。那样你就能走得更远。#生活的希望 #勇敢前行,0.0,0.08,0.93,0.0,0.0,0.0
我知道我可能不会是那种让每个人都喜欢的人，但我更珍视能找到自己喜欢的事和人。#自我肯定 #珍惜真正的自己,0.0,0.0,0.87,0.13,0.0,0.0
有时候，不必总是太过于紧张，生活会带给你意想不到的惊喜。就像今天的小小成功，虽然不大，但却让我感到无比满足。#生活的惊喜 #自我鼓励,0.09,0.0,1.0,0.0,0.0,0.0
今天做了一个小小的决定，去改变一些不合适的地方。我相信，只有做出改变，才能走得更远。#改变 #前行,0.0,0.0,0.75,0.17,0.0,0.06
每当我感觉自己迷失时，总会回忆起那些小小的幸福瞬间，它们让我重新找回自己。#幸福 #自我恢复,0.0,0.0,0.87,0.05,0.14,0.0
生活的美好，有时并不在于某个宏大的目标，而是在于那些细微的幸福时刻。#生活的美好 #细节中的温暖,0.0,0.0,0.95,0.1,0.0,0.06
看着自己从小到大的改变，突然觉得，成长的过程真是充满了惊喜与挑战。#成长的意义 #自我进化,0.0,0.0,0.89,0.0,0.0,0.07
今天跟朋友一起去看了场演唱会，虽然累，但回头想想，心里却充满了满足。#音乐的力量 #朋友的陪伴,0.0,0.0,1.0,0.0,0.0,0.0
最近学了一些新技能，虽然只是小小的进步，但看到自己的努力有了回报，还是很开心。#自我提升 #小成就,0.0,0.0,1.0,0.0,0.0,0.0
心理学说：我们的每一个决定，都是基于过去的经验和未来的期待。所以无论现在如何，记得你已经走了很长的路。#人生哲理 #走过的路,0.0,0.0,0.56,0.42,0.13,0.0
今天突然意识到，自己其实拥有比我想象的更多力量。是时候真正站起来，面对生活中的一切挑战。#自我觉醒 #勇敢面对,0.0,0.09,0.83,0.1,0.0,0.0
生活的压力，常常让我们感到喘不过气来，但每当我看到别人依然微笑，我就觉得，一切都能过去。#压力与微笑 #面对挑战,0.0,0.12,0.74,0.11,0.12,0.0
那些曾经我以为无法承受的痛苦，今天看起来都变得微不足道。时间，真的是最好的疗伤药。#时间的治愈 #生活的智慧,0.0,0.0,0.93,0.09,0.16,0.0
生活中的小困扰，总是不断地提醒我，学会放下。放下不重要的，专注于重要的，这才是生活的真谛。#生活的哲学 #放下,0.0,0.0,0.71,0.34,0.0,0.0
和朋友一起做些无聊的事，也是一种难得的幸福。因为我们知道，即使是最简单的瞬间，也能带来无限的快乐。#友情 #简单的快乐,0.05,0.0,1.0,0.0,0.0,0.0
每个人都有自己的故事，而我们能做的，就是耐心听别人讲完。#理解与包容 #人与人之间,0.0,0.0,0.59,0.5,0.0,0.0
有时我们总是想要追求更多，却忽略了已经拥有的。今天，我决定感恩现在的自己，感恩一切。#感恩 #生活的美好,0.0,0.0,0.97,0.0,0.0,0.09
旅行的时候，我常常会想到，生活的意义不仅仅在于目的地，而是在于每一段旅程中的点滴体验。#旅行 #生活的意义,0.0,0.0,0.63,0.35,0.0,0.15
每个决定都有它的后果，每个选择都会带来不同的结果。今天我做了一个重要的决定，希望它能改变未来的轨迹。#选择 #生活的转折,0.0,0.0,0.61,0.3,0.0,0.05
随着年龄的增长，我逐渐学会了如何在生活中找到平衡。希望未来每一天都能如今天一样宁静与充实。#自我平衡 #生活的调和,0.0,0.0,0.74,0.32,0.0,0.0
心情有时难免低落，但我学会了通过做些小事来让自己开心。#自我疗愈 #小确幸,0.0,0.0,0.97,0.0,0.0,0.0
有时候，我会想，自己是不是也被生活的压力压得喘不过气来。但每当我看见微笑的自己，我就明白，一切都会过去。#生活的智慧 #自我安慰,0.0,0.06,0.78,0.15,0.18,0.0
有些时候，我很想逃避所有的责任，但又知道，逃避不能解决问题。于是，我决定勇敢面对生活中的每一份挑战。#责任与逃避 #勇敢面对,0.0,0.13,0.58,0.25,0.13,0.0
今天特别感慨，生命中的每一个相遇都不是偶然。每一个故事，都是自己曾经努力的结果。#相遇 #生命的意义,0.0,0.0,0.82,0.07,0.0,0.1
生活就像一场马拉松，虽然步伐缓慢，但每一步都带我走得更远。#坚持 #生活的旅程,0.0,0.0,0.98,0.09,0.0,0.0
今天偶然看到自己曾经写的文字，那时的自己是那么单纯，今天的我却更加成熟。时间让我们变得更好。#自我成长 #时间的力量,0.0,0.0,1.0,0.0,0.0,0.0
每个人的成长都是一个漫长的过程，有时很痛，有时很快乐，但无论如何，都值得我们去经历。#成长的痛苦 #生命的旅程,0.0,0.0,0.56,0.18,0.38,0.0
今天，给自己一个拥抱。生活虽不完美，但我愿意接受每一份不完美，拥抱自己的一切。#自我接纳 #生命的宽容,0.0,0.0,0.98,0.06,0.0,0.0
看着远方的山，心中充满了向往。我知道，无论走得多远，心里总有一处地方是属于自己的。#向往 #自我发现,0.0,0.0,0.85,0.11,0.0,0.0
生活总是充满变化，有时难以预测，但每一次变动，都是对未来的一次试探。#生活的变化 #未知的挑战,0.0,0.1,0.56,0.38,0.0,0.08
今天看到一个笑脸，突然就感到温暖。生活真的有太多小小的奇迹，等着我们去发现。#生活的奇迹 #温暖,0.0,0.0,1.0,0.0,0.0,0.0
