posts,angry,fear,happy,neutral,sad,surprise
今天终于刷完了房子，自己动手，尽管手累，但看着整洁的墙面，心情也跟着轻松了。做事的成就感，真是让人充满动力！#家务小能手 #独立,0.0,0.07,0.99,0.0,0.0,0.0
每次遇到下雨天，想要做的事情就更多了。今天在门廊坐着，听着雨声，感受着微风吹过，突然觉得这一刻真好。#雨天的平静 #心灵治愈,0.05,0.0,0.9,0.0,0.0,0.0
换季了，看到院子里的花开了，苹果树也吐露了新芽，春天真的悄悄来临了。希望这份温暖可以一直延续下去。#春天来了 #自然的馈赠,0.0,0.0,1.0,0.0,0.0,0.0
作为家庭的一员，刷墙、整理家务，我终于找到了自己存在的价值。生活中的这些小任务，似乎都在默默地教会我责任感。#家务挑战 #责任担当,0.0,0.1,0.81,0.14,0.0,0.0
最近天越来越暖和，大家开始纷纷出门骑车、跑步，偶尔看到些老头开着敞篷车，这让我开始反思，退休后的生活究竟是什么样的？#生活的方式 #退休的想象,0.0,0.0,0.24,0.43,0.21,0.24
今天去接孩子放学，路上遇到好多骑车的人，空气清新，心情也跟着变得轻松。这就是生活的小确幸吧。#生活的简单美好 #愉快的路程,0.06,0.0,1.0,0.0,0.0,0.0
忙碌了一天终于坐下来喝杯茶，想着今天的每个小细节，都好像在告诉我，生活不是一味的追求大目标，更多的是欣赏这些点滴。#生活的点滴 #内心的平和,0.0,0.0,1.0,0.0,0.0,0.0
生活中的小确幸，今天在家里忙着刷墙，听着自己喜欢的歌，偶尔停下来看看窗外，真觉得一切都不那么糟。#忙碌中的宁静 #生活的美好,0.06,0.0,1.0,0.0,0.0,0.06
最近越来越适应这里的生活节奏，尤其是上英语课，虽然一开始总觉得自己不够好，但慢慢地敢开口说话了，真的有一种成长的喜悦。#英语学习 #勇敢说话,0.0,0.11,1.0,0.0,0.0,0.0
听到孩子们在学校自己做的枫糖浆，我突然想到，教育不光是课堂知识的学习，更多的是通过实践培养他们的责任心和团队精神。#教育的意义 #孩子的成长,0.0,0.0,0.56,0.4,0.0,0.06
很喜欢和朋友们一起吃饭的时光，每一顿饭背后都是一次深入了解彼此的机会。今天吃了一个新发现的餐馆，简直是惊喜满满。#美食与友情 #生活的温暖,0.0,0.0,1.0,0.0,0.0,0.08
收到了一份温暖的生日祝福，觉得自己真的是被爱包围着。感谢所有的人，不管过去还是现在，他们的支持让我更加坚强。#生日祝福 #感恩的心,0.0,0.0,1.0,0.0,0.0,0.0
今天和妈妈一起整理花园，她总能发现一些被忽略的美好。这种平凡的时光，让我意识到，真正的幸福其实就在身边。#与妈妈的时光 #家园的美丽,0.0,0.0,0.97,0.0,0.0,0.08
每次遇到困难，都会想起曾经努力的自己。今天的墙面刷得很满意，明天就准备开始下一项任务！生活就是这样，不断迎接挑战，超越自己。#挑战与成长 #不懈奋斗,0.0,0.0,0.99,0.0,0.0,0.0
看着孩子们在家里四处玩耍，我想，成长就是这样：从不懂事到懂得感恩，他们的每一步都在提醒我，爱与责任是生活的根本。#孩子们的成长 #家庭的力量,0.0,0.0,0.97,0.0,0.0,0.0
听着家里传来的笑声，突然觉得，生活中的小细节就是我所有快乐的源泉。即使忙碌，依然能找到片刻的宁静和幸福。#家庭的温暖 #生活的美好,0.13,0.0,1.0,0.0,0.0,0.0
昨天买的那条碎花连衣裙，今天穿上去参加公园的野餐活动，感觉自己仿佛变成了阳光下的小女孩。生活真的很需要这些小确幸。#穿搭与自信 #生活中的小幸福,0.09,0.0,1.0,0.0,0.0,0.0
今天跟朋友们去了一个儿童公园，没想到这里居然藏着如此美丽的自然景观。也许，生活中最好的发现，就是这些不经意的美好。#周末出游 #探索生活,0.0,0.0,0.67,0.14,0.0,0.28
每天从晨曦到黄昏，生活总是有条不紊地进行着。今天下午在花园里待了好久，享受着温暖的阳光。真的，最简单的幸福往往藏在细微的时光里。#阳光与宁静 #生活的简单美好,0.06,0.0,1.0,0.0,0.0,0.0
每次跟孩子一起做饭，感觉自己不仅是妈妈，还是他们最亲密的朋友。今天他们炒了番茄炒蛋，虽然手忙脚乱，但味道却出奇的好。#家庭料理 #成长的味道,0.0,0.0,0.98,0.0,0.0,0.0
不知道从什么时候开始，自己渐渐变得喜欢安静的生活。今天一个人在屋子里整理了好久，想着未来的梦想，突然觉得心情豁然开朗。#安静的生活 #自我反思,0.0,0.0,0.81,0.06,0.0,0.08
虽然很忙，但我知道每一天都在为自己的未来积累力量。今天画了点东西，虽然还不完美，但就是那种慢慢进步的感觉。#自我提升 #慢慢来,0.0,0.05,1.0,0.0,0.0,0.0
今天看到一位朋友带着她的小宝宝一起散步，看到他们的互动，我突然意识到，生活的美好往往不在远方，而是近在眼前。#人与人之间的美好 #亲子时光,0.0,0.0,0.75,0.19,0.0,0.13
对于家务，我向来不怕累，但也常常发现其中的乐趣。今天刷墙的时候，突然觉得生活其实是充满了细节和意义的。#家务挑战 #生活的意义,0.0,0.0,0.84,0.13,0.0,0.09
每天忙碌的工作让人喘不过气来，但回头一看，所有的努力和付出都是值得的。今天，自己给家里刷墙，终于完成了这一项任务。#自我成长 #付出的回报,0.0,0.0,1.0,0.0,0.0,0.0
最近的天气变化得很快，昨天还是晴天，今天就开始下雪了。春天真是来得又慢又快，带给我们无尽的变化。#天气的变化 #季节交替,0.08,0.0,0.58,0.28,0.09,0.0
每当面对挑战时，总觉得自己还不够强大。但今天的成功让我知道，只要坚持下去，所有的困难都能迎刃而解。#坚持 #面对挑战,0.0,0.09,0.9,0.06,0.0,0.0
看着孩子们自己动手做的枫糖浆，我感到特别的满足。原来，教育不仅仅是传授知识，更是让他们学会如何付出与分享。#教育的力量 #成长的意义,0.0,0.0,0.84,0.17,0.0,0.0
今天照了一些照片，看到这些回忆，我不禁感叹，生活中的每一刻，都值得我们用心去珍惜。#珍惜每一刻 #回忆与感恩,0.0,0.0,0.89,0.0,0.0,0.0
生活中充满了小小的惊喜，今天就在公园里碰到了一些老朋友，虽然不常联系，但那份熟悉的情感依旧温暖。#友情 #生活的美好,0.16,0.0,1.0,0.0,0.0,0.0
每次刷墙的时候，都会忍不住想，生活中的小细节，真的是不断提醒我们要有耐心。看着这干净的墙面，我开始更爱这个空间了。#家居小事 #生活的艺术,0.0,0.0,0.91,0.0,0.0,0.08
今天买了一些花草，打算重新布置花园。生活中的美好，总是藏在这些细小的事物里。#花园布置 #生活的美好,0.0,0.0,0.89,0.15,0.06,0.06
这几天一直在忙着刷墙，看到墙面变得越来越干净，真的觉得一切的努力都是值得的。#家务挑战 #努力与成就,0.0,0.06,1.0,0.0,0.0,0.0
感谢妈妈总是带给我最温暖的陪伴，今天她又帮我做了我最喜欢的菜。生活中的这些温暖时刻，总是让人感到幸福。#妈妈的爱 #家庭的温暖,0.0,0.0,1.0,0.0,0.0,0.0
每次忙碌过后，总会觉得自己成长了不少。今天虽然有些疲惫，但看着完成的工作，我感到无比的满足。#成长 #生活的馈赠,0.0,0.0,1.0,0.0,0.0,0.0
每天都在为未来做准备，虽然前路未知，但我相信，所有的努力都会有回报。今天的一点进步，给了我满满的力量。#自我成长 #追逐梦想,0.0,0.0,0.94,0.0,0.0,0.0
生活中最宝贵的不是大起大落，而是那些平凡的日常。今天整理了花园，心情平静，觉得一切都很美好。#平凡的幸福 #生活中的美好,0.05,0.0,1.0,0.0,0.0,0.0
有时候，生活给我们带来的挑战，正是成长的机会。今天我独自完成了一项任务，虽然很累，但也很有成就感。#成长的机会 #努力与坚持,0.0,0.06,1.0,0.0,0.0,0.0
今天晚上准备给家里做一顿大餐，看到食材一一摆好，突然觉得生活的美好就藏在这些细节里。#烹饪的乐趣 #生活的温馨,0.0,0.0,0.99,0.0,0.0,0.13
春天带来了新的气息，每一片新芽、每一朵花开，都让我感到生命的律动。#春天的气息 #生命的美好,0.05,0.0,0.98,0.0,0.0,0.0
不管遇到多少挑战，我总会记得坚持下去的意义。今天的工作虽然忙碌，但看到成效，我知道一切都是值得的。#坚持与成就 #努力的结果,0.0,0.0,1.0,0.0,0.0,0.0
在家独自忙碌的时候，我突然觉得这些平凡的时光最能给人带来满足感。#生活中的满足 #自我提升,0.0,0.0,0.83,0.14,0.0,0.07
生活有时候很忙碌，但每当我静下心来，看到周围的美好，就觉得一切都变得值得。#平静与满足 #生活的意义,0.0,0.0,0.93,0.1,0.0,0.0
每次回家，都会感到家里的每一处变化都充满了温暖。今天看到装修的成果，心里很有成就感。#家的变化 #成长的轨迹,0.0,0.0,1.0,0.0,0.0,0.0
今天在花园里转了几圈，突然觉得生活中的简单时光最为珍贵。#简单的幸福 #自然的馈赠,0.0,0.0,0.95,0.0,0.07,0.08
生活中的每一件小事，都能成为美好的回忆。今天整理花园，看着每一株植物茁壮成长，心里也觉得平静。#生活的平静 #细节的美好,0.0,0.0,1.0,0.0,0.0,0.0
在忙碌中找到属于自己的节奏，今天完成了一些家务，看着整理得井井有条的家，心里充满了满足感。#自我满足 #生活的成就感,0.0,0.0,1.0,0.0,0.0,0.0
每个人都在为自己的未来努力，但我更愿意珍惜当下。今天和家人一起度过了充实的时光，感到无比幸福。#珍惜当下 #家庭时光,0.06,0.0,0.96,0.0,0.0,0.0
今天的天气真好，阳光明媚，心情也跟着变好了。生活中就是这样，总有一些让你意外的美好。#阳光明媚 #生活的小确幸,0.0,0.0,1.0,0.0,0.0,0.05
今天又给家里添置了一些装饰品，感觉生活又充满了新的气息。#家居装饰 #生活中的美好,0.0,0.0,0.89,0.16,0.0,0.06
