posts,angry,fear,happy,neutral,sad,surprise
最近有点迷茫，感觉生活中的每个选择都像是一场赌注。也许是时候停下脚步，给自己一个小小的喘息，重新审视一下未来的方向。#生活的迷茫 #寻找方向,0.0,0.14,0.25,0.24,0.39,0.0
虽然外面下着雨，心情却意外地平静。也许，生活的美好并不总是光明灿烂，而是像这场雨一样，悄悄洗净内心的浮躁。#平静的心境 #雨中的反思,0.0,0.0,0.7,0.21,0.08,0.0
今天母亲节，没能陪妈妈度过，但心里满是感激。生活中的每一个努力和坚持，都是为了让家人更好。#母亲节 #感恩母爱,0.0,0.07,0.96,0.0,0.0,0.0
突然发现，自己越来越喜欢一个人待着的时光。安静地看书、喝茶、听歌，生活其实可以很简单。#独处的美好 #享受宁静,0.0,0.0,0.87,0.0,0.06,0.08
今天不小心吃多了些零食，心里有点不开心。不过，也许有时候放纵自己一点，才会让生活更有趣吧。#自我宽容 #偶尔放纵,0.0,0.0,0.79,0.09,0.18,0.0
今天是满满的小确幸。去公园散步，看见一只小猫在树下晒太阳，突然觉得，生活真的充满了不经意的温暖。#生活中的小确幸 #简单的幸福,0.06,0.0,1.0,0.0,0.0,0.0
毕业快两年了，回想当时的迷茫和不安，居然已经变得那么坦然。时间，真的能改变很多东西。#成长与变化 #岁月的力量,0.0,0.0,0.9,0.0,0.0,0.17
可能有时候，我们需要的是一个安静的空间，让自己慢慢恢复。今天在家静静地坐了一会儿，觉得整个人都放松了许多。#生活中的疗愈 #自我恢复,0.0,0.05,0.7,0.26,0.0,0.08
最近看了一部剧，讲的是坚持和梦想。每次看到主人公为理想奋斗，内心都感受到强烈的共鸣。#追梦的力量 #生活的动力,0.0,0.0,0.96,0.06,0.0,0.0
走在街头，看见那些打着伞匆匆而过的人，突然意识到，我们每个人都是那么忙碌，却也在寻找属于自己的那份宁静。#生活的节奏 #寻找平衡,0.07,0.0,0.58,0.11,0.22,0.1
不知道为什么，总是有种莫名的孤单感。也许，生活就是这样的吧，我们在不断努力，寻找自己的方向。#孤单与成长 #生活的感悟,0.09,0.09,0.47,0.13,0.35,0.08
今天和朋友聊天，才发现，生活的美好有时候并不需要太多华丽的言辞，而是那些细微的关心和陪伴。#友情的力量 #生活中的温暖,0.0,0.0,1.0,0.0,0.0,0.08
每天都在反思自己，觉得自己还可以做得更好。生活中总有那么多的挑战，但也正是这些挑战让我们更加坚强。#自我反思 #面对挑战,0.0,0.13,0.84,0.16,0.0,0.0
最近心情起伏不定，有时觉得一切都没意义，有时又觉得自己应该勇敢去追求更多。大概这就是成长的过程吧。#心情的波动 #成长的烦恼,0.07,0.09,0.15,0.13,0.64,0.0
今天看到了很久不见的朋友，聊了聊生活的点滴，突然觉得，曾经那些复杂的烦恼，似乎都不重要了。#友情的珍贵 #过去与现在,0.09,0.0,0.54,0.07,0.44,0.09
听着喜欢的歌，突然想起过去的一些事情。也许，人生就是这样，不断地回望与前行。#回忆与前行 #歌曲的力量,0.0,0.0,0.86,0.08,0.11,0.0
每次遇到困难，都会提醒自己：无论怎样，生活都要继续。今天的一点小进步，就是最好的证明。#面对困难 #坚持不懈,0.0,0.08,0.87,0.1,0.0,0.0
生活中的每一小步，都是向更好的自己靠近。今天又完成了一个小目标，心里满是成就感。#小目标的实现 #成就感,0.0,0.0,1.0,0.0,0.0,0.0
今天在公园里散步，看到了很多人一起锻炼，突然觉得，生活其实充满了希望和力量。#健康生活 #积极向上,0.0,0.0,0.96,0.0,0.0,0.0
看着窗外的雨，心里突然觉得，人生也许就是这样，偶尔需要一场暴风雨，才能看到彩虹。#生活的波动 #寻找彩虹,0.07,0.07,0.58,0.13,0.23,0.07
最近很喜欢坐在窗边发呆，看看外面的人来人往，突然觉得，生活的节奏并不需要太快。#慢下来 #享受当下,0.0,0.0,0.8,0.19,0.0,0.0
今天和朋友一起喝茶，聊着那些关于未来的梦想。虽然现在还未实现，但至少我们都在为之努力。#追逐梦想 #友情的力量,0.0,0.0,0.95,0.0,0.0,0.0
今天吃了一顿超丰盛的晚餐，虽然有点吃撑了，但也因此觉得，生活中的这些小享受，真的是值得珍惜。#美食与生活 #享受美好,0.0,0.0,1.0,0.0,0.0,0.0
最近的天气一直不太稳定，心情也时常跟着变化。但我告诉自己，不管外面的天气怎样，心里要保持阳光。#心态的调整 #阳光心情,0.0,0.0,0.72,0.29,0.0,0.0
今天在家里做了一些小手工，突然觉得，生活可以简单而有趣。每一份小小的创作，都是自我表达的方式。#创作与自我 #生活的乐趣,0.0,0.0,0.91,0.13,0.0,0.07
今天终于整理完了房间，看到一切井井有条，心情也变得轻松了不少。生活中的秩序感，真的能带来内心的平静。#整理与平静 #生活的小确幸,0.0,0.0,1.0,0.0,0.0,0.06
今天跟妈妈一起做了饭，虽然简单，但在厨房里的每一刻都充满了温暖和爱。#家庭时光 #妈妈的爱,0.0,0.06,1.0,0.0,0.0,0.0
最近心情有些低落，偶尔会觉得自己不够好。但我知道，只有经历这些，才能让自己变得更强大。#自我怀疑 #向前走,0.0,0.12,0.45,0.12,0.31,0.0
今天看到朋友的帖子，才意识到，自己也许可以更加勇敢地去追求那些想要的东西。#勇敢追梦 #朋友的启发,0.0,0.0,0.91,0.09,0.0,0.0
每次遇到不顺心的事情，总会提醒自己，生活并非总是顺风顺水，但每一次的坚持，都在为未来铺路。#生活的起伏 #坚持到底,0.0,0.05,0.79,0.08,0.0,0.0
最近常常感到有些迷茫，仿佛不知道自己的未来在哪里。但我相信，总有一天，我会找到属于自己的道路。#未来的不确定 #自我探索,0.0,0.11,0.47,0.25,0.16,0.1
今天去散步，看到很多人都在忙碌，我却感到一种久违的宁静。或许，生活中的平凡才是最美的。#宁静的力量 #生活中的美好,0.0,0.0,1.0,0.0,0.0,0.06
今天和家人一起度过了一个简单的下午，聊着往事，笑着未来。生活中的这些温馨时光，真的无法用言语表达。#家庭时光 #简单的快乐,0.07,0.0,1.0,0.0,0.0,0.0
最近开始重新整理自己的日常，觉得生活中的小小改变，竟然能带来如此大的满足感。#生活的改变 #自我提升,0.0,0.0,0.8,0.0,0.0,0.24
今天看了一部关于爱情的电影，虽然情节很简单，但却让我深深感动。原来，爱情不一定要轰轰烈烈，简单也是一种美好。#爱情电影 #生活的启示,0.0,0.0,0.8,0.17,0.06,0.11
最近在忙工作，但也没有忘记享受生活中的小确幸。今天终于喝到了心心念念的奶茶，真的是满足！#小确幸 #生活的甜蜜,0.0,0.0,1.0,0.0,0.0,0.0
今天去朋友家做客，看到她家里布置得如此温馨，突然意识到，家的意义不在于多么奢华，而是在于它给你带来的舒适感。#家的温暖 #生活的意义,0.0,0.0,0.85,0.19,0.0,0.14
每天都在努力工作，但偶尔也要停下来，给自己一点空隙。今天的晚餐虽然简单，但却让我的心灵得到了安慰。#工作与生活 #心灵的宁静,0.08,0.0,0.92,0.13,0.0,0.0
看着窗外的风景，突然觉得，生活中的每个细节，都值得我们去用心感受。#感受生活 #细节的美好,0.0,0.0,1.0,0.0,0.0,0.07
今天和朋友一起去郊游，虽然有些疲惫，但与朋友们的陪伴，让这一切变得特别有意义。#朋友的陪伴 #郊游时光,0.0,0.0,0.96,0.0,0.05,0.0
每次面对困境，我都会告诉自己，人生的意义不在于逃避，而在于勇敢面对。我相信，我能找到解决办法。#勇敢面对 #生活的挑战,0.0,0.06,0.8,0.15,0.0,0.0
最近对未来有些迷茫，想了很多，却仍然没有找到明确的答案。但我知道，人生就是一个不断探索的过程。#未来的迷茫 #探索人生,0.0,0.12,0.37,0.29,0.26,0.09
看着生活中的一点一滴，觉得自己已经在进步。每一步的努力，都会为未来的自己打下基础。#进步与努力 #未来可期,0.06,0.0,0.93,0.0,0.0,0.0
今天看完一部纪录片，讲述了许多人为了梦想而奋斗的故事，深受启发。原来，人生最大的勇气就是去追求自己的梦想。#梦想与奋斗 #启发与成长,0.0,0.0,0.72,0.18,0.0,0.05
今天买了一些花草，准备装饰家里。生活中的美好，不一定要大张旗鼓，往往是一些简单的事情，就能带来巨大的满足感。#装饰家园 #简单的幸福,0.0,0.0,0.96,0.06,0.0,0.07
最近有些烦躁，生活中总是充满了各种琐事，但我知道，这些都会过去。我相信，平静的生活就在前方。#烦躁与平静 #生活的波动,0.07,0.06,0.34,0.39,0.2,0.0
今天突然想起了很久没有联系的朋友，虽然时间久远，但心里的那份情感依旧没有改变。#友谊的力量 #久别重逢,0.09,0.0,0.71,0.0,0.32,0.06
每次遇到困难，我都会告诉自己，不要放弃。今天终于跨过了一个大难关，心里不禁为自己感到骄傲。#面对困难 #勇敢前行,0.0,0.12,0.93,0.0,0.0,0.0
今天去书店看到一本书，突然产生了强烈的购买欲望。生活中的一些小愿望，有时也能带来意想不到的快乐。#书籍的魅力 #小确幸,0.0,0.0,0.97,0.0,0.0,0.08
今天又一次意识到，生活并不总是完美，但正是这些不完美，才让我们变得更有力量。#不完美的生活 #成长的力量,0.0,0.0,1.0,0.0,0.0,0.0
