posts,angry,fear,happy,neutral,sad,surprise
生活中的每个瞬间，都藏着一颗星。我们或许看不见它，但它总在那里，默默地为我们点亮前行的路。#生活哲学,0.0,0.0,0.69,0.38,0.0,0.0
忘记过去的伤痛，并不意味着真正的释怀。只是在时间的包容下，我们学会了微笑面对。#成长,0.0,0.0,0.82,0.07,0.17,0.0
最近听到一句话：“如果你有机会选择过一次人生，你会做出不同的选择吗？”我想，或许选择无关紧要，重要的是怎么走。#哲理思考,0.0,0.0,0.3,0.48,0.16,0.1
我们都渴望被理解，然而真正的理解，是不要求改变彼此，而是接纳彼此的不同。#深夜感悟,0.0,0.0,0.52,0.36,0.17,0.06
有些爱，像远方的星光，虽然遥不可及，却依然温暖了夜空。#思念,0.06,0.0,0.46,0.06,0.45,0.0
与你共度的时光，像一杯温暖的茶，每一口都让我感受到生活的甜蜜与温馨。#爱情,0.0,0.0,0.91,0.05,0.0,0.0
忽然明白，生活不一定要完美。它只需要真诚和一点勇气，就能触摸到温暖的心灵。#心灵感悟,0.05,0.06,0.71,0.19,0.12,0.07
世界很大，但总有一个地方，只有我和你可以感受到最深的共鸣。#命运,0.0,0.0,0.62,0.24,0.14,0.06
永远别低估自己能成就的事物，未来的自己，会为现在的坚持而感谢。#奋斗,0.0,0.09,0.93,0.0,0.0,0.0
看过许多的风景，但真正让我心动的，始终是那些默默守护着我的人。#友情,0.0,0.0,0.84,0.0,0.1,0.0
书中的世界如此迷人，它让我相信，现实之外，还有一片更广阔的天地。#爱书,0.0,0.0,0.88,0.15,0.0,0.0
总有一些人在你生命中如同流星，瞬间划过，却照亮了你最黑暗的夜空。#偶遇,0.0,0.07,0.3,0.26,0.37,0.16
你笑得那么温柔，仿佛整个世界都为你而存在。#心动瞬间,0.1,0.0,0.78,0.0,0.07,0.07
人生就像一本未完的书，每一章都充满了未知。唯一能做的，就是用心去写每一页。#人生感悟,0.0,0.05,0.54,0.33,0.2,0.0
宁愿做一个真诚的人，虽然可能会受伤，也不愿做一个虚伪的过客。#内心,0.0,0.0,0.6,0.23,0.29,0.0
也许人生最美的地方，不在远方，而在与你并肩同行的那一段路。#旅程,0.0,0.0,0.72,0.18,0.07,0.05
世界上有太多不如意，但每个不如意背后，都会有一个崭新的自己等待着。#自我成长,0.0,0.08,0.81,0.15,0.0,0.0
即使未来满是未知，我们依然可以微笑着面对，因为你在身边。#爱情,0.0,0.0,0.83,0.1,0.1,0.0
你是我心中无法抹去的温柔，永远在我的记忆里，安静地闪烁。#怀念,0.0,0.0,0.38,0.11,0.49,0.0
人生中的每一次相遇，都是命运最深的安排，哪怕它短暂，也值得珍惜。#缘分,0.0,0.0,0.67,0.21,0.2,0.0
每一个选择都是一种放弃，而每一个放弃，都会成就更好的自己。#选择,0.0,0.0,0.62,0.34,0.0,0.0
如果有一天你感到迷茫，请不要忘记，星空下的你永远是最独特的存在。#迷茫,0.0,0.05,0.47,0.27,0.3,0.0
时间带走了我们最初的模样，但它也让我们学会了坚强与宽容。#成长,0.0,0.0,0.86,0.12,0.15,0.0
我们每个人都是一颗星，孤独却发光，温暖自己，也照亮他人。#孤独,0.0,0.12,0.52,0.18,0.31,0.08
你是否也曾在某个清晨，站在窗前，感受到一丝不期而至的温暖？那就是生活的奇迹。#感悟,0.0,0.0,0.73,0.16,0.0,0.09
有些话，宁愿默默藏在心里，不说出来，才不会让它变得沉重。#沉默,0.0,0.0,0.27,0.35,0.54,0.0
每一次的坚持，都是在为更好的未来铺路。即使困难重重，也不要放弃。#坚持,0.0,0.0,0.9,0.1,0.0,0.0
与其担心未来，不如享受当下的每一秒，毕竟，未来的你，依然会感谢现在的自己。#当下,0.0,0.0,0.7,0.18,0.17,0.05
每个人都有自己的故事，别让别人轻易判断你的全部。#理解,0.0,0.0,0.6,0.44,0.0,0.0
不必追逐远方的风景，生活中的点滴感动，才是最真实的美好。#感恩,0.0,0.0,0.95,0.0,0.0,0.0
你是我心中最温柔的诗，写满了我一生的痴迷与不舍。#深情,0.0,0.0,0.8,0.16,0.1,0.0
远方的风景再美，也比不上你回头的一笑。#爱,0.0,0.07,0.85,0.07,0.18,0.0
不管世界如何改变，记住，真正属于你的，一直会在你身边。#安心,0.0,0.0,0.82,0.15,0.0,0.0
人生的路上，总会遇到难以跨越的坎，但坚持下去，你会发现，这些坎其实成了你坚强的力量。#挑战,0.0,0.07,0.71,0.22,0.06,0.0
生活教会了我一件事：最值得珍惜的，不是物质，而是陪伴与真诚。#人生,0.0,0.0,0.74,0.22,0.1,0.0
如果生活不给你阳光，那就自己做个太阳，照亮自己，也温暖他人。#自信,0.0,0.06,0.84,0.14,0.0,0.0
如果可以，愿我们都不再迷茫，勇敢去追求那个最真实的自己。#勇气,0.0,0.12,0.93,0.08,0.0,0.0
梦想总在远方，但它从不远离你，只要你敢于踏出第一步。#梦想,0.0,0.05,0.8,0.16,0.0,0.0
每一次微笑背后，都藏着一段故事。记得，不要轻易评判他人。#理解,0.0,0.0,0.66,0.32,0.06,0.0
有些事，不必勉强。人生太短，最重要的是心安。#放下,0.0,0.0,0.62,0.26,0.13,0.0
世界太大，还是找到了你，感谢命运让我们相遇。#命运,0.0,0.0,0.87,0.0,0.12,0.0
幸福并不是拥有最多的物质，而是有一颗知足的心。#幸福,0.0,0.0,0.83,0.12,0.06,0.0
如果可以选择，我希望这一生可以慢慢走，不急不躁，和你一起走过每一个春夏秋冬。#人生,0.0,0.0,0.81,0.14,0.0,0.0
爱情不是轰轰烈烈，而是两颗心在平凡日子里默默的陪伴。#爱情,0.0,0.0,0.77,0.22,0.1,0.0
做自己喜欢的事，和喜欢的人在一起，就是人生最美的状态。#生活,0.09,0.0,0.91,0.12,0.0,0.0
每一段记忆，都是心底最柔软的地方，永远放在心中最深处。#回忆,0.0,0.0,0.63,0.23,0.2,0.0
人生最美好的时光，往往是那些不言而喻的默契和无声的陪伴。#陪伴,0.0,0.0,0.83,0.15,0.09,0.0
希望你也能学会在黑暗中寻找光明，因为每个夜晚过后，都会有一个黎明。#希望,0.0,0.0,0.85,0.07,0.0,0.0
时间总会证明一切，最真实的爱，从不需要太多言语。#真爱,0.0,0.0,0.87,0.07,0.0,0.05
不论人生如何波折，记住：每一步都算数。每一段经历，都会成就更好的你。#自我,0.0,0.0,0.83,0.15,0.0,0.0
