posts,angry,fear,happy,neutral,sad,surprise
每次看到自己付出后期待的回报，都不禁问自己：是不是我太过自我了？有时候，真希望自己能活得更简单些。,0.0,0.0,0.6,0.0,0.29,0.06
也许最重要的成长，不是从别人那里得到的认同，而是自己对自己温柔的认可。,0.0,0.0,0.83,0.24,0.0,0.0
每当我面对生活中的困难时，总是提醒自己，眼前的一切都只是暂时的，耐心和坚持是我们最强的力量。,0.0,0.0,0.89,0.13,0.0,0.0
孩子近视了，心里总是有些难过。或许成长的过程就是这样，总有些事情我们无法避免，但能做的是尽力去保护她的每一步。,0.0,0.08,0.18,0.14,0.75,0.0
在这个快节奏的世界里，偶尔停下脚步感受一下呼吸，是我给自己的一份小小安慰。,0.0,0.0,0.82,0.19,0.09,0.0
人总是想给自己设定太多的目标，却忽视了那份从容的心境。或许，我们需要的只是更加平静地走在自己的道路上。,0.0,0.0,0.4,0.26,0.42,0.0
生活中太多的不完美，才让我们更加珍惜那些细小的温暖与幸福。今天，我决定为自己留一点时间，去做我喜欢的事。,0.0,0.0,0.89,0.07,0.0,0.0
有时，我想要逃离这些喧嚣，找到一片属于自己的安静天地。是的，也许人生就是如此，总要在寻找和迷失中前行。,0.0,0.0,0.25,0.2,0.58,0.0
每一次遇到困难，都会提醒自己，生活不会总是顺利，但这才是成长的过程。,0.0,0.0,0.92,0.07,0.0,0.0
看着窗外的雨水，我也在反思自己。有时候，人生并非是选择的错，而是如何在其中找到自己的平衡。,0.0,0.0,0.3,0.29,0.42,0.06
生活中总有些事情让我们无力，但我相信，每一次的坚持和努力，都会成为我们成长的一部分。,0.0,0.0,0.9,0.13,0.07,0.0
不知道从什么时候开始，我学会了沉默。有些话，不说出来，并不代表它不存在，只是选择了适时的隐藏。,0.0,0.0,0.22,0.32,0.62,0.0
迷茫的时候，我也会告诉自己，人生中的每个阶段都有其意义，重要的只是我们是否能感知到其中的美好。,0.0,0.0,0.66,0.26,0.13,0.0
过去的自己，是否也曾想过这样一个问题：我要如何去理解自己，才能更好地面对未来的挑战？,0.0,0.0,0.18,0.46,0.19,0.17
生活中有太多的无奈，但也有太多的美好。每当我感到疲惫时，回想起那些温暖的瞬间，我便能重新找到前行的动力。,0.0,0.0,0.95,0.09,0.09,0.0
生活的节奏太快，我常常觉得自己追不上。也许我们只需要放慢脚步，用更从容的心态去体验这一切。,0.0,0.0,0.36,0.27,0.41,0.0
最近的自己，总是充满了焦虑。每当夜深人静时，才发现这些担忧不过是自己给自己设下的枷锁。,0.0,0.17,0.0,0.12,0.78,0.0
有时候，我会想，如果生活可以慢下来，我们是不是能更好地感受到每一个瞬间的温暖和美丽？,0.05,0.0,0.66,0.15,0.18,0.1
生活有时真的很沉重，但我相信，每一场风雨过后，都会有阳光。我只需耐心等待，等它照进我的心田。,0.0,0.0,0.87,0.1,0.13,0.0
每一次跌倒，都是我成长的契机。失败并不可怕，可怕的是失去重新站起来的勇气。,0.0,0.24,0.59,0.2,0.2,0.0
自从成为母亲，我发现自己变得更加柔软，却也更加坚强。为了她，我愿意跨越所有的困难。,0.0,0.06,0.93,0.09,0.0,0.0
最近总是回忆起一些过去的时光，那些似乎被遗忘的瞬间，竟在不经意间温暖了我的心。,0.07,0.0,0.58,0.0,0.35,0.12
每个人的生活都有不为人知的难处，而真正值得珍惜的，是那些在困境中依然坚持的勇气和希望。,0.0,0.06,0.82,0.15,0.0,0.0
我总是习惯为别人着想，却往往忽视了自己心中的感受。今天，决定为自己做一点小事，哪怕是喝一杯暖茶。,0.0,0.0,0.45,0.15,0.42,0.0
在城市的喧嚣中，我渴望找到一片属于自己的宁静。或许，人生就是在不断的喧闹和沉默之间找到平衡。,0.0,0.0,0.37,0.4,0.25,0.0
看着孩子在成长的道路上一步步前行，我的心里充满了自豪与不舍。每个母亲的心，都是如此复杂而温柔。,0.0,0.0,0.88,0.05,0.0,0.0
生活总会给我们带来一些意外的惊喜和挑战。我唯一能做的，就是带着希望走过每一个艰难的日子。,0.0,0.07,0.87,0.07,0.0,0.0
在平凡的日子里，我学会了如何去感受不平凡。或许，生活中的美好，就是这样在不经意间悄然降临。,0.0,0.0,0.87,0.13,0.0,0.0
每次想要放弃的时候，我都会提醒自己，今天的努力，也许正是明天的收获。,0.0,0.0,0.79,0.13,0.15,0.0
每当感觉自己迷失时，总会想起那些曾经的梦想，它们一直在我的心里，提醒我为何而活。,0.0,0.0,0.42,0.11,0.47,0.0
生活中的每一份不安，都会让我更加坚定地去追寻心中的那份宁静。,0.0,0.0,0.74,0.24,0.08,0.0
每一个不安的瞬间，都是我内心深处渴望成长的声音。,0.05,0.07,0.61,0.13,0.17,0.0
我不想去改变别人，只希望能在自己的人生道路上，走得更从容、更坚定。,0.0,0.0,0.84,0.16,0.0,0.0
有时候，沉默是最好的回应。我们不必向每个人解释自己，只要在内心坚持自己的方向。,0.0,0.0,0.69,0.28,0.05,0.0
生活的路上，充满了不确定，但我相信，只要心中有光，前行的脚步就不再迷茫。,0.0,0.0,0.89,0.11,0.0,0.0
每一次挑战，都是我前进的动力。生活总是充满波折，但只要能坚持走下去，终会看到希望的曙光。,0.0,0.05,1.0,0.0,0.0,0.0
在这个快节奏的社会中，我时常提醒自己，慢下来，去感受每一份平静的时光。,0.0,0.0,0.46,0.43,0.1,0.0
每个人都有自己的路要走，或许我们不必去迎合他人，只要忠于自己，便能走得更加自在。,0.0,0.0,0.79,0.29,0.0,0.0
每次陷入迷茫时，我都会告诉自己：每一步的挣扎，都是为未来的成长积累力量。,0.0,0.0,0.77,0.18,0.07,0.0
生活有时就像一场大雨，刚开始时，我们会感到无助，但总有一天，我们会在雨后见到彩虹。,0.0,0.06,0.53,0.25,0.35,0.0
每次感觉疲惫时，我都会给自己一点时间，去寻找内心的安宁。,0.0,0.0,0.52,0.37,0.27,0.0
人生总是充满挑战，但最重要的，是我们是否有勇气去迎接每一个新的晨曦。,0.0,0.0,0.81,0.13,0.0,0.0
在不完美的日子里，学会接受自己的不足，接受生活的复杂，或许这才是真正的成长。,0.0,0.0,0.86,0.15,0.0,0.0
有时候，我会感到焦虑，但我知道，这只是成长的过程。每一步的前行，都会带我走得更远。,0.0,0.0,0.6,0.15,0.23,0.0
在这条人生的路上，我希望能坚持自己的梦想，同时也愿意尊重他人的选择。,0.0,0.0,0.78,0.23,0.0,0.0
每一次跌倒，都会让我更加明白：人生的意义，或许正是这些跌倒后的重新站起。,0.0,0.0,0.82,0.12,0.08,0.0
生活总是在不经意间给我们带来意外的惊喜，我唯一能做的，就是静静地感受。,0.0,0.0,0.87,0.08,0.06,0.0
每天都在变得更好，或许并不需要太多的努力，而是要学会享受当下，珍惜眼前的一切。,0.0,0.0,0.96,0.05,0.0,0.0
每当感到疲倦时，我会告诉自己，所有的努力，都会在未来某一天开花结果。,0.0,0.0,0.83,0.09,0.06,0.0
每个人都在为自己的理想奋斗，而我也在这条路上，带着对未来的憧憬，默默前行。,0.0,0.0,0.87,0.11,0.0,0.0
