posts,angry,fear,happy,neutral,sad,surprise
今天终于完成了一项一直拖延的任务，虽然忙碌，但内心充满了成就感。生活中的进步，虽然慢，但却踏实。#小小成就 #慢慢前行,0.0,0.0,0.99,0.0,0.0,0.0
昨晚熬夜加班，今天身体透支，记忆有点断片，感觉每一天都在与时间赛跑。希望明天能好好休息，恢复一点能量。#疲惫与自我照顾 #熬夜,0.05,0.17,0.19,0.14,0.68,0.0
我喜欢和自己对话，在寂静的时刻，听到自己的声音，这是一种奇妙的平静感。也许，这就是自我疗愈的力量吧。#自我对话 #内心的平静,0.0,0.0,0.8,0.25,0.0,0.0
最近总觉得自己被压力压得喘不过气来。每当夜深人静时，脑海里总是翻涌着各种问题，像是一场无尽的思考洪流。#焦虑 #内心的波动,0.09,0.22,0.0,0.17,0.61,0.0
今天去了一个新的地方，意外的发现了很多美好。这让我意识到，生活的乐趣往往隐藏在每一次尝试中。#探索新鲜事物 #生活的惊喜,0.0,0.0,0.95,0.0,0.0,0.17
昨天做了一个梦，真的很奇怪，真实与荒诞交织在一起，醒来后还有点回不过神来。也许是太累了，梦里的所有情节都让我感觉自己像是被救赎了一样。#梦境与现实 #夜的思绪,0.0,0.27,0.09,0.21,0.44,0.14
这些天，情绪的起伏真的有点大，开心的时刻转眼又变得低沉。每次情绪跌宕起伏时，我都在提醒自己：一切都会过去，明天会更好。#情绪管理 #自我安慰,0.0,0.0,0.66,0.18,0.11,0.0
最近开始尝试一些新事物，每一次都让我感到不安，但也带来了一些意外的惊喜。生活，或许就应该这样充满探索与变化。#新体验 #生活中的挑战,0.0,0.08,0.83,0.07,0.0,0.11
每次看到身边的朋友都在忙碌地追逐自己的梦想，我也不禁反思，自己是不是该更加坚定地朝着目标前进。#自我反思 #追逐梦想,0.0,0.07,0.64,0.14,0.09,0.0
今天试着放下心中的焦虑，专注于手头的事情，虽然进展缓慢，但至少没有被无尽的焦虑打乱了思路。#放下焦虑 #慢慢走,0.05,0.13,0.8,0.09,0.0,0.0
忽然想到，生活不就是在无数个微小的瞬间中找到意义吗？今天与家人分享的一个简单笑话，就成了我一天中最值得记住的时刻。#生活的微光 #日常的温暖,0.0,0.0,1.0,0.0,0.0,0.05
做梦梦到了一些不愉快的事情，心里有点沉重。可是也许，正是这些不完美的夜晚，才让我在清晨醒来时更加坚强。#梦与现实 #情绪的波动,0.0,0.11,0.29,0.22,0.46,0.0
生活中那些看似平凡的事，才是最值得珍惜的。今天看到小区里的一只小猫，温暖的阳光洒在它身上，心情一下子就好起来了。#小确幸 #生活的美好,0.08,0.0,1.0,0.0,0.0,0.0
又是一个漫长的工作日，忙碌中感到有些疲惫，偶尔也会觉得自己好像没能做得更好。对自己有些失望，但也告诉自己：继续努力。#自我反思 #忙碌的日子,0.0,0.06,0.33,0.17,0.52,0.0
最近总在想，生活的意义到底是什么？或许，就是在这些不完美的时光中找到属于自己的节奏，慢慢地走，静静地感受。#自我探索 #生活的意义,0.0,0.0,0.61,0.17,0.1,0.15
今天尝试了新的食谱，虽然做得不完美，但那份成就感却是难以言喻的。每次尝试新事物，都会让我更接近那个更好的自己。#新的尝试 #生活中的乐趣,0.07,0.0,1.0,0.0,0.0,0.0
昨晚终于整理了一些旧物，竟然发现了许多当年不经意留下的记忆。也许，生活的深度就藏在这些微小的细节中。#怀旧 #过去与现在,0.09,0.0,0.48,0.12,0.37,0.27
最近深陷自我怀疑的漩涡中，怀疑自己做得不够好。虽然知道这样并不健康，但依然挣扎着面对这些情绪。#自我怀疑 #情绪的纠结,0.06,0.18,0.0,0.19,0.65,0.0
不知道从什么时候开始，我的生活变得越来越复杂。总是有太多事情要做，太多的责任，偶尔会想要逃离，去找一个无人打扰的角落。#生活的复杂 #逃避与面对,0.0,0.21,0.0,0.11,0.66,0.0
看完一部电影，突然被其中的台词打动。或许，生活的美好就藏在这些看似简单的瞬间中，让我们在不经意间找到了感动。#电影的感动 #生活中的启示,0.0,0.05,0.74,0.13,0.08,0.16
近来经常思考，自己究竟是想要什么样的生活？是要追求物质，还是追求内心的平静与充实？每个人的答案都不同。#自我探索 #生活的选择,0.0,0.0,0.32,0.47,0.08,0.22
今天翻看了很多过去的照片，每一张都承载着不同的记忆。生活中的每一刻，都是无价的回忆。#回忆 #生活中的珍贵,0.0,0.0,0.85,0.0,0.15,0.05
有时候真的觉得，自己无法应对生活中的压力。每一件事都压得我喘不过气，但又不得不继续前行。#压力与挑战 #继续前行,0.08,0.09,0.12,0.12,0.66,0.0
每次感觉累了，都会告诉自己：“再坚持一下，前方会有光。”生活的意义，或许就是在这些艰难的时刻，依然保持希望。#坚持与希望 #艰难时刻,0.0,0.12,0.83,0.07,0.07,0.0
每天都在为未来做准备，却总是忽略了眼前的美好。今天决定停下来，好好享受眼前的一切，生活就在此刻。#享受当下 #珍惜每一刻,0.0,0.0,0.88,0.0,0.0,0.1
最近总觉得自己被困在一种死循环中，不知道该如何走出去。或许，是时候停下来，给自己一些空间，重新审视生活的方向。#迷茫 #自我反思,0.0,0.13,0.19,0.25,0.51,0.0
今天参加了一个关于个人成长的讲座，学到了很多新的思维方式。生活中的每一天，都是自我提升的机会。#个人成长 #学习与反思,0.0,0.0,0.67,0.29,0.0,0.0
最近总是陷入一些负面情绪中，难以自拔。或许，正是这些情绪让我们更加理解自己，也更加渴望改变。#负面情绪 #自我觉察,0.0,0.09,0.15,0.45,0.35,0.0
今天在阳光下漫步，突然发现，生活中的美好其实非常简单。无论是温暖的阳光，还是安静的街道，都是值得珍惜的风景。#简单的美好 #享受生活,0.0,0.0,0.94,0.0,0.0,0.08
我发现自己在忙碌中常常忽略了生活中的小细节。今天停下脚步，细细品味了这段宁静时光，心里突然感觉很满足。#生活的细节 #满足与宁静,0.0,0.0,0.91,0.09,0.0,0.05
最近总是觉得时间不够用，工作、学习、生活，似乎都在争夺我的时间。也许，我应该重新规划，找到更合理的生活节奏。#时间管理 #生活的节奏,0.1,0.0,0.28,0.28,0.38,0.0
昨天和朋友聊了一些深刻的话题，突然觉得，生活不仅仅是表面的忙碌，更重要的是内心的充实与平和。#深刻对话 #内心的充实,0.0,0.0,0.74,0.24,0.0,0.0
生活中的一些小小变化，常常会让我感到无比的欣慰。今天的天气很好，简单的一餐，却让我觉得特别满足。#生活的变化 #简单的幸福,0.0,0.0,1.0,0.0,0.0,0.0
最近一直在思考人生的意义。也许，人生就是一场不断学习与成长的旅程，每一次的困惑，都带来了一次新的觉醒。#人生的思考 #成长与觉醒,0.0,0.0,0.66,0.28,0.0,0.08
今天和家人一起吃了晚餐，突然意识到，生活中最重要的不是外面的世界，而是与亲人共度的时光。#家庭时光 #亲情的温暖,0.0,0.0,0.95,0.07,0.0,0.08
最近不断给自己设定新的目标，虽然有时会觉得很累，但每当完成时，心里的满足感是无与伦比的。#目标与成就 #努力向前,0.0,0.07,0.93,0.0,0.0,0.0
今天在街上看到一对年长的夫妻，手牵着手，脸上满是笑容。突然觉得，生活的真谛或许就是找一个可以陪伴一生的人。#爱情的真谛 #陪伴一生,0.0,0.0,0.83,0.09,0.13,0.07
每当心情不好的时候，我都会想起那些美好的回忆。那些回忆像是一束温暖的光，照亮了我的心。#回忆的温暖 #心灵的光,0.0,0.0,0.9,0.1,0.12,0.0
最近忙得像个陀螺，但每当停下来的时候，总会觉得自己已经失去了很多。或许，停下来看看身边的风景，才是真正的生活。#忙碌与停顿 #生活的真谛,0.0,0.0,0.66,0.16,0.26,0.0
昨天夜里又做了一个奇怪的梦，醒来时心里久久不能平静。梦中的那些人、那些事，似乎提醒着我一些未解的心结。#梦境的解读 #内心的隐秘,0.0,0.19,0.0,0.44,0.3,0.16
最近心情波动大，时而低落，时而激动。或许，是时候找个地方静静地坐下来，整理一下自己的情绪。#情绪的波动 #心灵的整理,0.06,0.0,0.4,0.39,0.19,0.0
每当觉得生活很沉重时，我就会回想起那些曾经的美好时光。它们像一股温暖的力量，驱散了内心的阴霾。#美好回忆 #心灵的力量,0.0,0.05,0.9,0.12,0.15,0.0
最近在做一些新的尝试，虽然有些不习惯，但也正是这些挑战，带给我不同的感悟。生活，或许就是一次次突破自己的过程。#新的尝试 #生活的挑战,0.0,0.0,0.85,0.11,0.0,0.06
今天看到一部让人深思的电影，剧情虽然复杂，但却让我对人生有了新的理解。每一次的深刻思考，都是成长的契机。#电影的启示 #人生的深思,0.0,0.0,0.76,0.23,0.08,0.0
最近一直在忙着工作，偶尔也会觉得自己忘记了生活的其他方面。或许，我该给自己一点空间，去感受生活中的美好。#工作与生活 #空间与自由,0.06,0.0,0.58,0.27,0.18,0.07
最近总是觉得自己不够好，总是觉得自己做得不够多。或许，生活就是这样，给我们不断的挑战，但也让我们在挑战中成长。#挑战与成长 #自我反思,0.0,0.1,0.47,0.21,0.27,0.0
今天试着去做一些自己从未尝试过的事，虽然有点紧张，但却收获了意想不到的快乐。生活中的每一次勇敢，都会让我们更接近那个更好的自己。#勇敢尝试 #生活的快乐,0.09,0.0,1.0,0.0,0.0,0.0
看着窗外的景色，心情竟然一下子变得平静。生活中有太多的喧嚣，但也总有一刻，让我们找到片刻的宁静。#静谧时光 #生活的平静,0.0,0.0,0.77,0.16,0.06,0.18
今天和朋友聊了很多，突然发现，我们都是在生活的不同轨道上前行，但彼此之间的理解，让我们的关系更加深厚。#友谊 #生活的深度,0.0,0.0,0.79,0.13,0.08,0.1
最近越来越喜欢安静的生活，虽然偶尔感到孤独，但也觉得这份孤独中有一种无与伦比的自由感。#孤独与自由 #生活的宁静,0.0,0.06,0.78,0.17,0.0,0.09
