posts,angry,fear,happy,neutral,sad,surprise
最近常常感到自己在“逃避”生活中的某些责任和问题，明明知道需要解决，却总是拖延。深刻反思后，还是得面对并解决这些问题，才能迎接更好的明天。#逃避 #自我反思,0.0,0.12,0.15,0.26,0.5,0.0
生活总是忙碌不断，偶尔停下来想，自己已经好久没认真享受过一次宁静的时光了。什么时候开始，忙碌成为了生活的常态？#繁忙的生活 #需要休息,0.13,0.07,0.17,0.14,0.6,0.1
在我看来，电影中的每一帧都有其独特的韵味。最近看的一部电影，虽然剧情平淡，但演员的表演和细腻的情感表达却让我感动不已。#电影感悟 #演员的魅力,0.0,0.0,0.83,0.19,0.0,0.0
最近开始尝试更多的素食料理，没想到竟然这么好吃。每一次新的尝试，都让我对生活充满了更多的好奇和期待。#素食生活 #尝试新事物,0.07,0.05,0.76,0.0,0.0,0.3
这些天常常做梦，梦里充满了未解的情节和复杂的情感。梦境中的每一刻，似乎都在提醒我，内心的某些问题还未解决。#梦境 #内心的声音,0.0,0.07,0.19,0.33,0.25,0.08
难得的休息日，我终于能静下心来读书。那种沉浸在书中的感觉，仿佛又回到了学生时代的轻松时光。#阅读 #放松时光,0.0,0.0,0.9,0.12,0.0,0.06
最近的天气变幻莫测，早晨还阳光明媚，下午却突然下起了大雨。像极了心情，总是波动起伏，难以平静。#天气与心情 #情绪波动,0.07,0.16,0.0,0.28,0.43,0.13
总是把自己困在舒适区，害怕改变。今天我决定勇敢迈出一步，去尝试那些我一直害怕的事。或许，这才是成长的真正意义。#勇敢尝试 #自我成长,0.0,0.19,0.72,0.1,0.07,0.06
每当遇到困难，想起曾经的自己，是如何在逆境中坚持下来。生活的挑战，正是让我变得更加坚强的动力。#面对挑战 #坚强的心,0.0,0.08,0.97,0.0,0.0,0.0
有时也会怀疑自己是不是太过敏感，很多时候都能察觉到他人未曾言明的情绪。是感知力过强，还是太过于自我怀疑呢？#敏感 #自我怀疑,0.0,0.26,0.0,0.34,0.34,0.17
今天翻看了老照片，回忆起了那些年少的无忧时光。每一张照片，都是时光的痕迹，提醒我珍惜现在，活在当下。#怀旧 #珍惜当下,0.0,0.0,0.83,0.09,0.18,0.05
最近偶尔觉得孤独，却又不想打扰任何人。有时候，孤独并不完全是坏事，它也让我们更懂得自己。#孤独 #自我反思,0.0,0.1,0.49,0.2,0.3,0.0
很久没做瑜伽了，今天终于抽空重拾。每一次呼吸、每一个伸展，都是对自己内心的抚慰。#瑜伽 #身心放松,0.0,0.0,0.92,0.15,0.06,0.0
和朋友聊到关于理想与现实的差距时，我们都意识到，生活中的很多选择，其实都是自己做出的决定。#理想与现实 #人生的选择,0.0,0.0,0.29,0.5,0.2,0.15
今天去了一家新开的咖啡馆，安静的环境，浓香的咖啡，仿佛是为我而设的避风港。偶尔放慢脚步，享受一份宁静，真的很重要。#咖啡馆 #慢下来,0.0,0.0,0.88,0.19,0.0,0.0
每次想要改变时，总觉得前方的路太难走。可是，唯一的办法就是一步步走下去，直到走到你想去的地方。#改变 #坚持,0.0,0.06,0.78,0.16,0.17,0.0
最近开始尝试更多的创作，尽管有时候并不顺利，但每一次的努力，都是在向理想的自己迈进。#创作 #追求理想,0.0,0.05,0.79,0.11,0.0,0.0
我常常怀疑自己做得够不够好，每当看到别人成功，我就开始自我怀疑。但转念一想，成功并不只在别人眼中，而是在自己内心的满足。#自我怀疑 #成功的定义,0.0,0.07,0.24,0.43,0.22,0.11
生活总是在不断变化，我也在随着时间的流逝不断成长。每一次的挫折，都让我变得更加成熟。#成长 #时间的力量,0.0,0.0,1.0,0.0,0.0,0.0
最近心情有些低落，总是感到疲惫不堪。偶尔也会想，自己是不是太过于追求完美，以至于忽略了自己的感受。#疲惫 #完美主义,0.0,0.11,0.07,0.22,0.72,0.0
今年一直在尝试新的挑战，虽然有时候感觉很累，但回头想想，这些努力都为未来铺路。#新的挑战 #未来的路,0.0,0.07,0.86,0.0,0.0,0.0
偶尔也会想，自己的生活是否过于理性，缺乏一些浪漫和幻想。是时候给自己一点空间，去感受生活中的美好。#理性与浪漫 #生活的美好,0.06,0.0,0.82,0.16,0.0,0.0
最近我发现自己总是容易焦虑，明明知道许多事情并不值得担忧，但依然忍不住焦虑。可能是因为太过敏感吧。#焦虑 #自我安慰,0.08,0.23,0.09,0.24,0.64,0.07
我觉得生活中的美好，不一定要通过轰轰烈烈的事件来体现。有时候，一顿简单的午餐、一段平静的时光，才是真正的幸福。#幸福 #简单的美好,0.0,0.0,1.0,0.0,0.0,0.0
昨晚读了一本书，书中的一句话让我久久不能忘记：“生活就像是一场旅行，不必急于到达终点，最重要的是沿途的风景。”#旅行 #生活的意义,0.0,0.0,0.77,0.22,0.0,0.05
每当感觉迷茫时，总喜欢回忆起那些曾经让我感动的瞬间。它们像一束光，照亮了我的前路。#回忆 #人生的光,0.0,0.0,0.9,0.0,0.08,0.0
生活中有很多不如意的事情，有时觉得自己好像永远也走不出困境。但我知道，坚韧和勇气会让我走得更远。#困境 #勇气,0.0,0.12,0.83,0.11,0.15,0.0
最近总觉得自己停滞不前，明明知道应该做些什么，却总是拖延。或许，我该找一个动力，重新振作。#拖延症 #重新振作,0.12,0.12,0.09,0.09,0.73,0.0
最近总喜欢想象未来的自己会是什么样子。也许，我永远也无法预知未来，但我相信，只要努力，一切都会变得更好。#未来 #努力,0.0,0.05,0.92,0.0,0.0,0.0
深夜，偶尔翻看旧照片，每一张都承载着过去的回忆。岁月不留情，但它也教会了我如何去珍惜眼前的一切。#旧照片 #岁月的痕迹,0.0,0.0,0.6,0.1,0.37,0.0
看着那些实现梦想的人，偶尔会感到自己离目标有些遥远。但我知道，唯一的道路就是走下去，一步一个脚印。#实现梦想 #坚持,0.0,0.06,0.87,0.0,0.0,0.0
生活中的一些小事，常常给我带来意外的惊喜。今天买的那条裙子，穿上竟然如此合适，感觉自己变得更有自信了。#生活的惊喜 #自信,0.08,0.07,0.95,0.0,0.0,0.16
今天下午和朋友聊了许久，才发现我们都在默默承受着一些压力。也许，和对的人聊一聊，才能释放内心的负担。#朋友 #压力释放,0.0,0.06,0.47,0.26,0.34,0.06
我有时会对生活中的一些琐事感到烦躁，但当我静下心来，重新审视这些事，我发现它们也不过是生活的一部分。#琐事 #生活的哲学,0.0,0.0,0.36,0.55,0.08,0.0
我喜欢在夜晚独自思考，那个时候，脑海中浮现的都是最真实的想法。也许，夜晚才是最能了解自己的时刻。#夜晚 #思考,0.0,0.0,0.64,0.25,0.15,0.06
最近感觉时间过得特别快，仿佛每一秒钟都在流逝。或许，我应该更加珍惜当下，而不是总是担忧未来。#时间的流逝 #珍惜当下,0.0,0.09,0.51,0.15,0.41,0.0
每当生活变得复杂时，我总会找一个安静的角落，独自思考。或许，只有在寂静中，才能找到最清晰的答案。#独处 #思考,0.0,0.05,0.32,0.41,0.31,0.05
最近总是感到有些疲惫，身体和心灵都在呼唤着休息。也许，给自己一个放空的时刻，才能重新找回力量。#疲惫 #休息,0.0,0.1,0.34,0.23,0.53,0.0
看着身边的人都在忙碌追逐自己的梦想，我不禁反思自己是否也该更加努力了。梦想，从来不是空谈，而是行动的结果。#梦想 #行动,0.0,0.0,0.8,0.11,0.06,0.0
每当遇到挫折，我都会告诉自己：“失败不是终点，而是通往成功的必经之路。”有时，失败反而是成功的铺路石。#挫折 #成功的道路,0.0,0.0,0.49,0.44,0.15,0.0
今天试着改变了一下日常的生活方式，没想到小小的改变竟然带来了大大的不同。生活，就是这样不断尝试的过程。#改变 #生活的实验,0.0,0.0,0.74,0.11,0.0,0.23
每当心情不好的时候，总喜欢去听一些安静的音乐，那种旋律总能让我从内心深处找到一丝宁静。#音乐 #内心的平静,0.0,0.0,0.77,0.23,0.05,0.0
最近觉得自己变得越来越感性，很多时候会为一些小事感动，也会为生活中的一些美好瞬间落泪。#感性 #情感的流露,0.0,0.05,0.75,0.1,0.16,0.0
看着窗外的景色，心情突然变得宁静。生活中的美好，总是在不经意间出现，提醒我们要珍惜眼前的一切。#窗外的风景 #生活的美好,0.0,0.0,0.97,0.0,0.0,0.0
最近读到一句话：“有时候，放下也是一种勇气。”我想，这句话让我明白了很多。放下过去，才能迎接新的开始。#放下 #新开始,0.0,0.0,0.62,0.26,0.08,0.0
今天和朋友聊到未来，大家都有各自的梦想和目标。或许，未来充满不确定性，但只要努力，一切都会变得美好。#未来 #努力,0.0,0.06,0.91,0.09,0.0,0.0
最近喜欢在清晨的阳光下走走，感觉一切都变得宁静而美好。阳光洒在身上，仿佛给了我一份温暖的力量。#清晨 #阳光的温暖,0.0,0.0,1.0,0.07,0.0,0.0
最近感到有些迷茫，生活中的每一件事似乎都需要做出选择。但我知道，最终的答案会在时间的推移中自然揭晓。#迷茫 #选择,0.0,0.11,0.21,0.37,0.35,0.1
今天去参观了一个艺术展，作品中的每一幅画都充满了深刻的寓意。艺术，似乎总是能给人带来不一样的感悟。#艺术 #感悟,0.0,0.0,0.69,0.34,0.0,0.0
每当觉得生活无趣时，总是会提醒自己：生活中的每一刻都值得珍惜。只要你用心去感受，平凡的日子也能充满美好。#珍惜 #生活的美好,0.0,0.0,0.95,0.0,0.0,0.0
