posts,angry,fear,happy,neutral,sad,surprise
今天终于拿到新电脑了，旧电脑卡得让我发疯，但终于能处理工作资料不再卡死机，效率感爆棚。简直觉得是工作新动力！#科技感# #新电脑感想,0.0,0.0,1.0,0.0,0.0,0.12
初次尝试画下眼睑，效果意外不错，虽然发量少了点，但挺喜欢这个变化。突然发现化妆的乐趣就是如此简单。#化妆小实验# #眼妆效果,0.07,0.0,0.79,0.11,0.06,0.16
今年的婚纱照有点遗憾，因为身体原因没能穿上那种超美的露背无袖礼服，心里有些许失落，但总算能接受。希望婚礼能顺利办完，真的是等了太久。#婚礼心情# #减肥奋斗,0.07,0.12,0.54,0.0,0.49,0.0
路上遇到的流浪猫给我送了一路，它跟着我走了好久，最后才走掉，突然觉得，这世界的温暖不仅仅来自人。#动物情感# #温暖的陪伴,0.0,0.0,0.98,0.0,0.0,0.05
跑了十多公里，感觉自己身体的极限又被刷新了。现在四五公里的距离都觉得轻松，之前考驾照却一直不敢开车，真是挺矛盾的。#跑步挑战# #生活进步,0.27,0.12,0.18,0.0,0.55,0.0
有时候，家长给孩子的期望真的是压力山大，最近帮忙改了好几次家长的稿子，已经到“不敢接电话”的地步。#工作压力# #家长要求,0.29,0.1,0.0,0.11,0.46,0.0
刚看到一个好笑的事情，家里做家务的男人居然开始穿夏天的船袜了，外面明明还是冷的，这世界真的是越来越奇妙了。#家庭生活# #穿着趣事,0.07,0.08,0.58,0.0,0.0,0.49
这几天反复生病，头疼咳嗽到快疯了。今天终于洗了头发，洗了澡，感觉自己重生了。身体的疲惫，只有自己体会过才知道多么痛苦。#生病心情# #恢复中的小幸运,0.07,0.08,0.96,0.0,0.14,0.0
昨天上完课，回来自己做了点新菜。虽然不是很完美，但看到大家吃得开心，心里还是很满足。每一次做饭的进步，都是自己对生活的热爱。#家庭料理# #自我提升,0.0,0.0,1.0,0.0,0.0,0.0
今天去深圳出差，清晨五点就起床赶高铁，昨天还催他准备好一切，结果他居然全程不知道自己什么时候起的，男人果然有时候要多提要求。#出差日常# #早起挑战,0.23,0.08,0.28,0.0,0.16,0.34
路上的课总是忙得没空喘息，感觉自己快要虚脱了。每次都穿得厚厚的，结果走一会儿又热，一会儿又冷。希望有一天能真正的“退休躺平”。#工作疲劳# #人生反思,0.06,0.15,0.19,0.09,0.73,0.0
每天追着学生的作业做不完，晚上十一点的作业一发，简直要崩溃了。早睡成了奢侈品。#教育行业# #作业焦虑,0.52,0.2,0.0,0.0,0.48,0.0
被妈妈的催生电话烦得不行，一天一个电话，每次都重复着“什么时候要孩子”的话。每次接电话，心情都瞬间不好了。#家庭压力# #催生困扰,0.5,0.14,0.0,0.0,0.55,0.0
看着办公室里的人都各自忙碌，自己突然明白了，工作上的每个决定，背后都充满了无数的思考和牺牲。#职场感悟# #责任的重量,0.0,0.0,0.43,0.21,0.32,0.0
今天早上终于得到了一个好消息，跑步、做瑜伽都完成了，感觉精神焕发，期待接下来的工作也能顺利展开。#健康生活# #自我激励,0.06,0.0,1.0,0.0,0.0,0.0
今天去地铁站，一边刷着手机，一边站着等车，突然发现自己这几年变化太大，记得以前走路都喜欢东张西望，现在几乎一直低头。#生活反思# #变化感,0.05,0.15,0.23,0.13,0.54,0.14
每年的春节都会赶着回家，今年还是不太能适应这样浓重的家庭氛围。家人总是围绕着“你要结婚了没有”转，听多了也就麻木了。#家庭聚会# #节日烦恼,0.31,0.05,0.0,0.07,0.67,0.0
最近觉得心情很差，身体也很累。好久没看书了，终于打开了那本书，发现一开始的平静，才是让自己重回生活的起点。#情绪调整# #读书治愈,0.07,0.0,0.54,0.13,0.43,0.0
生活里总是有那么多意外的小事儿，像我妈出去玩几天不打电话，回来一通电话，我妈也是有点不理解这“我一个人怎么就能坐得住”的生活方式。#家庭感悟# #独立生活,0.18,0.07,0.08,0.21,0.53,0.09
今天和朋友一起去了餐厅，吃了一顿很满足的饭。虽然这也是我们常去的几家之一，但总觉得，和好朋友一起的每一顿饭都特别温馨。#朋友时光# #美好午餐,0.08,0.0,1.0,0.0,0.0,0.0
在街上漫无目的地走，突然意识到，生活的意义并不在于不断地追求目标，而是在过程中找到那份平静。#人生思考# #日常哲学,0.0,0.0,0.52,0.37,0.13,0.09
突然觉得，平淡的生活也可以很美好。只要心态平和，哪怕是每天的普通工作，日复一日，还是能让人感受到存在的意义。#生活感悟# #平凡的美好,0.0,0.0,1.0,0.0,0.0,0.08
今天的课看似简单，背后却有那么多的思考和安排。每一堂课都是自己给学生和自己创造的挑战，也充满了成长。#教育感悟# #教学挑战,0.0,0.05,0.74,0.2,0.0,0.0
最近接到了一些意外的工作任务，虽然很忙，但也充满了成就感。每一次完成都让我对自己的能力更加肯定。#工作生活# #挑战自我,0.0,0.0,0.97,0.0,0.0,0.0
看完电影后，心情久久不能平静。那些复杂的人物关系、命运的交错，突然让我意识到，生活中的每个人都有自己的故事。#电影感想# #生活启示,0.0,0.08,0.43,0.33,0.3,0.08
今年的夏天比往年热，走在路上，汗水和空气都粘在一起，但也终于能感受到每一刻生活的细节，简单的快乐。#夏日生活# #生活小确幸,0.06,0.0,1.0,0.0,0.0,0.0
觉得自己越来越能理解父母的心情了，特别是做父母之后，他们的生活确实与孩子息息相关，不只是自己一个人。#家庭生活# #父母心情,0.0,0.0,0.76,0.13,0.1,0.1
今天和朋友一起去了超市，看到各种各样的商品，竟然开始幻想如果有自己的小店，或许可以把这些商品卖出去。#生活感悟# #创业梦,0.08,0.07,0.61,0.15,0.0,0.24
每个人都在忙碌中寻找生活的意义，而我，总在日复一日的简单生活中找到了属于自己的节奏。#生活哲学# #找到自我,0.0,0.0,0.65,0.29,0.07,0.1
又是一个寂静的晚上，偶尔翻开一页书，静下心来，忽然觉得生活可以简单，可以纯粹，不需要太多的喧嚣。#夜晚时光# #平静的力量,0.0,0.0,0.9,0.08,0.05,0.0
今天好久不见的朋友约我吃饭，聊起曾经的回忆，突然感受到那些日子虽然已远去，但依然温暖。#友谊时光# #回忆珍贵,0.0,0.0,0.95,0.0,0.12,0.0
感觉最近生活压力特别大，总有一种被困住的感觉。或许，给自己多点时间，也能让一切变得清晰。#生活压力# #自我调节,0.09,0.1,0.27,0.23,0.38,0.0
这一季的新剧开播了，剧情开始变得复杂，但仍然忍不住追下去。每个角色的情感线，真的能牵动我的心。#剧集分析# #情感共鸣,0.0,0.0,0.77,0.15,0.13,0.0
今天和学生聊到人生的意义，突然明白，其实每个人的目标都不一样，但只要坚持自己，就一定能走出一条属于自己的路。#人生感悟# #教育思考,0.0,0.0,0.6,0.37,0.07,0.0
我常常发现，生活中的小事，比如做饭、走路、读书，反而能给我带来最大的满足感。#日常感悟# #简单的快乐,0.0,0.0,0.96,0.11,0.0,0.0
最近老是感到孤单，虽然周围有人陪伴，但似乎没有真正理解我的人。也许，自己才是最懂自己的那个人。#孤单感悟# #自我对话,0.05,0.12,0.24,0.18,0.67,0.0
突然明白，生活中的焦虑大多来源于对未来的未知。我们总是追求更多，但也常常忘了享受当下的每一刻。#焦虑感悟# #生活反思,0.0,0.16,0.2,0.29,0.55,0.06
最近忙得不可开交，每天都在和时间赛跑。真的好想停下脚步，给自己一点喘息的空间。#忙碌生活# #时间管理,0.15,0.07,0.12,0.14,0.57,0.0
我总觉得生活像一场戏，很多时候，我们的角色并非我们自己选择的。但每个人都可以找到属于自己的台词。#人生如戏# #角色选择,0.0,0.0,0.4,0.48,0.21,0.09
和朋友一起去旅游，虽然已经是第二次去的地方，但每次看到熟悉的景点，还是有种新的感动。#旅游时光# #情感共鸣,0.0,0.0,0.92,0.0,0.09,0.0
看着窗外的雨，突然觉得世界变得特别安静。生活就是这样，偶尔停下，给自己一点时间思考。#雨天心情# #静思时光,0.0,0.0,0.77,0.18,0.11,0.0
最近在追一部悬疑剧，剧情越来越紧张，感觉整个人都被卷入其中了。希望结局能给我一个满意的交代。#剧集追踪# #情节分析,0.0,0.16,0.41,0.36,0.18,0.0
站在十字路口，突然觉得人生也像走在这条路上，充满了无数的选择，每一步都决定着我们的未来。#人生选择# #反思人生,0.0,0.0,0.56,0.08,0.26,0.11
看到一本好书，觉得自己像是找到了一个全新的世界。读书给了我许多不一样的视角，让我重新思考生活。#读书时光# #心灵感悟,0.0,0.06,0.86,0.2,0.09,0.0
有时候，看一场演唱会，不仅仅是听歌，更是感受那份情感的共鸣。音乐的力量，总能给人带来一种不可言喻的感动。#演唱会感受# #音乐力量,0.0,0.0,0.87,0.14,0.0,0.06
最近觉得压力山大，事情越来越多，时间却总是不够用。希望能在繁忙中找到一点空隙，给自己放松的空间。#生活压力# #自我疗愈,0.1,0.09,0.45,0.2,0.35,0.0
坐在咖啡馆，慢慢品味着自己的咖啡，觉得生活也可以如此简单。#日常时光# #简单生活,0.0,0.0,0.81,0.23,0.08,0.15
对于每个小目标的达成，总能带来成就感。今天又完成了一个任务，心里充满了小小的自豪感。#目标达成# #自我激励,0.0,0.0,1.0,0.0,0.0,0.0
今天在街头看到一对情侣牵手走路，感觉世界变得格外温暖。每一份真挚的情感，都会感染身边的人。#爱情感悟# #情感共鸣,0.06,0.0,0.88,0.11,0.08,0.0
和朋友一起度过的时光总是特别珍贵，哪怕是一起吃顿简单的晚餐，聊一些琐碎的事情，也能让人感到温暖。#友情时光# #情感温暖,0.0,0.0,1.0,0.0,0.0,0.0
