posts,angry,fear,happy,neutral,sad,surprise
有时候，我们对外界的期待越多，自己的焦虑就越强烈。或许，放下那些期待，回归内心，才是我们真正的解脱。,0.0,0.0,0.41,0.34,0.32,0.0
每当看到别人以一种不经意的方式释放负能量时，我总是在想，是不是我们每个人心中都藏着一个被伤害的自我。,0.25,0.1,0.0,0.17,0.67,0.0
今天无意间翻到一首旧歌，竟然泪流满面。或许，音乐就像时间的桥梁，带我们穿越过去的点滴。,0.05,0.0,0.22,0.12,0.67,0.08
每当夜晚降临，我总是陷入沉思。或许，只有在这寂静的时刻，才能真正听到内心最真实的声音。,0.0,0.0,0.1,0.34,0.59,0.0
人生真是充满了不确定性，但正是这些不确定性，才让我们更加珍惜每一个平凡的瞬间。,0.0,0.0,0.9,0.09,0.0,0.0
我常常觉得，成长并不总是迎接更多的喜悦，更多的是在痛苦中学会接受与放下。,0.0,0.0,0.43,0.25,0.44,0.0
最近的自己，似乎总是陷入无尽的焦虑与自我怀疑中。我知道，这也许是通往成长的必经之路。,0.0,0.08,0.08,0.23,0.57,0.09
昨天看了一部电影，主人公最后的选择让我深深感动。或许，我们每个人也都在追寻那个属于自己的答案。,0.0,0.0,0.78,0.11,0.0,0.0
突然意识到，自己变得越来越不喜欢争论了。更多的时候，我选择的是静默，给自己和他人一个平静的空间。,0.1,0.0,0.22,0.26,0.51,0.06
最近开始反思自己做事的方式，是否真的在为自己而活，还是总是在迎合外界的期待？,0.0,0.0,0.0,0.27,0.51,0.21
每次走进图书馆，看着那些堆积如山的书籍，我总会想，哪一本会是我人生的新篇章呢？,0.0,0.0,0.2,0.19,0.46,0.15
当我面对不如意的工作时，我常常问自己，这真的是我想要的吗？或许，我还在寻找那份属于我的热爱。,0.0,0.0,0.11,0.17,0.71,0.1
最近突然明白，很多时候我们以为的“爱”其实只是依赖。真正的爱，是不求回报，是真心的理解与支持。,0.0,0.0,0.71,0.11,0.1,0.07
看着身边的人逐渐变得世故，我开始怀疑，这世界是否真的如我们所愿？或许，保留一份纯真才是最珍贵的。,0.0,0.0,0.27,0.19,0.52,0.1
时间过得好快，忽然间，已经没有了曾经那份对未来的无畏。每个人似乎都在用自己的方式，寻找着生活的意义。,0.09,0.0,0.42,0.12,0.37,0.0
最近想通了一件事：人生中的遗憾，未必是坏事。它们让我们学会珍惜，学会成长，也让我们更懂得爱。,0.0,0.0,0.79,0.09,0.15,0.0
每次看到孩子们天真无邪的笑容，我都会想，什么时候我们也能不再背负那么多负担，像他们一样自由？,0.0,0.0,0.79,0.0,0.21,0.07
最近的自己有些不安，总是觉得缺少什么。或许是太过专注于未来，而忽略了眼前的美好。,0.0,0.13,0.0,0.16,0.85,0.0
每当感到迷茫时，我都会告诉自己：“不急，慢慢走，总有一天你会找到属于自己的路。”,0.0,0.0,0.73,0.21,0.05,0.0
生活真的很难让人如愿以偿，但也正是这些不完美，让我们更加懂得如何去珍惜。,0.0,0.0,0.83,0.09,0.19,0.0
不知道为什么，看到某些人轻松笑谈人生时，我心中总是泛起一丝不舍。也许，笑容背后藏着太多不为人知的苦衷。,0.0,0.0,0.19,0.2,0.68,0.0
看着身边的人为了理想而奋斗，我突然想，是不是自己也应该更加勇敢地追求自己的梦想，而不是被生活的琐事拖住。,0.0,0.0,0.7,0.06,0.24,0.0
人生没有完美的方案，每一个决定都是一次试探。只要不后悔，就足够了。,0.0,0.0,0.67,0.18,0.18,0.0
今天站在窗前，看着远处的风景，突然意识到，或许真正的宁静不是远离喧嚣，而是内心的平和与安定。,0.0,0.0,0.75,0.19,0.0,0.0
最近的自己，感觉有些迷失，仿佛所有的努力都没有回报。是时候放慢脚步，重新审视自己的方向了。,0.0,0.0,0.12,0.17,0.77,0.0
生活有时充满艰难与挑战，但我相信，只要内心不动摇，就一定能够度过每一个难关。,0.0,0.0,0.87,0.17,0.0,0.0
每当觉得无力时，我总会告诉自己，这些痛苦终将过去。未来的某一天，我会感谢今天为自己所做的每一个努力。,0.0,0.0,0.75,0.0,0.22,0.0
生活中的每一次低谷，都让我更加明白，唯有坚持，才能找到真正的光。,0.0,0.0,0.86,0.12,0.0,0.0
最近总是觉得情绪起伏不定，或许是因为太多的不确定性让我感到焦虑。学会接纳这些波动，或许才是成长的真正意义。,0.0,0.0,0.49,0.23,0.26,0.0
每个人都在拼尽全力生活，但有时候，我觉得最重要的并不是目标，而是过程中的每一个微小的瞬间。,0.0,0.0,0.39,0.23,0.37,0.08
看着孩子们在操场上玩耍，我不禁想，为什么大人总是这么急躁？他们已经忘记了如何去享受当下。,0.35,0.0,0.07,0.14,0.38,0.19
对于未来，我依然充满希望。尽管不知道前方的路如何，但只要心中有光，我相信一切都会变得更加明亮。,0.09,0.0,0.97,0.0,0.0,0.0
最近的自己，总觉得有些力不从心。或许，我应该放下那些不属于我的负担，去寻找属于自己的真正的道路。,0.05,0.0,0.15,0.17,0.74,0.0
最近偶尔回忆起过去的一些事情，突然明白，很多时候我们以为的遗憾，其实是时间赋予我们的礼物。,0.0,0.0,0.22,0.15,0.71,0.15
每次看到人们为了梦想而奋斗，我都会感到一丝激动。或许，我们每个人都在用自己的方式，追寻着属于自己的星光。,0.0,0.0,0.87,0.07,0.0,0.0
有时候，我也希望能有一个人，理解我的心情，陪伴我一起走过那些孤单和无助的时刻。,0.0,0.0,0.79,0.09,0.16,0.0
最近常常陷入自我怀疑，不知道自己做的是否足够好。但我知道，人生从来没有标准答案，最重要的是做最好的自己。,0.0,0.0,0.52,0.16,0.22,0.07
今天站在阳台上，看着远处的景色，我突然意识到，这个世界上有太多美好，等待我们去发现。,0.0,0.0,0.87,0.07,0.0,0.0
当自己变得更成熟时，才明白，最重要的并不是追求外界的认可，而是能否保持内心的真实与平和。,0.0,0.0,0.7,0.28,0.05,0.0
每当感到迷茫时，我都会告诉自己，不必急于找到答案，因为人生本就没有一个标准的路线。,0.0,0.0,0.32,0.36,0.38,0.0
最近总是感到自己的心灵有些疲惫，或许是太多的压力让我喘不过气。但我知道，放下并不等于放弃，生活总会有新的开始。,0.0,0.0,0.64,0.12,0.28,0.0
人生就像是一场旅行，每一次的跌倒都在提醒我们：真正的力量，不是从未跌倒，而是每次都能站起来。,0.0,0.0,0.85,0.16,0.0,0.0
总有一些瞬间，会让我们意识到，生活中的美好不在于大事，而是在于那些微不足道却温暖的时刻。,0.0,0.0,0.86,0.17,0.0,0.0
最近对很多事情都开始感到不那么在意了，也许这就是成熟的表现。,0.1,0.0,0.36,0.31,0.36,0.0
看着身边的人忙忙碌碌，我不禁想，我们每个人的追求是否真的有意义，还是只是一个不断追逐的过程？,0.0,0.0,0.0,0.2,0.53,0.24
不知道为什么，总是感到孤单。或许，人的一生，注定要在寻找与失落中前行。,0.0,0.0,0.05,0.12,0.88,0.0
每当看到别人因为爱情而痛苦时，我总是默默祝福他们，希望他们早日找到真正的幸福。,0.0,0.0,0.88,0.0,0.12,0.0
最近感到心情低落，偶尔回忆起过去的快乐时光，却又不禁怀疑，那些回忆是否只是虚幻。,0.0,0.0,0.0,0.14,0.84,0.0
每当看到一些人为了理想而努力，我会想，自己是不是也该更加勇敢地去追逐自己的梦想？,0.0,0.0,0.75,0.0,0.09,0.0
今天走过一条熟悉的小路，看着两旁的花儿盛开，突然觉得，生活中的美好，不需要太多解释，静静地感受就好。,0.0,0.0,0.95,0.0,0.0,0.0
