posts,angry,fear,happy,neutral,sad,surprise
今天的目标是让自己的心情像阳光一样明亮，清晨醒来，做了冥想，放松了一下，全身的疲惫都瞬间消失。#心灵成长# #自我修养#,0.0,0.0,0.75,0.24,0.09,0.0
哎呀！这几天终于有时间整理厨房了，顺便发现了好多宝贝藏在角落里，好像每次整理都会发现生活中的小惊喜。#居家生活# #小确幸#,0.0,0.0,0.98,0.0,0.0,0.17
不知道为什么，最近在家看到孩子玩拼图时的专注，突然感到一种深深的触动。这种简单的快乐，才是真正的幸福吧。#亲子时光# #宝贝成长#,0.0,0.0,0.91,0.0,0.0,0.12
今天吃了妈妈做的红烧肉，味道有点咸，却特别温暖，瞬间就让我想起了小时候。食物，不仅仅是味道，还是回忆的载体。#家庭记忆# #味道的力量#,0.0,0.07,0.98,0.0,0.12,0.0
虽然每天都很忙，工作、照顾家人，但看着家里人吃着自己做的饭，听到他们的笑声，我就觉得，所有的努力都是值得的。#家庭幸福# #生活点滴#,0.08,0.0,1.0,0.0,0.0,0.0
最近尝试了做一些新菜式，每次看着家人吃得开心，我的心情也跟着愉悦。做饭，不只是为了填饱肚子，更是我对家人爱的表达。#家庭料理# #爱的表达#,0.0,0.0,0.99,0.0,0.0,0.06
我一直在想，生活的美好是不是就藏在那些细小的瞬间里。比如清晨的阳光，夜晚的微风，和家人在一起的时光。#生活感悟# #平凡之美#,0.0,0.0,0.78,0.15,0.12,0.13
最近疯狂迷上了手工制作，孩子和我一起做了小熊石膏，看到他的笑容，我也觉得这一切都变得更有意义了。#亲子手工# #创意时光#,0.0,0.0,0.91,0.0,0.0,0.09
记得每次带娃去公园，看着他和其他小朋友一起玩耍，突然意识到，孩子们的世界那么简单，而我们大人却复杂了许多。#亲子时光# #童年回忆#,0.0,0.0,0.51,0.09,0.32,0.21
这些天感到特别疲惫，但回到家，看到温暖的灯光，想到和家人共享晚餐的美好，一切的疲惫都突然不那么重要了。#家庭温暖# #放松时光#,0.0,0.12,0.92,0.0,0.13,0.0
生活就像拼图，每一块小小的碎片组成了我们的故事。即便有时碎片丢失，我们依然能拼凑出属于自己的美丽画面。#生活哲理# #人生拼图#,0.0,0.0,0.74,0.38,0.18,0.0
每次想到自己忙碌的每一天，其实并不为别人，而是为了给家人更好的生活。忙碌，才是爱的一种表现。#家庭责任# #努力的意义#,0.0,0.0,0.92,0.06,0.0,0.06
忽然想到一个问题：“我们为什么总是在忙碌中迷失自己？”于是今天尝试给自己放个假，不再看手机，放空自己，享受片刻的宁静。#自我关怀# #放松时光#,0.07,0.0,0.57,0.21,0.17,0.13
看着孩子开心地玩拼图，突然想起小时候自己也常常坐在地板上，做着属于自己的小世界。其实，成长的意义，就是在不断找回自己。#成长思考# #人生感悟#,0.0,0.0,0.76,0.2,0.12,0.09
今天去跑步，虽然很累，但心情格外愉悦。运动和冥想，是我最爱的放松方式，帮助我重新找回内心的平静。#运动时光# #心灵放松#,0.0,0.0,0.93,0.13,0.0,0.0
当你在厨房做饭时，每一个小动作都充满了意义。我喜欢在做饭时放空自己，让每一道菜都充满爱与温暖。#厨房时光# #爱的料理#,0.0,0.0,0.97,0.08,0.0,0.07
每天都会想着家人，希望他们过得幸福安康。而每一次聚在一起的时光，都会成为我内心最温暖的回忆。#家庭时光# #感恩生活#,0.0,0.06,0.93,0.0,0.08,0.05
看到孩子玩积木的时候，我突然意识到，这些简单的玩具能带给孩子多少创造力和想象力。育儿的每个小细节，都在塑造未来的可能性。#亲子教育# #育儿智慧#,0.0,0.0,0.64,0.3,0.0,0.15
最近又开始重新规划生活了，感受到了一股新的动力。生活有时需要一点清新的空气，才能重新找回前行的方向。#自我规划# #生活动力#,0.0,0.0,0.9,0.07,0.0,0.0
感觉一切的疲惫都在整理房间时消失了。每当我整理空间时，心里也会变得更加清晰，仿佛一切烦恼都随着杂物被丢弃。#整理心情# #生活清理#,0.1,0.08,0.57,0.24,0.33,0.0
有时觉得自己在照顾家人、工作和孩子的过程中，已经快忘了自己。今天给自己留了一个小时，做做冥想，静静地呼吸。#自我关爱# #心灵宁静#,0.06,0.0,0.68,0.24,0.19,0.0
每天忙碌的日子里，总能找到些许美好。即使是平淡无奇的早餐，和家人一起吃，也能让我的一天充满能量。#家庭生活# #日常幸福#,0.09,0.0,1.0,0.0,0.0,0.0
最近在和孩子一起做手工，看到他小心翼翼地完成每个细节，心里特别感动。这种专注，才是最宝贵的东西。#亲子手工# #成长瞬间#,0.0,0.07,0.97,0.0,0.06,0.0
工作、生活、育儿，像三根支撑柱，支撑着我走过每一个平凡的日子。即使有时有点累，但看到家人笑，我知道一切都是值得的。#家庭责任# #爱与付出#,0.0,0.0,1.0,0.0,0.0,0.0
今天收到了一位朋友的问候，心里充满温暖。生活中，有时一句简单的问候，就能让人感觉不再孤单。#朋友关怀# #温暖心灵#,0.0,0.0,0.98,0.05,0.0,0.0
今天去了市场，买了些新鲜的蔬菜，准备做一顿丰盛的晚餐。简单的食材，做出一顿充满爱的饭菜，心里特别满足。#美食时光# #家庭料理#,0.0,0.0,0.93,0.1,0.1,0.0
忽然觉得，生活中的很多烦恼，其实都是自己心里的不安。放下这些焦虑，给自己一点时间，静静感受世界的美好。#内心平静# #生活感悟#,0.09,0.0,0.7,0.23,0.16,0.06
今天又去公园溜娃，看着孩子在草地上追逐嬉戏，忽然觉得，生活有时真的很简单，只要和亲爱的人在一起，做最简单的事。#亲子时光# #简单快乐#,0.0,0.0,1.0,0.0,0.0,0.07
看完书里的哲理，突然明白了一个道理：生活中的每一个小选择，都会影响我们未来的轨迹。今天的努力，就是明天的收获。#人生哲理# #努力的意义#,0.0,0.0,0.73,0.33,0.08,0.0
有时候，沉默是一种力量。今天静静地坐在窗前，什么都不做，只是欣赏外面的风景，感受内心的安宁。#生活宁静# #自我修养#,0.0,0.0,0.77,0.23,0.1,0.05
看着窗外的夕阳渐渐下沉，我不禁想起了那些年少时的梦想。虽然现在忙碌于生活的琐事，但心底的梦想依然在闪光。#梦想追寻# #心灵触动#,0.06,0.09,0.78,0.05,0.13,0.08
每天给自己定个小目标，今天的目标是完成一篇文章。每当达成目标，内心就充满成就感，给自己一点小奖励吧。#目标设定# #成就感#,0.0,0.0,0.8,0.17,0.0,0.0
每当我看到那些在生活中默默付出的人，心里总是感动不已。其实，最美的爱，往往是无声的。#生活感悟# #无声的爱#,0.0,0.0,0.88,0.07,0.13,0.0
今日一餐，简单的素菜，但却让人觉得特别美好。或许，生活的美好就藏在这些简单的日常中。#简单美好# #生活哲理#,0.0,0.0,0.8,0.27,0.14,0.12
其实，我们每个人都是自己人生故事的主角。无论前路多么坎坷，只要不断前行，就能找到属于自己的光明。#人生感悟# #勇敢前行#,0.0,0.0,0.86,0.24,0.06,0.0
突然有点累了，想停下脚步，给自己一个短暂的休息。生活不止是为了奔波，有时也要学会放慢脚步，享受宁静。#生活调节# #放慢节奏#,0.0,0.0,0.66,0.19,0.23,0.0
今天又在家做了些手工，看着孩子做出一件件小作品，心里满满的成就感。这种亲子时光，才是最值得珍惜的。#亲子手工# #育儿时光#,0.0,0.0,0.93,0.0,0.1,0.0
突然想起小时候的生日，简单的蛋糕和祝福，却永远铭刻在心里。原来，幸福真的不在于物质，而在于内心的满足。#生日回忆# #幸福感悟#,0.07,0.0,0.82,0.0,0.14,0.14
今天终于收拾好家里的一角，给自己创造一个更舒服的生活空间。每次整理空间，心情也跟着变得更加清新。#生活整理# #空间美学#,0.0,0.0,0.8,0.21,0.05,0.07
生活中的小确幸就是这样，忙碌一天后，坐下来喝一杯自己喜欢的茶，看一本好书，这才是最享受的时光。#茶与书# #自我享受#,0.0,0.0,0.97,0.1,0.0,0.08
每天都给自己做一些简单的冥想，闭上眼睛，静静地感受内心的声音。生活中，我们常常忽略了内心的需求。#冥想时光# #心灵放松#,0.0,0.0,0.4,0.59,0.18,0.0
今天终于做了一个我一直想做的事情，虽然很简单，但却让我感到无比满足。做自己喜欢的事，生活才充满意义。#兴趣培养# #自我实现#,0.0,0.0,1.0,0.0,0.0,0.0
看着窗外的细雨，忽然想起那些年少时的梦想。虽然生活已经不再单纯，但心底的热情依然在。#梦想回忆# #青春往事#,0.0,0.0,0.7,0.0,0.24,0.07
生活中的琐事常常让人疲惫，但偶尔停下脚步，享受一顿丰盛的早餐，便能瞬间感到活力满满。#早餐时光# #生活小确幸#,0.05,0.0,0.88,0.09,0.0,0.08
今天听到了一首老歌，瞬间被勾起了很多回忆。那些年的青春岁月，如今听起来依然充满情感。#怀旧时光# #音乐回忆#,0.0,0.0,0.77,0.09,0.22,0.0
每当自己感到失落时，总是想起那些真心为我付出的朋友和家人。正是他们，才让我在这个世界上不感到孤单。#友情感恩# #生活温暖#,0.0,0.06,0.97,0.0,0.09,0.0
昨天去了一家咖啡馆，坐在窗边看着外面的人来人往。偶尔停下脚步，享受片刻的宁静，是生活中最宝贵的时光。#咖啡时光# #生活感悟#,0.0,0.0,0.81,0.21,0.14,0.0
每天的努力和奋斗，才是人生真正的意义。无论外界如何变化，最重要的是保持自己的步伐，坚定前行。#人生哲理# #奋斗目标#,0.0,0.0,0.75,0.32,0.0,0.0
看着窗外的景色，我突然意识到，生活其实很简单。我们总是太过忙碌，忘了去感受周围的美好。#生活感悟# #慢生活#,0.0,0.0,0.74,0.23,0.18,0.13
每次做饭的时候，我都在想，这不仅仅是为了填饱肚子，更多的是在传递一种爱的力量。#家庭料理# #爱的传递#,0.0,0.0,0.86,0.14,0.09,0.11
