posts,angry,fear,happy,neutral,sad,surprise
今天静静坐在窗前，看着细雨轻打窗棂，心里有些说不出的感慨。人生就像这雨，偶尔猛烈，偶尔柔和。#心情# #哲思#,0.0,0.05,0.77,0.17,0.23,0.0
那些沉默的夜晚，才是最能让人听见自己内心声音的时刻。我们都在寻找自己，只是有些人从未停下过脚步。#自我探索# #夜晚的思考#,0.0,0.05,0.37,0.36,0.26,0.0
人生如梦，总是在瞬息之间变幻无常。曾经许下的愿望，有的已经远去，有的仍在心中温暖着。#时光# #追寻#,0.0,0.0,0.6,0.12,0.36,0.07
每一朵花的开放，都是生命对世界的一次微笑。无论走得多远，心中总有一份宁静是属于自己的。#自然的力量# #内心平和#,0.0,0.0,0.88,0.18,0.0,0.0
生活总是带着点不完美的瑕疵，而正是这些瑕疵，成就了我们独一无二的故事。#自我接纳# #人生哲理#,0.0,0.0,0.73,0.35,0.14,0.0
在寂静的夜里，心跳和呼吸都变得格外清晰。偶尔回望自己的过去，才知道那些曾经的伤痛已经悄然愈合。#内心治愈# #成长#,0.0,0.08,0.75,0.13,0.27,0.06
不喜欢浮躁的世界，也许因为自己是那么需要安静和深思。每个人的节奏不一样，心里的平衡最重要。#内心的平静# #思考人生#,0.0,0.0,0.77,0.28,0.08,0.05
有些事情，知道了并不一定能改变，只是接受它，生活才会变得轻松。也许，放下是一种智慧。#哲学思考# #心灵成长#,0.0,0.0,0.66,0.38,0.16,0.07
多少次在夜晚，凝视着星空，想象着那些遥不可及的未来。我们都在自己的人生路上迷茫过，却也都在不断前行。#梦与现实# #心灵漫游#,0.0,0.05,0.53,0.2,0.37,0.1
每个不曾起舞的日子，都是对生命的辜负。或许，我们总在等待一个完美的时机，却忘了，时光不会等人。#自我激励# #生活感悟#,0.0,0.05,0.52,0.21,0.47,0.0
有些情感，藏在心底，永远不说出来，只因明白，不必言语也能懂。#默契# #心灵共鸣#,0.0,0.0,0.72,0.23,0.27,0.05
生命太短，无法和所有人分享深刻的想法。但偶尔能遇到一个理解自己的人，已是莫大的幸运。#深情# #人际关系#,0.0,0.0,0.81,0.0,0.09,0.0
那些安静的日子，才是最真实的自己。人们总是喜欢在喧嚣中迷失，而只有静下来，才会发现自己真正的渴望。#自我觉醒# #内心世界#,0.0,0.0,0.68,0.28,0.11,0.06
生活需要仪式感，哪怕是简单的一杯茶，也能带来片刻的宁静。#心灵慰藉# #生活的小确幸#,0.0,0.0,0.9,0.14,0.0,0.06
无论是黑夜还是白昼，心里总有一个光明的地方在指引你。生活不可能完美，但依旧值得珍惜。#积极心态# #温暖的光#,0.0,0.0,0.98,0.07,0.0,0.0
梦想就像星辰，遥不可及，却又在夜空中指引着方向。偶尔也会觉得渺小，但却依然坚持追逐。#梦想# #追求自我#,0.0,0.0,0.85,0.08,0.0,0.09
每一次停下来，都是为了更好地出发。这个世界不是非黑即白的，它充满了无限可能。#生活哲学# #不完美的美#,0.0,0.0,0.81,0.25,0.0,0.06
一些记忆，轻轻触碰就会泛起波澜。也许，最好的治愈，是让它随风而去。#内心的放下# #过去与未来#,0.0,0.0,0.27,0.42,0.49,0.0
每个人心里都有一个未完成的故事。也许，它不会完美，但这也是属于我们的独特经历。#人生故事# #心灵旅程#,0.0,0.06,0.56,0.44,0.22,0.06
孤独时，不是害怕寂寞，而是更接近自己的内心。偶尔一人，也能找回属于自己的宁静。#自我独立# #孤独的力量#,0.0,0.09,0.77,0.23,0.12,0.0
如果人生是一本书，那么每一章都有它的意义。即使有些章节让人痛苦，它也是成长的一部分。#生活的深意# #心灵成长#,0.0,0.0,0.8,0.26,0.11,0.06
温柔是一种力量，它能悄无声息地改变你，也能改变这个世界。#温柔的力量# #人与人之间#,0.0,0.0,0.74,0.39,0.08,0.0
多少次，我们在梦里回到那个曾经熟悉的地方，却再也无法触碰到。#失落与追寻# #梦境#,0.0,0.11,0.0,0.18,0.96,0.0
每一段感情的结束，都是一场无声的成长。人们说放手，实则是学会了如何去爱自己。#放下# #自我疗愈#,0.0,0.0,0.61,0.36,0.21,0.0
这个世界太喧嚣了，偶尔，我也想安静地和自己对话。#内心的对话# #平静的力量#,0.0,0.0,0.57,0.28,0.27,0.0
亲情、友情、爱情，所有的情感，都是彼此在生命中的陪伴和温暖。真正重要的，是你是否珍惜。#珍惜# #人与人之间#,0.0,0.0,0.72,0.22,0.12,0.0
世事如梦，心态最重要。只要我们保持一颗平静的心，风雨也不过是短暂的考验。#平和心态# #生活的真谛#,0.0,0.0,0.88,0.23,0.0,0.0
那些看似平凡的日子，其实才是人生最重要的部分。细水长流，平淡是福。#简单的幸福# #生活点滴#,0.0,0.0,0.9,0.11,0.05,0.08
在纷扰的世界里，最需要的是一份宁静。一个人的世界，也许更能发现自我的光芒。#独处# #内心的平静#,0.0,0.0,0.77,0.29,0.11,0.0
生命从不缺少美，只是缺少发现美的眼睛。心灵的开放，才是最美的风景。#心灵美# #发现生活的美#,0.0,0.0,0.84,0.19,0.16,0.0
每个人的世界里都有一个无法触碰的地方，也许我们注定无法完美，却注定要不断努力。#人生哲理# #追寻自己#,0.0,0.07,0.53,0.37,0.29,0.0
不论人生如何波折，内心的坚持从未改变。每一个努力过的瞬间，都是未来的铺垫。#坚持# #未来的希望#,0.0,0.0,0.96,0.06,0.0,0.0
看不见的风，依然会吹动心中的涟漪。有些感情，虽然看不见，却能一直在心里荡漾。#无形的力量# #感情的深度#,0.0,0.0,0.63,0.24,0.25,0.0
生活中最珍贵的，是那份简单的幸福。无关乎物质，而是内心的平和与满足。#幸福# #内心的平和#,0.0,0.0,0.91,0.09,0.0,0.0
即使再忙，心中也应有一片属于自己的宁静。忙碌的世界中，最难得的是一颗安静的心。#宁静的心# #自我平衡#,0.0,0.0,0.83,0.18,0.09,0.0
你所经历的每一段路，都会在未来的某一天成为你生命中的力量。#成长# #心灵的力量#,0.0,0.0,0.81,0.27,0.09,0.0
每当感到迷茫时，看看身边的花草，它们无需语言，却能教会我们坚持和生命的意义。#自然的智慧# #心灵的指导#,0.0,0.0,0.81,0.25,0.14,0.0
每个人都有自己的节奏，生活不必急于赶路，慢慢走，总会到达理想的彼岸。#生活节奏# #自我实现#,0.0,0.0,0.85,0.16,0.0,0.07
或许我们无法改变所有的困境，但我们可以改变自己的心态。用一颗平和的心，去面对人生的风风雨雨。#心态的力量# #生活的态度#,0.0,0.0,0.84,0.27,0.0,0.0
我们的一生，总会有不期而遇的美好。即使短暂，也足以让我们感到温暖。#美好的邂逅# #短暂的幸福#,0.1,0.0,0.96,0.0,0.0,0.0
有些人是你生命中的过客，但却在某一刻深深印刻在心里。#过客# #深刻的记忆#,0.0,0.0,0.49,0.24,0.41,0.0
生活的每一个细节，都是心灵的触动。不要忽略那些看似微小却充满温暖的瞬间。#细节# #生活的温暖#,0.0,0.0,0.91,0.1,0.0,0.07
每个人都在寻找着某种意义，或许，最重要的是找到自己的内心世界。#自我探索# #内心的自由#,0.0,0.0,0.57,0.42,0.0,0.06
不管未来如何变化，我们只能掌控当下。珍惜眼前的每一刻，才是最重要的。#当下# #珍惜眼前#,0.0,0.0,0.82,0.15,0.09,0.07
生活中那些看似微不足道的事，恰恰是我们最值得珍惜的部分。#微小的幸福# #生活的点滴#,0.0,0.0,0.88,0.1,0.08,0.0
每个寂静的夜晚，都是你与自己对话的时刻。放下所有的压力，静静感受内心的声音。#夜晚的静谧# #自我对话#,0.06,0.0,0.66,0.33,0.1,0.0
爱，不仅仅是彼此依赖，更是彼此的独立和自由。在爱的关系中，保持自我才是最重要的。#爱的智慧# #自我与他人#,0.0,0.0,0.66,0.4,0.05,0.0
今天是一个安静的日子，不被打扰，静静地在自己的世界里游走。#安静的日子# #自我独立#,0.0,0.0,0.77,0.21,0.06,0.0
在这个喧嚣的世界中，我们总需要一份属于自己的宁静，来调和内心的波动。#心灵的安抚# #宁静的力量#,0.0,0.0,0.67,0.4,0.1,0.0
生活中没有完美的答案，但我们可以在其中找到属于自己的意义。#人生的意义# #自我探索#,0.0,0.0,0.69,0.35,0.0,0.09
