posts,angry,fear,happy,neutral,sad,surprise
这几天真的有点倒霉，充话费都失败，甚至连我的运气也开始“崩溃”了。讨厌本命年，心情低落到极点，晚安鬼妞儿。#本命年# #生活不顺#,0.58,0.13,0.0,0.0,0.49,0.0
今天在你“豹王府”放了你最爱的猫粮和猫条，点亮香薰蜡烛，带着你熟悉的味道。我试着和爸妈聊聊你，也许谈一谈会让自己好受点，晚安鬼妞儿。#怀念宠物# #情感释放#,0.0,0.08,0.85,0.06,0.07,0.0
豹豹呀，我给你找了新朋友，他们也像你一样可爱，天上的小猫咪们一定会迎接你，去那个充满爱的世界。晚安鬼妞儿，知道你不痛了就好。#宠物离世# #新世界#,0.09,0.0,0.93,0.0,0.06,0.0
下班后突然看到你掉下来的毛，依然那么可爱，想起你熟悉的样子，心里充满温暖。放进手机壳里，随时可以看到你。#宠物记忆# #爱的细节#,0.05,0.0,1.0,0.0,0.06,0.0
雪豹，你已经自由了，去和朋友们一起享受那片无忧的天空吧。我相信你会去迎接未来的每一天，就像你带给我们的一样充满爱和希望。#宠物天堂# #告别#,0.11,0.0,0.89,0.07,0.0,0.0
每次看到你以前的东西，心里就忍不住痛，尤其是当它们还陆续到货。可是你不在了，我的心情也跟着空荡荡的。#失去宠物# #空虚感#,0.0,0.06,0.0,0.0,1.0,0.0
今天又一次学不会如何告别，我总觉得另一端的世界里，我们会再相见。晚安鬼妞儿，希望时间治愈一切。#告别# #情感波动#,0.05,0.15,0.26,0.14,0.66,0.0
准备好氧气瓶和氧气袋给小宝贝，想着明天一定会好起来，内心的焦虑和担忧交织，但希望能帮她挺过今晚。晚安鬼妞儿。#宠物健康# #不放弃#,0.0,0.18,0.86,0.0,0.08,0.0
我的宝贝猫咪，瘦了快三斤，但我相信你一定能好起来的，晚安鬼妞儿，等你恢复。#宠物生病# #等待希望#,0.0,0.16,0.88,0.0,0.13,0.0
工作顺利进展的时候，那种松弛感真是让人难以形容。我终于可以在周一晚上躺下看电视，心情瞬间放松了。#工作压力# #放松时光#,0.0,0.08,0.93,0.0,0.07,0.09
一个月过去了，麻麻每天照顾着小病号，尽管担心她的情绪，但我们知道这是我们该回报的时刻。晚安鬼妞儿，愿你早日康复。#家人关怀# #宠物照顾#,0.0,0.13,0.88,0.0,0.0,0.0
今天终于听到了小猫咪的声音，久违的叫声让我感到一丝希望，晚安鬼妞儿，期待明天的好消息。#宠物恢复# #希望#,0.0,0.08,1.0,0.0,0.0,0.0
工作忙碌，吸引力法则真是精准，每次越忙，生活总是在逼近加班的边缘。晚安鬼妞儿，明天继续奋斗。#职场压力# #工作节奏#,0.19,0.13,0.36,0.05,0.32,0.0
雪豹在自己生病这条路上坚持得那么努力，我也想比她更敏感，去找出病因。她会好起来的，晚安鬼妞儿。#宠物关怀# #家庭支持#,0.06,0.14,0.98,0.0,0.0,0.0
为了工作连夜加班，明明我这么乖乖上班，怎么生活总是这样挑战我呢？晚安鬼妞儿，明天还得继续拼搏。#职场挑战# #拼搏生活#,0.21,0.13,0.42,0.0,0.29,0.0
今天遇到紧迫的任务，感觉每年都比去年更紧张了，赶紧调整节奏，明天交稿，努力做好每一件事。#工作压力# #任务完成#,0.14,0.16,0.53,0.08,0.15,0.0
作为老粉，看到你依旧这么可爱，心情瞬间甜到不行。你的舞台，始终是我的心头宝，晚安鬼妞儿，继续闪耀。#偶像粉丝# #追星心情#,0.05,0.0,1.0,0.0,0.0,0.0
今天收到你的小灯牌，反向应援的方式真的超甜，感觉你的力量一直在我们身边。晚安鬼妞儿，继续加油。#偶像支持# #甜蜜时刻#,0.0,0.0,1.0,0.0,0.0,0.0
希望你保持纯粹的善良，活得自在，其他都随缘。爱你，不要求任何回报，只希望你能过得开心。晚安鬼妞儿，继续闪耀。#偶像心情# #无条件爱#,0.0,0.0,1.0,0.0,0.0,0.0
看到新物料时，那种心跳加速的感觉让我回到了追星的初衷，每一次更新都让我兴奋不已，晚安鬼妞儿，期待更多。#追星生活# #新鲜物料#,0.05,0.06,1.0,0.0,0.0,0.07
今天终于感觉到感冒有点好转，虽然依然微烧，但想着下周休几天年假，心情稍微舒缓了些。晚安鬼妞儿。#健康恢复# #年假期盼#,0.06,0.1,0.97,0.0,0.0,0.0
我已经能感受到你的可爱，就像是每次看到你都充满力量，虽然没机会再看你，但你一直在我心里。晚安鬼妞儿。#宠物思念# #温暖记忆#,0.0,0.1,0.99,0.0,0.0,0.0
你的小灯牌好可爱，回忆起那时的甜蜜，虽然身边的生活很忙，但你给我的力量总是无处不在。晚安鬼妞儿。#甜蜜回忆# #偶像支持#,0.0,0.06,1.0,0.0,0.0,0.0
今天总算把包裹寄出去，虽然不顺利，但也搞定了。还有论文，慢慢磨，最重要的是给自己一点时间，不要太急。晚安鬼妞儿。#生活杂事# #自我安慰#,0.0,0.11,0.94,0.0,0.0,0.0
在爸妈家住了好几天，能陪着小宝贝的感觉真好，心里踏实了许多。我们一起努力，期待更好的明天。晚安鬼妞儿。#家庭时光# #亲情依赖#,0.0,0.06,1.0,0.0,0.0,0.0
雪豹如果会说话该多好，至少知道她在哪里不舒服。每天都在担心她的状况，但看她一点点好起来，心里终于放松了。晚安鬼妞儿。#宠物关怀# #健康希望#,0.09,0.13,0.96,0.0,0.0,0.0
这些天经历了许多不顺，今天终于回家休息了，打算慢慢恢复，给自己一个温暖的空间。晚安鬼妞儿。#生活反思# #休息时光#,0.0,0.08,0.86,0.09,0.08,0.0
昨天收到的包裹里有个小布偶，虽然今天还没开始用，但它的存在让我突然觉得生活有了点小治愈。晚安鬼妞儿。#治愈生活# #小物品#,0.05,0.0,0.94,0.0,0.0,0.09
又是一周的开始，感觉每天都在重复着忙碌的日常，期盼周末的放松。晚安鬼妞儿，给自己一点耐心。#职场挑战# #周一症候群#,0.06,0.12,0.59,0.1,0.23,0.0
想着这次旅行本来是想放松一下，但现实总是赶不上理想。希望下次能有更好的旅行体验。晚安鬼妞儿。#旅行遗憾# #期待未来#,0.08,0.15,0.51,0.0,0.37,0.0
看着今天的天气，感觉好想躺在阳光下发呆，但却有好多事情等着做。生活总是充满着冲突。晚安鬼妞儿。#生活平衡# #忙碌时光#,0.08,0.1,0.71,0.0,0.22,0.0
终于收拾好了书桌，整理了心情，准备迎接新的一周。希望能给自己留点空间，做些喜欢的事。晚安鬼妞儿。#生活整理# #自我调节#,0.0,0.08,0.87,0.1,0.0,0.0
看到家里有些老旧的物品，突然意识到时间过得真快，很多东西都在悄悄变化，感觉有点失落。晚安鬼妞儿。#时光流逝# #生活感悟#,0.1,0.13,0.23,0.11,0.63,0.0
今天终于做好了那道被拖延的菜，虽然没有完美，但总算有点成就感。生活中的小目标，成就感也很重要。晚安鬼妞儿。#厨房生活# #自我满足#,0.0,0.0,1.0,0.0,0.0,0.0
看到别人在旅行，我才发现自己已经好久没有出去放松了，真想逃离这一切，去一个安静的地方。晚安鬼妞儿。#旅行心愿# #自我逃避#,0.0,0.22,0.19,0.0,0.61,0.05
这些天自己有点焦虑，没办法静下心来，想到的只是工作，什么时候才能放下呢？晚安鬼妞儿，明天要更好。#焦虑情绪# #生活压力#,0.09,0.22,0.0,0.08,0.73,0.0
工作虽然忙碌，但能和同事一起吃个午餐，聊聊天，也能让我暂时忘记工作中的压力。晚安鬼妞儿。#职场时光# #同事关系#,0.0,0.0,0.9,0.0,0.06,0.0
看着过去的照片，回忆起那些美好的时光，有些不舍，也有些释然。希望未来的自己也能找到这样的平静。晚安鬼妞儿。#回忆时光# #心情波动#,0.06,0.1,0.7,0.07,0.19,0.05
最近的生活太快了，所有的事情都堆在一起，偶尔停下来想想，是否给自己留了足够的时间。晚安鬼妞儿。#生活节奏# #自我反思#,0.08,0.1,0.46,0.07,0.34,0.0
今天又买了点小东西，想着生活也需要些小确幸，虽然这些东西并不重要，但带来一点开心。晚安鬼妞儿。#购物欲# #自我奖励#,0.0,0.0,1.0,0.0,0.0,0.0
走过很多地方，看到不同的风景，但心里总觉得还缺些什么，可能是一个安静的角落吧。晚安鬼妞儿。#旅行感悟# #内心渴望#,0.0,0.16,0.68,0.11,0.23,0.0
最近真的好累，感觉生活总是在给我压力，偶尔想放慢脚步，但总被时间逼着走。晚安鬼妞儿。#生活压力# #内心疲惫#,0.13,0.15,0.0,0.0,0.89,0.0
今天心情特别好，可能是因为周末的休息，终于能喘口气了。明天继续努力，给自己加油！晚安鬼妞儿。#周末# #休息时光#,0.0,0.0,1.0,0.0,0.0,0.0
最近很喜欢收集一些小物件，虽然它们没什么用，但它们带给我一种安心感，可能这就是生活的小确幸吧。晚安鬼妞儿。#生活琐事# #小物品#,0.08,0.0,0.93,0.0,0.0,0.08
有时候生活太快，自己都跟不上，突然觉得停下来，享受一下当下，是多么重要。晚安鬼妞儿。#生活反思# #慢下来的意义#,0.0,0.09,0.75,0.06,0.19,0.0
在忙碌的工作中，偶尔能停下来喝一杯咖啡，简直就是一种奢侈。希望自己能更好地平衡生活和工作。晚安鬼妞儿。#咖啡时光# #生活平衡#,0.0,0.07,0.85,0.08,0.11,0.07
假期过得很快，最后一天还在想，时间总是不够用。下次一定要好好安排，做更多喜欢的事。晚安鬼妞儿。#假期感悟# #时间管理#,0.0,0.12,0.73,0.13,0.17,0.0
看着未来的计划，我也开始反思自己是否给自己留够了空间去放松。生活不止是忙碌，还有自己喜欢的事情。晚安鬼妞儿。#自我调整# #生活目标#,0.0,0.08,0.82,0.07,0.08,0.0
今天做了一些改变，虽然是小小的调整，但对心情有了很大的影响。希望明天一切会更好。晚安鬼妞儿。#改变自己# #生活调整#,0.05,0.08,0.81,0.12,0.11,0.0
看到别人分享的旅行照，心里满是羡慕，觉得自己也该放下工作，好好享受一下生活。晚安鬼妞儿。#旅行心愿# #生活幻想#,0.0,0.09,0.89,0.0,0.0,0.0
