posts,angry,fear,happy,neutral,sad,surprise
今天发现，原来每一次回忆过去的自己，都会觉得有些不堪，尤其是那些尬死了的朋友圈。时间会给一切加上滤镜，但无法改变当时的我们。#成长的尴尬# #自我审视#,0.08,0.18,0.09,0.15,0.71,0.09
真的是有种意外的温暖，吃了那个被自己不喜欢的品牌的玫瑰口味泡芙，虽然吃到一口差点呕吐，但我总算意识到，喜欢的东西不一定好，讨厌的东西也未必差。#口味的冲击# #生活的小反转#,0.0,0.05,0.94,0.0,0.09,0.1
早上散步，空气清新，心情也轻盈了不少。走在秋日的阳光下，突然觉得，生活的美好就在这每一个无心的瞬间。#秋日散步# #生活的细节#,0.0,0.0,0.9,0.05,0.07,0.08
老爸打电话来提醒我，明天要带我去买衣服。虽然已经不再是孩子，但有时仍然希望自己能回到那种被呵护的年代。#家人的温暖# #岁月静好#,0.0,0.0,1.0,0.0,0.0,0.0
生活似乎在不经意间忙碌着推进，每一次突然的停顿都让我意识到自己好久没有真心放松了。#生活的喧嚣# #内心的宁静#,0.15,0.05,0.38,0.11,0.45,0.06
最近频繁的梦境，竟然成了我心安的来源。每当梦醒，总会感到一丝释然，或许这就是灵魂的逃脱。#梦境的安抚# #心灵的避风港#,0.0,0.08,0.62,0.15,0.12,0.25
每当走过城市的街道，看到那五光十色的灯光，我总觉得，这座城市里没有人是真的孤单的，只是我们偶尔会错过彼此。#城市的光# #孤独的错觉#,0.1,0.16,0.07,0.18,0.74,0.06
每次尝试改变自己，总会被那些不理解我的声音拖回原地。或许，有些改变不是为了取悦他人，而是为了成为更好的自己。#自我改变# #内心的力量#,0.0,0.0,0.75,0.18,0.21,0.0
总在安静的夜晚反思一天的生活。今天学会了宽容自己，原来失败并不意味着终结，而是前行的一部分。#生活中的自省# #宽容自己#,0.0,0.0,0.79,0.14,0.22,0.05
看着旧照片，我突然意识到，那些时光已经悄然远去。但它们仍旧留在我的心里，教会了我很多人生的道理。#时光的流逝# #记忆的重量#,0.0,0.06,0.4,0.16,0.61,0.0
今天的散步路上，遇到了一位陌生人，和他短暂的对话让我感到一种久违的温暖。或许，人与人之间的连接，不需要太多言语。#陌生人的温暖# #心灵的触碰#,0.06,0.0,0.86,0.09,0.06,0.08
每当遇到挑战，我总是在内心深处为自己打气。也许我不够强大，但我会一直尝试，即使跌倒再爬起来。#内心的力量# #自我鼓励#,0.0,0.07,1.0,0.0,0.0,0.0
看到朋友晒的旅行照，突然觉得自己好久没出去看看这个世界了。每个人的旅行都是为了寻找自己，发现新的一面。#旅行的意义# #生活中的小确幸#,0.0,0.0,0.94,0.0,0.0,0.15
我总是喜欢晚上独自坐在窗前，看着夜空发呆。这个世界虽然喧嚣，但总有一些静谧的时刻让人感到踏实。#夜晚的思考# #内心的平静#,0.0,0.0,0.82,0.16,0.08,0.0
最近和朋友们聊起小时候的故事，发现自己变得越来越不像当初那个充满理想的年轻人。成长，总是伴随着不安与改变。#成长的烦恼# #回忆的重量#,0.0,0.05,0.13,0.15,0.79,0.0
终于体会到“空杯心态”是什么了。当你经历过一些事，才明白不再执着于过去，给自己腾出空间去接受新的可能。#空杯心态# #内心的成长#,0.0,0.0,0.78,0.08,0.19,0.06
每次看到老电影，总会觉得那种时光是多么珍贵。或许我们的生活不会永远美好，但回忆中的每一个瞬间，都是珍宝。#电影中的回忆# #时光的印记#,0.0,0.0,0.84,0.0,0.16,0.0
又一次在夜深人静时，发现自己独自在思考生活的意义。也许我总是这样，习惯在静谧中找寻自我。#夜深思考# #内心的追问#,0.0,0.1,0.27,0.18,0.53,0.09
今天学会了放手，不再强求那些已经远离的人。与其再去抓住不属于自己的东西，不如勇敢地去迎接新的开始。#放手的勇气# #重新开始#,0.0,0.0,0.88,0.07,0.0,0.0
对于有些人和事，我已经渐渐放下了曾经的执念。生活不再是为了证明什么，而是为了活得自在。#放下执念# #自我释放#,0.0,0.0,0.69,0.24,0.18,0.05
走在这座城市的街头，看着车水马龙，我不禁思考，每个人都在忙碌奔波，而真正值得我们追求的，或许是那份内心的宁静。#城市的喧嚣# #心灵的宁静#,0.06,0.0,0.53,0.26,0.23,0.14
有时候，我在想，或许生活本身就是一场没有终点的旅程。无论前方多么坎坷，我们都在不断前行，寻找属于自己的方向。#生活的旅程# #前行的力量#,0.0,0.0,0.8,0.11,0.11,0.07
今天吃到一道特别好吃的菜，虽然它很简单，但却让我突然意识到，生活中的幸福有时就在于那些不起眼的细节。#生活的小确幸# #幸福的味道#,0.11,0.0,0.99,0.0,0.0,0.09
每次坐在书桌前，看到那些积压的工作，我就开始自我怀疑。为什么自己总是做不到完美呢？或许，有时候接受不完美，才是成长的开始。#自我怀疑# #接受不完美#,0.0,0.17,0.0,0.17,0.64,0.13
今天在街头看到一个小孩子对妈妈说“我爱你”，我突然觉得自己从未这么真心地说过这些话。生活中，总有些细微的瞬间，值得我们停下来好好感受。#爱的表达# #生活的温暖#,0.0,0.0,0.93,0.0,0.0,0.09
面对生活中的困境，我总是习惯一个人默默承受。或许，我应该学会在痛苦中寻找力量，允许自己偶尔脆弱。#内心的坚强# #面对困境#,0.0,0.09,0.72,0.13,0.26,0.0
最近总在思考关于时间的问题。为什么我们总觉得时间不够用？也许，真正重要的，是我们如何在有限的时间里，做出值得的选择。#时间的价值# #有限的选择#,0.0,0.0,0.25,0.34,0.34,0.14
其实，生活中的许多问题，不是因为外界的压力，而是源于我们自己内心的不安与恐惧。#内心的恐惧# #自我探索#,0.0,0.36,0.18,0.53,0.2,0.06
每天忙碌的生活中，偶尔停下脚步，看看周围的世界，心里会不自觉地放松一些。生活或许就该这样，保持一份轻松与从容。#从容的生活# #放慢脚步#,0.0,0.0,0.82,0.2,0.0,0.06
今天在路上遇到一个年纪大的老奶奶，微笑着和我打招呼。突然感觉，人与人之间的善意，真的能温暖整个世界。#人间温暖# #微笑的力量#,0.0,0.0,1.0,0.0,0.0,0.0
看着窗外的夜空，偶尔会想，星星远在天际，但我们依然能在这片黑暗中看到它们的光辉。或许，生活中的希望，也正是如此。#夜空的光辉# #希望的力量#,0.0,0.0,0.85,0.09,0.13,0.0
每天走在通勤的路上，总是被这些日复一日的景象所包围。有时候，我希望能够停下脚步，真正去感受当下的美好。#通勤路上的思考# #生活的停顿#,0.07,0.0,0.49,0.16,0.32,0.0
看见一篇文章提到“人生如戏”，突然觉得很有道理。我们每个人都在扮演自己的角色，而最重要的是，做好自己的戏。#人生如戏# #做自己#,0.0,0.0,0.71,0.24,0.06,0.07
今天试着和一个陌生人聊了天，突然觉得人与人之间的联系并不难。也许，我们都应该更加勇敢，去打破孤独的围墙。#人与人的联系# #打破孤独#,0.06,0.12,0.56,0.24,0.16,0.07
有时，生活的压力让我想放弃，但每当我看到那些小小的善意，都会再次拾起前行的勇气。#生活的压力# #小小的善意#,0.0,0.1,0.77,0.0,0.29,0.0
试着去放下不必要的负担，生活其实可以过得更轻松。或许，我应该学会更多的放下，而不是一味地去承载。#轻松生活# #放下负担#,0.0,0.0,0.77,0.18,0.14,0.07
每个人心中都有一个未完的梦，我也不例外。虽然现实总是让人感到疲惫，但我仍然愿意相信，梦想终会在某一刻实现。#梦想与现实# #坚持梦想#,0.0,0.0,0.86,0.13,0.0,0.0
看见那对年老的夫妻手牵手走过街角，突然意识到，生活中最美的风景，往往就是最平凡的陪伴。#岁月的陪伴# #最美的风景#,0.0,0.0,0.89,0.0,0.13,0.1
每次陷入低谷时，我总会回想起那些让我感到温暖的瞬间。它们就像黑夜中的星光，给我指引方向。#低谷中的力量# #黑夜中的星光#,0.0,0.08,0.82,0.14,0.11,0.0
总觉得自己不够努力，似乎总是错过了什么，但我知道，只有继续前行，才能看到最终的风景。#努力与成长# #前行的勇气#,0.0,0.09,0.94,0.0,0.08,0.0
看到一部电影，感动得泪流满面。生活或许没有想象中的完美，但我们依然可以在片刻的感动中找到希望。#电影的感动# #生活的希望#,0.0,0.05,0.97,0.0,0.08,0.0
今天放慢了脚步，没去想着那些未完成的工作。突然发现，放空自己，才是给生活最好的礼物。#放慢脚步# #生活的礼物#,0.0,0.0,0.87,0.0,0.12,0.12
当我看到老朋友的消息时，我意识到，时间虽然把我们带到了不同的地方，但我们的情谊依然没有改变。#友谊的长久# #时光不老#,0.0,0.0,0.91,0.0,0.13,0.0
有时候，真正想要的并不是完美的结果，而是一个能够实现梦想的过程。#实现梦想# #追逐梦想的过程#,0.0,0.0,0.7,0.23,0.07,0.0
看到雨后的阳光，心里突然感到一阵暖意。生活中的美好，或许就是这样悄悄地出现在我们不经意的瞬间。#雨后的阳光# #生活中的美好#,0.0,0.0,0.96,0.0,0.06,0.09
在这个世界上，最值得我们珍惜的，可能就是那些真心对待我们的人。#珍惜# #真心的力量#,0.0,0.0,0.82,0.18,0.12,0.0
今天去了一家安静的小店，突然觉得，生活中的许多美好，都藏在这些看似平凡的地方。#安静的小店# #生活中的美好#,0.0,0.0,0.82,0.12,0.06,0.17
每当夜幕降临，我总会不自觉地放慢脚步。城市的喧嚣虽然还在，但我的心已经开始安静下来。#夜幕下的安静# #心灵的宁静#,0.05,0.0,0.7,0.25,0.15,0.0
最近越来越喜欢一个人待着，享受那份宁静和独处。或许，我们都应该学会与自己相处，享受孤独带来的成长。#享受孤独# #与自己相处#,0.0,0.0,0.8,0.09,0.12,0.07
今天在路上偶遇一个老朋友，聊了几句，心里突然觉得温暖。人与人之间的联系，真的是一份不可多得的礼物。#人与人的联系# #温暖的重逢#,0.0,0.0,0.97,0.0,0.0,0.0
