posts,angry,fear,happy,neutral,sad,surprise
终于完成了公开课的讲解，心情有些复杂。尽管讲完后松了口气，但依旧怀念那种用心准备每一课的感觉。#成长# #自我突破#,0.07,0.13,0.52,0.06,0.45,0.0
今天的目标是好好爱自己，无论发生什么，都不苛求自己。明天会更好！#自我关爱# #内心的平静#,0.0,0.0,0.99,0.07,0.0,0.0
昨天紧张得不得了，今天终于站上了讲台。比赛虽然还没开始，但至少我敢走上这一步了。#勇气# #逐梦旅程#,0.0,0.1,0.99,0.0,0.0,0.0
这首歌真的好听，听了这么多年，依旧感动。推荐给大家，特别适合在宁静的夜晚聆听。#音乐的力量# #情感共鸣#,0.0,0.0,0.92,0.11,0.06,0.0
每一次公开课，都会有些忐忑。但准备好了，就坦然面对，结果如何，过程已足够让我成长。#成长# #自我挑战#,0.0,0.14,0.78,0.1,0.07,0.08
打卡购入心仪已久的卡片机，遇到了一个非常耐心的卖家，细节决定了购物的愉悦感。#购物体验# #生活的小确幸#,0.0,0.0,0.97,0.0,0.0,0.08
每次去华农，都能感受到不一样的气息，放下工作的压力，深呼吸，感受这一刻的轻松。#工作与放松# #归隐的时刻#,0.0,0.0,0.89,0.17,0.0,0.0
走在街上，低头看手机，可以避免和大部分人打招呼，感觉自己好像有了自己的小世界。#社交与自我# #生活的小技巧#,0.05,0.0,0.56,0.48,0.09,0.08
看到自己的猫吃得太快，心里一阵焦虑。大概每个猫主人都能理解那份隐隐的担忧吧。#宠物心情# #小心翼翼的爱#,0.07,0.2,0.47,0.16,0.28,0.06
旅行中，身上的体重变化总是让人感慨，健康的生活需要坚持不懈。#健康生活# #饮食与运动#,0.0,0.0,0.57,0.34,0.16,0.07
有时候，生活中的小懒惰让我感到无力，尤其是猫毛总是满地，清理工作堆积。#生活琐事# #懒散的一天#,0.18,0.12,0.06,0.17,0.64,0.0
当朋友们聊起孩子时，我才意识到自己也成了那个总是提猫的“家长”，真没想到自己也会变得如此“爱唠叨”。#宠物家长# #生活中的小变化#,0.08,0.09,0.48,0.07,0.24,0.25
在宿舍看着每个人忙碌地做事，我突然意识到，自己也许该更加专注，而不是总是在纠结外界的影响。#专注与自律# #成长的烦恼#,0.09,0.07,0.64,0.0,0.29,0.0
网络上的过度关注某些群体，有时让人感到厌烦，但每个人都有自己的空间，也该学会适当疏远。#人际关系# #情感管理#,0.13,0.06,0.15,0.53,0.23,0.0
爱一个人就像养花，耐心地照顾和等待。对比不同的养法，看看哪个更适合自己。#爱情的培养# #耐心与等待#,0.0,0.0,0.74,0.44,0.12,0.0
忘了给自己留点空间，忙碌时常忽略了自我关怀。接下来，我决定给自己一个更轻松的生活节奏。#自我照顾# #生活平衡#,0.07,0.0,0.67,0.21,0.16,0.1
最近的心情有点低落，面对生活的压力，总是忍不住想放弃。但是，我知道这只是暂时的阴霾。#情绪波动# #坚持与成长#,0.08,0.13,0.23,0.19,0.56,0.0
我爱我的猫，也许它没有那么高贵，但它带给我的温暖足以抵抗所有孤单。#宠物陪伴# #治愈系生活#,0.0,0.08,0.83,0.15,0.11,0.0
有时候，觉得自己真是个失败者。每当碰到困难时，总会怀疑自己是不是做得不够好。但每次又会重新鼓起勇气。#自我怀疑# #成长的曲折#,0.0,0.18,0.22,0.08,0.7,0.0
看到别人为自己的梦想付出，我也决定重新审视自己的目标。这次，给自己更多的动力去追寻。#追梦# #坚持与动力#,0.0,0.0,0.93,0.08,0.0,0.0
每次放慢脚步时，总能发现生活中更多的美好。比如，一杯咖啡的香气，或是路边的微风。#放慢脚步# #享受生活#,0.0,0.0,0.88,0.2,0.0,0.0
每次听到那些关于成长的故事，总会让我反思自己的不足。成长，真的不是一朝一夕的事情。#自我反思# #成长的道路#,0.0,0.07,0.66,0.1,0.27,0.0
这几天的忙碌让我有些迷失自己。突然意识到，只有自己过得好，才能更好地去关心别人。#自我成长# #关注内心#,0.0,0.06,0.71,0.12,0.2,0.07
我已经不再给自己设定过高的目标，努力就好，结果不必太苛求。最重要的是在这条路上感受到自己的进步。#目标与过程# #自我接纳#,0.0,0.0,0.84,0.16,0.0,0.0
这段时间，总是感到有些迷茫，像走在雾中。也许，只有静下心来，才能找到前行的方向。#迷茫与思考# #前行的力量#,0.0,0.09,0.34,0.29,0.39,0.0
有时候，我们只是需要一个人来倾诉，哪怕是一个小小的倾听者，也能让心情变得不再沉重。#倾诉与支持# #情感交流#,0.0,0.07,0.72,0.19,0.2,0.0
生活中有很多不完美的事情，但正是这些不完美，构成了我们的真实与独特。#不完美的美# #人生的细节#,0.0,0.0,0.72,0.27,0.15,0.07
每一次的独立思考，都会让我发现，自己有时候需要改变的不仅是外部环境，更多的是内心的认知。#内心的觉醒# #独立思考#,0.0,0.0,0.65,0.29,0.12,0.06
总觉得自己忙得无法喘息，但也知道，只有不断突破，才能让生活变得更有意义。#努力与坚持# #成长的动力#,0.0,0.0,0.96,0.0,0.0,0.0
最近的天气变化让我感到有些疲惫，或许是该给自己放个假，去呼吸一些新鲜空气，恢复一些活力。#疲惫与恢复# #给自己放假#,0.06,0.09,0.38,0.21,0.46,0.0
一想到未来的计划，总有些不确定的情绪，但正是这些不确定，才让人生变得如此丰富与精彩。#不确定与期待# #人生的无限可能#,0.0,0.08,0.8,0.0,0.0,0.11
当我问自己，真正的幸福是什么时，我发现，幸福或许就是拥有爱，拥有自我认同，拥有一颗宁静的心。#幸福的定义# #内心的安宁#,0.0,0.0,0.67,0.18,0.09,0.11
看到那些为梦想奋斗的人，心里不禁有些敬佩。每个人的奋斗方式不同，但最终都在追寻着同样的东西。#奋斗与梦想# #不一样的坚持#,0.0,0.0,0.94,0.0,0.0,0.0
人生没有完美，但每一段旅程都值得珍惜。每次回头看，都会发现，自己的每一步都走得那么充实。#人生的旅程# #珍惜每一步#,0.0,0.0,0.96,0.0,0.06,0.0
今天为自己做了一顿简单的晚餐，竟然也能感到满足。或许，生活中的幸福，真的是从这些细小的快乐中积累起来的。#简单的幸福# #生活的细节#,0.0,0.0,0.94,0.0,0.0,0.15
看着周围的一切，忽然意识到，我们的生命并不长，唯有活在当下，才能不留遗憾。#活在当下# #珍惜每一刻#,0.0,0.0,0.8,0.0,0.14,0.09
总在想着未来该如何走，今天才发现，原来最好的生活状态，就是接受每一刻，做自己喜欢的事。#活在当下# #做自己喜欢的事#,0.0,0.0,0.83,0.0,0.0,0.15
每个人的生活都有不容易，但我相信，只要用心去过每一天，就能从平凡中找到属于自己的精彩。#生活的挑战# #用心生活#,0.0,0.0,0.9,0.15,0.0,0.0
每一次的深夜反思，都让我更加明白，自己的路，自己走，最终的答案，始终是属于自己的。#深夜反思# #自我探索#,0.0,0.0,0.78,0.13,0.08,0.0
今天静静地坐在阳台上，看着日落，突然觉得，生活不一定要轰轰烈烈，平淡也很美。#平淡的美# #享受静谧#,0.0,0.0,0.92,0.1,0.0,0.1
明天又是新的一天，希望能有一个清新的开始，不再被过去的烦恼所困扰。#新的一天# #重新开始#,0.0,0.0,1.0,0.0,0.0,0.0
每次深夜坐下来回忆，都会发现，自己走过的路虽然曲折，但每一次挫折，都是成长的印记。#成长的印记# #挫折与收获#,0.0,0.07,0.79,0.0,0.22,0.08
看着自己喜欢的书籍，心里满是宁静。也许，真正的幸福就是能够享受属于自己的时光。#书籍与宁静# #自我充电#,0.0,0.0,0.9,0.12,0.09,0.0
每当遇到困难时，总是想起那些温暖的话语，它们提醒我，生活中的一切都不必太过焦虑。#温暖的提醒# #自我安慰#,0.0,0.07,0.91,0.0,0.08,0.0
最近有点迷茫，但我相信，这只是一个暂时的阶段，随着时间的推移，一切都会找到自己的答案。#迷茫与自信# #时间的力量#,0.0,0.11,0.78,0.14,0.11,0.0
每当想起自己曾经的梦想，我会重新审视自己现在的生活。或许，只有走到某个阶段，才能明白自己真正想要的是什么。#梦想与现实# #自我觉醒#,0.0,0.0,0.69,0.22,0.13,0.08
今天和朋友聊起过去的回忆，才发现，时间真的能改变一切，但回忆依然温暖。#过去与回忆# #时间的流转#,0.0,0.0,0.71,0.11,0.28,0.12
偶尔会想，生活的意义究竟是什么？是追求成就，还是享受过程？也许，两者都重要。#生活的意义# #追求与享受#,0.0,0.0,0.49,0.35,0.15,0.18
看着孩子们的笑脸，我终于明白，幸福其实就是这样简单——有爱、有笑、有希望。#幸福的定义# #孩子的笑脸#,0.0,0.0,0.95,0.0,0.07,0.07
每个人的生活都有高低起伏，但我相信，只要坚持自己的信念，终究会看到最美的风景。#坚持与信念# #人生的风景#,0.0,0.0,0.94,0.15,0.0,0.0
