posts,angry,fear,happy,neutral,sad,surprise
今天心情差到不行，脑袋里乱糟糟的，怎么做事情都提不起劲。好想换个环境，去个能让自己静下来的地方，找回那份平静。#情绪# #内心波动#,0.12,0.16,0.0,0.1,0.71,0.0
一看到猫咪就会笑，尽管它总是捣乱，我仍然觉得它是世界上最可爱的小家伙。它的存在，给我的日常带来了一种温暖的安慰。#猫咪# #宠物的陪伴#,0.0,0.0,0.99,0.0,0.0,0.0
上班太忙了，连吃饭都来不及。午餐匆匆吃了几口，心里想着，什么时候才能停下来，好好吃一顿。#职场压力# #生活节奏#,0.12,0.11,0.0,0.15,0.71,0.0
有时候觉得自己好像被生活给推着走，每天都在忙碌中度过，却从未停下来问自己到底想要什么。#迷茫# #生活状态#,0.0,0.13,0.0,0.08,0.81,0.06
一直很羡慕那些能静心读书的人。我总是三分钟热度，读几页就心神不宁。该怎么找回那份宁静，专注在一本书中呢？#阅读# #专注力#,0.0,0.09,0.7,0.11,0.23,0.07
今天的天气像是要下雨，空气沉甸甸的，心里也有些压抑。无论外面怎么样，自己只希望能找到一片属于自己的宁静。#天气# #心情#,0.08,0.1,0.4,0.14,0.41,0.0
被一首歌困住了，好像无论怎样都放不下。它的旋律、歌词，总是在脑海里回荡。是时候走出去透透气，清理一下脑袋了。#音乐# #心情#,0.07,0.05,0.28,0.09,0.63,0.0
今天无聊到直接去买了个拼图，没想到竟然有点上瘾。每一块拼图，都是对内心的一种整理。#拼图# #放松时光#,0.0,0.0,0.82,0.1,0.0,0.18
每次面对选择，总是会感到无比焦虑。我到底是该听从自己的内心，还是顺从外界的期待呢？#选择# #内心挣扎#,0.0,0.19,0.0,0.16,0.77,0.09
久违的朋友突然联系我，说想见一面。虽然有些迟疑，但我还是答应了。也许，我们都需要重新找回曾经的那份熟悉感。#友谊# #重逢#,0.14,0.0,0.74,0.0,0.31,0.12
最近忙得没时间喘息，感觉好像一切都在按部就班地进行，但我却不知道自己到底在为谁忙。#职场# #焦虑#,0.06,0.16,0.0,0.0,0.9,0.09
和朋友一起讨论未来时，总是会感到些许不安。我们都不知道前方会是什么样子，但至少彼此有着共同的期待和努力。#未来# #不确定性#,0.0,0.14,0.44,0.2,0.28,0.08
今天走在街头，看到一对老夫妻牵着手散步，忍不住心里一暖。岁月真的是一种奇妙的力量，让一切都变得温柔而美好。#爱情# #岁月#,0.0,0.0,0.99,0.0,0.0,0.08
和妈妈聊了一会儿，突然发现她总是那么了解我，哪怕我们没有说太多话。她的存在，给了我不小的安慰。#母爱# #家庭#,0.0,0.06,0.96,0.0,0.14,0.08
看到猫咪在阳光下打盹，我也突然有些羡慕它的安逸。或许我们都应该学会放慢脚步，享受当下的宁静。#猫咪# #生活哲理#,0.0,0.0,0.76,0.22,0.16,0.05
每当自己遇到问题时，总是会感觉到内心的不安。那种从深处涌来的焦虑感，似乎告诉我，我还没有找到真正的答案。#焦虑# #自我探寻#,0.0,0.24,0.0,0.23,0.64,0.0
看着旧照片，想起过去那些微小的瞬间，竟然也能让我感到一丝温暖。时光虽逝，回忆却永远留在心底。#回忆# #时光流转#,0.0,0.09,0.77,0.0,0.21,0.17
有时候真的很想逃避一切，去一个无人打扰的地方。可是，终究我们还是要面对生活，去承担责任，去完成自己该做的事。#逃避# #责任#,0.0,0.14,0.24,0.13,0.63,0.0
最近身边的朋友们都忙得不可开交，和他们的联系逐渐减少。我开始意识到，保持联络并不容易，但真心的朋友总会相互扶持。#友谊# #人生感悟#,0.07,0.0,0.76,0.15,0.18,0.0
今天做了个小小的决定，不再让自己陷入焦虑。学会接受那些无法改变的事，找到自己的节奏，活得轻松一点。#决心# #自我调整#,0.0,0.06,0.85,0.13,0.05,0.0
看着窗外的街景，突然有些思绪涌上心头。我们每个人都有自己的生活轨迹，而这些轨迹交织成了独特的故事。#生活# #心境#,0.06,0.0,0.47,0.33,0.22,0.15
有些人说话总是特别直接，直白得让人有些不知所措。或许这就是我不擅长社交的原因，总是需要更多时间去消化。#社交# #自我认知#,0.08,0.11,0.23,0.44,0.31,0.05
今天终于有了片刻的安宁，可以一个人静静地喝茶，看书，享受这段属于自己的时光。#宁静# #享受时光#,0.0,0.0,0.91,0.09,0.06,0.0
终于下定决心去做一些改变，不再让自己被琐事拖累。尽管过程艰难，但我知道，这是朝着更好方向迈进的一步。#改变# #自我成长#,0.0,0.0,0.97,0.0,0.0,0.07
和家人吃了一顿饭，感觉心里充满了温暖。无论身在何处，家始终是那个让你感到最安全、最放松的地方。#家庭# #温暖#,0.0,0.0,1.0,0.0,0.0,0.0
最近的生活节奏快到让我有些跟不上。偶尔停下脚步，给自己一个深呼吸的机会，才能更好地继续走下去。#忙碌# #放慢节奏#,0.07,0.05,0.42,0.17,0.41,0.0
每天走在路上，总是被街边的小景象吸引。其实，生活中的美好就在这些不起眼的瞬间，只是我们常常忽略了它。#生活# #细节之美#,0.0,0.0,0.75,0.19,0.12,0.18
看着身边的人一个个都有了自己的方向，我开始有些不安。为什么我还是如此迷茫，找不到自己真正的目标？#迷茫# #自我怀疑#,0.0,0.24,0.0,0.07,0.77,0.11
有时候真的很羡慕那些随性而为的人。他们看似轻松自如，而我却总是被自己的情绪牵绊。#羡慕# #情绪管理#,0.0,0.09,0.33,0.0,0.5,0.06
今天做了一个不一样的尝试，虽然有些紧张，但最终的结果让我觉得值得。也许，突破自己的舒适区，才能带来意想不到的收获。#尝试# #突破自我#,0.0,0.0,0.9,0.0,0.0,0.08
去年这时候，自己还是个对未来充满梦想的年轻人，而现在，我好像被现实打磨得有些麻木了。#成长# #现实#,0.05,0.07,0.23,0.06,0.65,0.0
和朋友讨论了一些未来的计划，虽然一切都还没有确定，但至少有个方向。我开始相信，目标的明确是前进的动力。#计划# #未来#,0.07,0.0,0.82,0.11,0.0,0.0
无论怎么努力去追求，生活中总有一些无法改变的事。学会接受这些，我想，是成长的一部分。#成长# #接受#,0.0,0.0,0.89,0.06,0.09,0.0
看到自己小时候的照片，突然有些感伤。那些无忧无虑的时光，似乎一去不复返。#回忆# #时光流转#,0.0,0.0,0.13,0.13,0.88,0.0
每天早晨，最喜欢的一件事就是在阳光下醒来，听着外面的鸟叫声。每次这样，我都会觉得，生活其实是美好的。#早晨# #美好生活#,0.0,0.0,1.0,0.0,0.0,0.05
有时候，一场突然的旅行可以改变我对生活的看法。走出舒适区，去看看不同的风景，才会发现世界有更多的可能性。#旅行# #发现新世界#,0.0,0.0,0.76,0.19,0.07,0.14
看了一部电影，剧情虽然简单，却让我感受到一种难以言喻的情感。原来，简单的故事背后，承载着深深的情感波动。#电影# #情感共鸣#,0.0,0.0,0.65,0.25,0.15,0.17
最近好像特别容易感到疲惫。无论睡多长时间，醒来依旧感觉困倦。是生活压力太大，还是我自己没有找到合适的放松方式？#疲惫# #生活压力#,0.08,0.16,0.0,0.08,0.88,0.0
今天在公园散步时，看到了许多老人慢慢走着，聊着天。他们的步伐很慢，但脸上却洋溢着安详的笑容。也许，生活就是这样，不需要急躁。#散步# #人生感悟#,0.0,0.0,0.82,0.23,0.06,0.0
最近有些事一直没做，总觉得时间不够用。也许，是时候给自己一点空间，不再为所有事情感到焦虑。#时间管理# #放松自己#,0.06,0.08,0.44,0.28,0.4,0.0
今天在街角的小店里喝了一杯咖啡，静静地看着窗外的景象。那个瞬间，我突然觉得自己很幸运，能够有这么简单的幸福。#咖啡# #小确幸#,0.06,0.0,0.89,0.0,0.0,0.1
看着镜中的自己，突然有些陌生。时间真的是一把雕刻刀，它悄悄地改变了我们，却从不告诉我们什么时候开始。#时间# #自我变化#,0.0,0.11,0.24,0.23,0.51,0.13
最近和家里人聊了一些过去的事情，才发现，很多事情其实并没有我想象的那么复杂。我们总是自己给自己设置障碍。#家人# #自我认知#,0.0,0.06,0.09,0.29,0.54,0.13
今晚，终于有时间坐下来静静地听音乐。每当我放下所有事情，心里那份久违的平静就回来了。#音乐# #内心平静#,0.0,0.0,0.98,0.0,0.07,0.0
一个人的时候，突然特别享受这种安静的时光。没有外界的干扰，只有自己的想法和心情。#独处# #自我时光#,0.0,0.0,0.85,0.12,0.0,0.08
今天在街上看到一对老夫妻，他们手牵手走过，脸上带着微笑。那一刻，我突然想，爱情真的是一种最温暖的存在。#爱情# #温暖#,0.05,0.0,0.97,0.0,0.0,0.06
最近迷上了做饭，虽然每次做的都不完美，但能在厨房里动手，看到一道道菜慢慢成型，心里就会感到满足。#做饭# #生活乐趣#,0.0,0.0,1.0,0.0,0.0,0.0
昨天去看了场话剧，演员的表现真的是太出色了。虽然剧情有些沉重，但他们的演技让我感动得几乎要流泪。#话剧# #情感表达#,0.0,0.0,0.88,0.0,0.14,0.0
最近一直在整理家里，突然意识到，生活中的很多杂物其实并不重要。整理空间，清理心情，似乎也能带来一种意外的轻松。#整理# #生活清理#,0.08,0.0,0.63,0.28,0.1,0.15
昨天在咖啡馆里看了一对情侣，他们的眼神里充满了爱意。那一刻，我突然明白，爱情并不一定要轰轰烈烈，有时候，只是一个眼神的温暖。#爱情# #温暖瞬间#,0.0,0.0,0.82,0.0,0.09,0.12
