posts,angry,fear,happy,neutral,sad,surprise
秋风渐起，带来了一丝丝凉意。水饺今天又开心地跑去外面玩，回到家里躺在我怀里，小手抓着我，满脸笑容。幸福就藏在这些小瞬间里，感恩每一天。🌸,0.0,0,1.0,0.0,0.0,0.0
今天在家整理了很久的照片，回忆一下过去的点滴，才发现时光过得真快。每一张照片背后都是我们的成长，愿未来的每一年都能和家人一起迎接更多美好。❤️,0.06,0,0.96,0.0,0.0,0.0
这周末带着水饺去爬山，虽然有点累，但看到她在山顶欢呼的模样，一切都值得了。生活的意义也许就在这些看似普通的瞬间中吧。🌿🌄,0.0,0,0.96,0.0,0.05,0.05
周末午后，和朋友们在花园里喝茶，阳光洒在身上，感觉生活的每一分每一秒都那么美好。忙碌的日子里，偶尔停下来感受一下这份宁静和温暖。🍵🌸,0.0,0,0.93,0.1,0.0,0.0
有时候，幸福就是一顿家常的晚餐。今天麻麻做了水饺，满满的温馨感觉弥漫在每一个角落。❤️平淡中见真情，家庭是永远的港湾。🥟,0.0,0,0.99,0.08,0.0,0.0
秋天的味道最是浓郁，今天跟水饺一起去市场，买了新鲜的柿子和橙子。回家的路上，香甜的果香就开始弥漫开来。生活中的小幸福，真是无处不在。🍊🍂,0.05,0,1.0,0.0,0.0,0.0
今年过节不送礼，送上我亲手做的手工饼干。每一份小小的心意，都代表着我对大家的关爱。希望每一口都能带去温暖与甜蜜。🍪💕,0.0,0,0.89,0.08,0.0,0.0
今天陪老爸去了老家，回到久违的乡下，空气清新，心情也跟着放松了。每一次回家，总能找到心灵的安宁。🏡,0.0,0,0.94,0.07,0.07,0.0
今年的冬天特别冷，但也特别温暖。每天在家里给水饺准备一杯热奶茶，看着她开心地喝着，心里满是幸福。☕️🎄,0.08,0,1.0,0.0,0.06,0.0
突然想到，生活中的每一份付出，都是为了让亲爱的你们更好。今天照顾小朋友，虽然累，但看到她开心，我就满足了。❤️,0.0,0,1.0,0.0,0.0,0.0
周末与家人一起去公园散步，看着小水饺跑来跑去，笑声在空气中回荡。那些日常的时光，竟然是最珍贵的。🌳,0.0,0,0.81,0.0,0.0,0.2
小水饺今天帮我收拾房间，虽然手忙脚乱，但她认真小心的样子让我心里特别暖。她真是我最贴心的小帮手。🌸,0.0,0,1.0,0.0,0.0,0.0
日常的忙碌并不会让人忘记生活中的美好。今天和朋友一起分享了一个温暖的下午，喝着茶，聊着心事，心里充满了感恩。🍃,0.0,0,0.94,0.0,0.0,0.0
生活有时候简单又美好，今天跟水饺一起做手工，做了好多可爱的卡片送给邻居。她看到他们的笑容，我也感觉到满足。✂️🎨,0.0,0,1.0,0.0,0.0,0.0
早上起床，看到窗外阳光洒进来，空气清新。今天也要满怀期待地开始新的一天。相信，每一天都会有值得珍惜的瞬间。🌞,0.0,0,0.95,0.0,0.0,0.0
每一天都会遇到一些不如意的事情，但家人总是我最坚实的后盾。今天收到妈妈送来的温暖话语，感觉一切都能过去。❤️,0.0,0,0.96,0.0,0.0,0.0
今天去市场买菜，看到一颗颗新鲜的蔬菜，心里就想着今晚要做一顿好吃的给家人。家人的笑容是我最好的动力。🥦🍅,0.0,0,1.0,0.0,0.0,0.0
晚上全家围坐在一起吃饭，大家聊着一周的趣事，笑声不断。生活，就是在这些平凡的时光里积累的。🍽️,0.0,0,0.92,0.06,0.06,0.0
带着水饺去逛街，她突然拉着我说：“妈妈，我好喜欢和你一起走。”这句话让我心里暖暖的，原来陪伴才是最好的礼物。👩‍👧,0.0,0,0.89,0.0,0.0,0.07
秋天的风吹得有点冷，但家的温暖永远包围着我们。今天做了个温暖的汤，和家人一起围坐，聊着过往的点滴。🍲,0.0,0,0.84,0.16,0.13,0.0
这几天忙于工作，没时间照顾水饺。今晚终于可以放松一下，陪她看她最喜欢的动画片，享受这份简单的亲子时光。📺,0.0,0,0.86,0.11,0.18,0.05
今天跟妈妈一起整理了家里的小角落，整理出一块小小的阅读空间。每次看到这片小天地，都能感受到一份安宁和温暖。📚,0.0,0,0.8,0.19,0.0,0.0
中午时分，和朋友一起吃了一顿午餐，大家聊着彼此的近况。虽然话题简单，但每一句话都充满了关心和支持。🍱,0.0,0,0.75,0.23,0.0,0.0
生活的美好有时候就是和最爱的人一起度过平凡的日子。今天带着水饺去散步，夕阳下的影子拉得长长的，温暖又宁静。🌅,0.06,0,0.97,0.0,0.0,0.0
周末和家人一起去郊外踏青，呼吸新鲜的空气，享受大自然的美好。看着水饺在草地上奔跑，心里充满了幸福。🌾,0.07,0,1.0,0.0,0.0,0.0
冬天来了，家里的暖气也开了起来。水饺喜欢窝在沙发上看书，我也在一旁忙着做一些小事情。这样的日常，平凡却充实。📖,0.0,0,0.95,0.1,0.08,0.0
每一次照顾小朋友，我都感受到一种特别的满足感。今天水饺在我怀里入睡，看着她平静的呼吸，我也慢慢沉入了安宁。🛏️,0.0,0,0.88,0.16,0.0,0.0
今天收到了一束朋友送来的鲜花，花香四溢，心情也跟着变得明亮。每一份小小的心意都让生活充满色彩。💐,0.0,0,0.98,0.0,0.0,0.0
早上的阳光透过窗帘洒进屋里，温暖的光线让我忍不住放慢脚步，享受这份宁静。生活不一定要忙碌，有时慢下来也是一种幸福。🌸,0.0,0,0.95,0.09,0.0,0.0
每天早晨起来，看到水饺在厨房帮我准备早餐，她小小的身影充满力量。生活就是这样，充满了爱和温暖。🍞,0.06,0,1.0,0.0,0.0,0.0
昨天和家人一起做了大扫除，忙碌了一整天，但看到整理整齐的家，心里感到无比的满足和温暖。🏠,0.0,0,1.0,0.0,0.0,0.0
今天陪水饺去看了一场电影，虽然她看得津津有味，但她最开心的是和我一起去。陪伴是最好的礼物。🎬,0.0,0,1.0,0.0,0.0,0.0
晚上的时候，和水饺一起做了一些简单的小手工，虽然过程有点凌乱，但看到她的笑脸，我觉得一切都值得。✂️,0.0,0,0.98,0.0,0.0,0.0
今天又带水饺去了她最喜欢的公园，她在那里开心地玩耍，我坐在旁边看着她，心里满是温暖和满足。🌳,0.05,0,0.99,0.0,0.05,0.0
昨天收到了一张老朋友寄来的明信片，看到上面的问候，心里满是温暖。友情的力量，真的是无价的。💌,0.0,0,1.0,0.0,0.0,0.0
每天和家人在一起的时光，真的很珍贵。今天和妈妈一起做了水饺，虽然手艺不算好，但心意满满。🥟,0.0,0,1.0,0.0,0.0,0.0
生活的美好，往往藏在我们不经意的瞬间。今天陪水饺去买书，看到她兴奋地挑选，心里满是希望。📚,0.0,0,0.95,0.0,0.0,0.0
今天突然收到了一份惊喜礼物，是朋友送的护肤品，心里特别感动。有时候，生活就是这样，充满了意外的温暖。🎁,0.1,0,0.98,0.0,0.0,0.07
周末和家人一起去吃了火锅，热腾腾的汤底，大家在一起笑语盈盈。无论身在何方，家的味道永远是最温暖的。🍲,0.0,0,0.98,0.0,0.0,0.0
这些天一直忙于工作，终于有一天可以停下来，和家人一起在家里吃顿饭，感受生活中最简单的幸福。🍴,0.0,0,0.96,0.0,0.0,0.09
水饺最近迷上了画画，今天她画了一张画，里面是她和我一起的样子。我看着那张画，心里充满了感动和温暖。🎨,0.0,0,0.9,0.07,0.06,0.0
这些年一直努力工作，虽然有时觉得很累，但每次回到家，看到家人的笑脸，我都觉得一切都值得。👨‍👩‍👧,0.0,0,0.98,0.0,0.07,0.0
今天看到外面的雪花飘落，带着水饺去外面堆雪人。虽然冷，但我们心里暖暖的，这就是冬天的意义吧。❄️,0.0,0,1.0,0.0,0.0,0.0
每天都在忙碌的生活中前行，但偶尔回头看看，家人和朋友的支持是我最大的动力。感恩一路走来的每一个人。❤️,0.0,0,0.93,0.0,0.0,0.0
看着水饺渐渐长大，越来越懂事，心里充满了骄傲。她是我生活中最珍贵的宝贝，我愿意陪她走过每一段旅程。👧,0.0,0,1.0,0.0,0.0,0.0
秋天是个让人感慨的季节，今天带着水饺去走了一圈公园，阳光洒在身上，心里充满了安静和满足。🍁,0.0,0,0.92,0.1,0.0,0.0
今天去散步，路上看到好多落叶，捡起一片，送给水饺。她笑得好开心，这样的小小举动也能让心里暖暖的。🍂,0.11,0,0.97,0.0,0.07,0.0
最近忙着整理家里的一些杂物，突然觉得家里的一切都那么有意义。生活中，最重要的就是找到属于自己的那份安宁。🏠,0.0,0,0.86,0.1,0.07,0.0
今天送给朋友们一些手工饼干，看到他们吃得开心，心里充满了喜悦。生活的幸福，其实就是这些细小的关心。🍪,0.05,0,0.93,0.0,0.0,0.0
水饺的笑容永远是我最美的风景，看到她开心，我也幸福。生活中的点滴温暖，都是值得珍惜的宝贵瞬间。💖,0.0,0,0.99,0.0,0.0,0.0
