posts,angry,fear,happy,neutral,sad,surprise
今天的工作又是从清晨开始，整理完桌面后，给自己泡了杯温暖的柠檬水，感觉一整天都充满了动力。生活的小确幸，就是每天都能做自己喜欢的事。,0.09,0,1.0,0.0,0.0,0.0
早上陪毛老师吃早餐，突然想到上次去外婆家的那顿饭，外婆做的蛋糕味道依旧在嘴里。我觉得，家的味道，就是这么简单。,0.0,0,0.92,0.0,0.06,0.0
最近的小狗又闹脾气，想吃的东西不爱吃，看看它扑通扑通跑过来撒娇，心里所有的烦恼都消失了。生活中的小治愈，不就是这些嘛。,0.32,0,0.33,0.07,0.34,0.05
终于做了个简单的下午茶，毛老师说我做的蛋糕像店里的那样好吃，心里美滋滋的～生活不需要太复杂，简单的幸福最美好。,0.14,0,1.0,0.0,0.0,0.0
今天去菜市场买了很多蔬菜，想着今晚做个家常菜。毛老师总是说我做饭的味道最温暖，哪怕只是简单的煮一碗面，也能吃得心满意足。,0.0,0,1.0,0.0,0.0,0.0
早上看到窗外的阳光洒在床上，照得猫咪慵懒地伸个懒腰。阳光和猫咪的陪伴，是一天中最温暖的开始。,0.0,0,0.97,0.09,0.0,0.0
给小狗洗了个澡，它变得更加乖巧了。生活中的每个小细节，都让我觉得很充实，哪怕只是照顾一个小生命。,0.05,0,1.0,0.0,0.0,0.0
今天毛老师带我去逛了一下花市，看到好多五彩斑斓的花儿。生活就像这些花朵，每一天都是新的开始。,0.0,0,1.0,0.0,0.0,0.0
每天清晨，泡上一杯咖啡，拿着一本书，静静地享受这一刻的宁静。生活的美好，就是这么简单，安静、温暖。,0.0,0,0.98,0.07,0.0,0.0
毛老师今天做了个新的菜式，吃了一口就觉得特别好吃！我们笑着说，以后每个周末都来做这个吧。,0.1,0,0.87,0.13,0.0,0.0
生活有时候简单，平凡的每一天却充满了爱。今天陪猫咪睡了一下午，看着它轻轻地呼吸，觉得这个世界温暖无比。,0.0,0,1.0,0.0,0.0,0.0
午后的阳光透过窗帘，洒在地板上，猫咪伸展着懒腰，仿佛在说“今天也是美好的一天”。这样的时光，真好。,0.0,0,1.0,0.0,0.0,0.0
最近的小狗特别黏人，每天都会跳到我怀里，舔我的手。生活中的小宠物，真是最治愈的存在。,0.06,0,0.96,0.0,0.0,0.0
毛老师今天给我做了我最喜欢的菜，虽然做得不多，但每一口都充满了爱。生活中的小事，才是最打动人的。,0.07,0,1.0,0.0,0.0,0.0
今天给家里的花儿浇了水，看到它们在阳光下绽放，心里觉得特别满足。生活中的每一份小美好，都值得我们珍惜。,0.0,0,1.0,0.0,0.0,0.0
今天晚上做了个温暖的汤，毛老师喝了一口就夸我手艺越来越好了。小小的成就感，总能让一天变得更美好。,0.0,0,1.0,0.0,0.0,0.0
小狗今天非常乖，陪我坐在沙发上，看它安静地趴着，心情也一下子平静下来。生活中的小确幸，就是和它们一起安静地待着。,0.0,0,0.94,0.08,0.0,0.0
刚刚泡了一杯茶，拿着书在阳台上晒太阳，毛老师在旁边玩手机，这样的日子真的是最轻松幸福的。,0.0,0,1.0,0.0,0.0,0.0
今晚的晚餐特别简单，一道炒菜一碗汤，吃了之后感觉特别满足。生活其实很简单，只要用心去做，每一餐都很美味。,0.0,0,1.0,0.1,0.0,0.0
今天看到了一对父女在公园里玩，父亲牵着女儿的手，笑得那么灿烂。突然觉得，幸福其实就是这么简单。,0.07,0,0.97,0.0,0.0,0.07
看着外面的树木慢慢变绿，心里总会有一股莫名的安心感。春天来了，万物复苏，生活也变得有了新气象。,0.0,0,1.0,0.0,0.0,0.0
今天收到了朋友送的花，心情瞬间变得很好。生活中的每一份关心，都能让人感到温暖和安心。,0.0,0,1.0,0.0,0.0,0.0
每天和毛老师一起做点小事，打扫家里，照顾小宠物，这样的平凡生活，真是最幸福的时光。,0.0,0,1.0,0.0,0.0,0.0
最近天气渐渐暖和了，早晨出门时不用再裹得像个粽子，能感受到阳光洒在身上的温暖。感觉生活也因此变得轻松了。,0.07,0,0.98,0.06,0.0,0.0
看到猫咪坐在窗台上，眯着眼睛晒太阳，心里突然充满了幸福感。它的世界这么简单，真好。,0.05,0,1.0,0.0,0.0,0.0
今天去买了好多食材，准备做一道新菜。每次做饭的时候，毛老师总是站在一旁帮忙，真的很幸福。,0.0,0,1.0,0.0,0.0,0.0
最近学了做几道新菜，毛老师夸我越来越会做饭了。看着他吃得开心，心里也充满了满足感。,0.0,0,1.0,0.0,0.0,0.0
早上和小狗一起散步，听着它欢快的叫声，心情一下子变得明亮。小动物真的能治愈人心。,0.0,0,0.98,0.06,0.0,0.0
昨天陪朋友去逛街，买了好多可爱的东西。生活中的小幸福，真的是无处不在。,0.0,0,1.0,0.0,0.0,0.0
今天做了一份很简单的便当，吃着自己做的菜，心里感到特别有成就感。生活的美好，就是在这些小细节里。,0.06,0,1.0,0.0,0.0,0.0
晚上和家人一起吃饭，大家围坐在一起聊天，感觉特别温馨。家，就是这样让人有归属感的地方。,0.0,0,1.0,0.11,0.0,0.0
今天给自己做了个小小的奖励，去按摩放松了一下。生活其实不需要太复杂，简单的放松一下就很好。,0.0,0,0.93,0.13,0.0,0.0
早上陪毛老师一起看电影，吃了零食，笑得停不下来。每次和他在一起，时间都过得特别快。,0.0,0,0.98,0.0,0.0,0.0
最近爱上了做手工，做了一些小饰品，虽然做得不算好，但心情却变得特别好。生活中的乐趣，真的无处不在。,0.0,0,1.0,0.0,0.0,0.0
今天又是忙碌的一天，虽然很累，但每晚看到自己做的事情都被认同，觉得这一切都是值得的。,0.0,0,1.0,0.0,0.0,0.0
晚餐做了一个新菜，家里人都夸我做得好，心里特别开心。生活的满足感，真的很简单。,0.0,0,1.0,0.0,0.0,0.0
今天整理了房间，丢掉了很多不需要的东西。感觉一切都变得更清爽了，生活也变得更有条理。,0.0,0,0.98,0.07,0.05,0.0
看着小猫打滚玩耍，心情立刻变得愉快起来。生活中的小宠物，总能带来意想不到的快乐。,0.09,0,0.97,0.08,0.0,0.0
最近有些小烦恼，但看到家人和朋友们的笑脸，心情就好了许多。生活中的每一份支持，都是最好的安慰。,0.0,0,0.99,0.0,0.0,0.0
每天给自己泡一杯喜欢的茶，放松一下，享受片刻的宁静。生活中，能让自己放松的时刻最宝贵。,0.0,0,0.86,0.17,0.0,0.0
今天晚上跟家人一起吃了火锅，聊了很多心里话，感觉特别充实。家庭就是这样，永远是最温暖的港湾。,0.0,0,1.0,0.0,0.0,0.0
今天有点累，但看到毛老师笑着给我倒水，心里突然觉得一切都值得。生活中的小关怀，最能打动人心。,0.0,0,1.0,0.0,0.0,0.0
今天逛了一家小店，买了一些自己喜欢的小物件，虽然不贵，但却让心情变得特别愉快。,0.0,0,1.0,0.06,0.0,0.0
每天的散步时间是我最享受的时光，毛老师和小狗一起走在前面，我慢慢跟在后面，看着他们的背影，觉得非常幸福。,0.0,0,0.99,0.07,0.0,0.0
今天看到朋友发的照片，怀念起我们曾经一起度过的时光。时间过得很快，但那些美好的回忆永远不会褪色。,0.0,0,0.69,0.0,0.38,0.0
最近开始早起做瑜伽，每次做完感觉特别放松，身体也变得更有活力了。生活中的小习惯，也能带来大改变。,0.0,0,0.8,0.25,0.0,0.0
每天忙忙碌碌，但总能在晚上找到一刻属于自己的时间。静静地看一会儿书，或是发呆，这些小幸福让生活更美好。,0.0,0,1.0,0.0,0.0,0.0
早晨的阳光透过窗帘，照得整个房间都亮了，心情也跟着变好了。生活的美好，在每一个细节里。,0.0,0,1.0,0.0,0.0,0.0
昨天和朋友一起做了饺子，大家一起包，吃到最后也没顾得上拍照。生活就是这样，最美的时光总是容易忘记记录。,0.0,0,0.79,0.0,0.31,0.0
又是一个温暖的早晨，陪毛老师一起去市场买菜，生活简单而充实。最幸福的事，就是每天能和喜欢的人一起做喜欢的事。,0.13,0,1.0,0.0,0.0,0.0
