posts,angry,fear,happy,neutral,sad,surprise
今天和妈妈一起去买菜，偶然发现了一家新开的咖啡店，环境好极了。品了一口他们家的拿铁，温暖的味道让人心情愉悦。生活中的小确幸，真的不容错过呀。,0.0,0,1.0,0.0,0.0,0.0
最近迷上了泡茶，特别喜欢绿茶的清香。慢慢品味的时候，能感受到一种宁静的力量。每天给自己一点安静的时间，真的是一种幸福感。,0.0,0,1.0,0.05,0.0,0.0
今天参加了朋友的婚礼，看到他们交换誓言的那一刻，心里满满的都是感动。真心祝福他们，也希望自己也能拥有这样的幸福。,0.0,0,1.0,0.0,0.0,0.0
这个周末和朋友一起去做了手工艺品，大家在一起笑得好开心。平凡的小事也能带来很多乐趣，生活就是要用心去感受。,0.05,0,1.0,0.0,0.0,0.0
在公园散步时遇到了一位老奶奶，跟我分享了她年轻时的故事。听她讲述生活中的点滴，感觉心里充满了温暖。人与人之间的交流真是美好。,0.09,0,1.0,0.0,0.0,0.0
最近迷上了读书，尤其喜欢那些有温暖情节的小说。感觉通过文字，可以进入不同的世界，学到很多人生的智慧。,0.0,0,0.96,0.14,0.0,0.0
为了让家里的空气更清新，昨天买了一个新空气净化器。晚上打开时，家里充满了清新的气息，真是让人心情大好。,0.0,0,0.94,0.06,0.0,0.0
每天早晨给家里做一顿简单的早餐，看着家人开心的吃着，心里满是满足感。其实，生活中的幸福就藏在这些小小的细节里。,0.0,0,0.96,0.05,0.0,0.0
刚刚给邻居送去了一份自制的水果沙拉，大家都夸好吃。其实，我只是用心去做了一些简单的事情，却让他们感受到了温暖。,0.0,0,0.94,0.0,0.0,0.0
看到很多小朋友在操场上玩耍，笑声回荡在耳边。感觉生命中有很多美好的瞬间，我们总是可以从简单的事物中找到快乐。,0.1,0,1.0,0.0,0.0,0.0
今天整理了一下家里的小花园，虽然只有几盆植物，但每次看着它们绿意盎然，就觉得心里很安静、很满足。,0.0,0,0.9,0.14,0.06,0.0
忽然发现，自己已经很久没写日记了。或许明天开始，重新记录下每天的小事。生活中的点滴，往往最值得留存。,0.0,0,0.73,0.0,0.24,0.0
和爸妈一起看了一场电影，讲述家庭故事的片子。电影结束后，我们聊了很久，真心感受到和家人在一起的每一刻都是那么宝贵。,0.0,0,0.97,0.0,0.0,0.0
最近参加了一场亲子活动，看着孩子们开心地玩耍，感觉自己的心也变得柔软了。希望他们可以在幸福中成长。,0.0,0,1.0,0.0,0.0,0.0
每周都会去附近的咖啡店坐一坐，看书或是写写东西。那份宁静的氛围，让我感到内心平和。生活的美好就在这些日常的小事中。,0.0,0,0.83,0.21,0.0,0.0
今天收到了一封朋友的信，虽然是简单的问候，但让我感到非常温暖。人与人之间，最真挚的感情往往藏在细微之处。,0.0,0,0.94,0.09,0.0,0.0
每次看到家人笑着吃我做的菜，心里总是充满了幸福感。简单的家庭生活，就是我最享受的时光。,0.0,0,1.0,0.0,0.0,0.0
周末和同事们去爬山，虽然一路上很累，但看到山顶的美景时，所有疲劳都消失了。大自然总是有一种神奇的力量，让人忘却烦恼。,0.0,0,0.92,0.13,0.1,0.0
最近很喜欢做手工艺品，每做一个小作品，就觉得自己的心静了下来。生活中，找到属于自己的爱好，真是幸福的事情。,0.0,0,1.0,0.0,0.0,0.0
下午和朋友一起去逛书店，挑选了几本新书。看书不仅能让人放松，还能带来新的灵感。期待开始阅读这些书。,0.0,0,0.84,0.18,0.0,0.0
今天去参加了一个社区活动，大家一起做志愿服务，帮助了不少有需要的家庭。看到他们的笑容，我觉得自己做的事情很有意义。,0.0,0,0.95,0.0,0.0,0.0
家里的小猫今天依偎在我身边睡着了，看着它熟睡的样子，心里觉得特别安宁。宠物给人带来的温暖，真的是无价的。,0.0,0,1.0,0.0,0.0,0.0
终于整理完了家里的照片，翻开那些旧照片，回忆起了很多美好的时光。每一张照片背后都有一段温馨的故事。,0.0,0,0.96,0.0,0.11,0.0
刚刚给朋友送了她最喜欢的花，虽然只是一个小小的举动，但我知道她会很高兴。每一次给予，都能收获更多的喜悦。,0.08,0,1.0,0.0,0.0,0.0
今天发现了一款新的茶叶，它的香气真的很特别。泡上一壶，坐下来慢慢品味，突然觉得生活有了更多的色彩。,0.0,0,0.91,0.15,0.0,0.08
最近开始关注一些健康饮食，尝试做了一些清淡又营养的菜肴。健康的饮食不仅让人身心舒适，也让生活更有品质。,0.0,0,0.62,0.43,0.0,0.0
今天和老朋友聚会，聊了很多过去的事情，大家都笑了。友谊就是这样，久别重逢依然温暖如初。,0.0,0,1.0,0.0,0.0,0.0
早上散步时看到一只小狗在路边玩耍，它看见我时摇了摇尾巴，真是好可爱！这些小小的生活片段，给人带来无尽的喜悦。,0.1,0,1.0,0.0,0.0,0.0
今晚做了一个简简单单的晚餐，和家人一起分享，感觉心里特别温暖。其实，幸福就是这些平凡的时光。,0.0,0,0.99,0.0,0.0,0.0
今天整理了书架，发现很多书都已经有些旧了。想着找时间重新读一遍，这些书陪伴了我很久，都是我心中的宝贵财富。,0.0,0,0.95,0.0,0.17,0.0
去了一个朋友家，她家有一个温暖的阳台，阳光洒在上面，真的很舒服。每次与朋友相聚，都能感受到不同的温暖。,0.0,0,1.0,0.07,0.0,0.0
看到一则关于家庭的短片，讲述了一对父母为孩子的付出。看着看着，眼泪不禁掉了下来。父母的爱，真的是伟大又无私。,0.0,0,0.79,0.0,0.13,0.0
刚刚看完一部感人的电影，整个人都被深深打动了。影片中的家人之间的真情，真的让我反思了自己对家人的关爱。,0.0,0,0.95,0.07,0.0,0.0
今天做了一个简易的午餐，虽然很简单，但是吃着特别满足。生活其实就应该从简单的事做起。,0.0,0,0.94,0.07,0.0,0.0
最近在尝试新的家庭活动，做手工、烘焙，大家一起动手做些小东西，虽然有点累，但收获的快乐满满。,0.1,0,0.97,0.05,0.0,0.0
今天听到了一个关于友情的故事，觉得很有感触。真心的朋友，不需要太多言语，只要默默陪伴，就足够了。,0.0,0,0.95,0.0,0.0,0.0
最近在家里整理了一个小小的阅读角，布置得很温馨。终于有了一个舒适的地方可以静静地阅读和思考。,0.0,0,0.94,0.1,0.07,0.0
今天看到一个孩子和妈妈一起走过公园，孩子一直拉着妈妈的手。那一刻，感觉家庭的力量真是无与伦比。,0.0,0,0.95,0.0,0.0,0.07
这一周的生活虽然有些忙碌，但我发现其实只要用心去感受，平凡的日子也能带来不少的惊喜。,0.0,0,0.95,0.08,0.0,0.11
今天早晨看到窗外的阳光照进来，感觉一天的心情都变好了。阳光总是能带给人无尽的希望和力量。,0.0,0,1.0,0.0,0.0,0.0
最近开始做一些手工DIY，做了一个小小的手提包，虽然不完美，但看到完成的作品，心里充满了成就感。,0.05,0,1.0,0.0,0.0,0.0
周末和家人一起去野餐，带上自己做的三明治和果汁，大家在阳光下谈笑风生，真是度过了一个美好的午后。,0.0,0,1.0,0.0,0.06,0.0
家里养的花开了，原本只是一个小小的植物，现在已经长得很茂盛。它们的成长，给我带来了很多的欣慰。,0.06,0,0.9,0.07,0.0,0.0
今天给朋友送去了一些自己做的小点心，希望她能喜欢。细心做事，总能在不经意间带给别人温暖。,0.0,0,1.0,0.0,0.0,0.0
最近有些迷茫，但每天给自己一点小小的鼓励，心情就变好了。生活总是充满挑战，但也有很多值得期待的美好。,0.07,0,1.0,0.0,0.0,0.0
昨天和家人一起看了一部纪录片，讲述了亲情的力量。那种无言的关怀，真的让人感动不已。,0.0,0,0.88,0.0,0.06,0.0
今天去了一趟老家，看到老屋依旧屹立在那里，心里不禁有些感慨。家乡，总是有一种特别的力量让人温暖。,0.0,0,0.98,0.0,0.0,0.0
每当忙碌一天后，最喜欢做的就是泡个热水澡。那个温暖的瞬间，让我感到彻底放松，恢复充满活力。,0.0,0,0.98,0.07,0.0,0.0
今天和朋友一起去了艺术馆，欣赏了许多作品。艺术的力量，真的能让人感受到生活的美好与深刻。,0.0,0,0.96,0.14,0.0,0.0
周末准备和家人一起做个大扫除，整理一下家里的每个角落。虽然累，但整理之后的清新感，真是让人心情大好。,0.0,0,1.0,0.0,0.0,0.0
