posts,angry,fear,happy,neutral,sad,surprise
昨天看完电视剧《眼泪女王》后，心情久久不能平复，真的好喜欢男女主之间那种默契的互动，温暖又治愈。特别是两人一起做的那些小动作，让我觉得好幸福！ #眼泪女王# 💖,0.06,0.0,1.0,0.0,0.0,0.0
今天的天气好好啊☀️，适合去散步。突然想起小时候在外面跑来跑去的日子。真的是过得好快，现在已经不再那么轻松自在了。希望每个人都能珍惜眼前的每一刻，感恩生活。,0.0,0.0,1.0,0.0,0.0,0.0
刚刚和妈妈一起看了最新的综艺节目，看到明星们的努力和真心，突然很想给他们一个大大的拥抱。总觉得现在的社会好忙碌，大家好辛苦，希望每个人都能找到属于自己的平静和快乐。💕,0.11,0.0,0.79,0.0,0.15,0.0
今天无意中发现了一本很棒的书，真的是发现了新世界！感觉每一页都充满了温暖和力量。希望能像书中的人物一样，不管未来多么不确定，始终保持善良和勇气。📚,0.0,0.0,1.0,0.0,0.0,0.0
最近生活中的小确幸总能让我觉得暖暖的。比如今天看到窗外的小鸟在跳跃，突然明白了生活中每个微小的美好都值得珍惜，哪怕只是平凡的一天。🌸,0.09,0.0,0.92,0.0,0.0,0.0
每次看到朋友们努力的模样，都觉得特别感动。其实，生活中最大的幸福就是看到身边的人过得好。希望每个人都能坚持自己的梦想，勇敢走下去。🌟 #心中的力量#,0.0,0.0,1.0,0.0,0.0,0.0
今天又去了最喜欢的咖啡店。每次坐在那里，都会被那个安静的环境所治愈。真的希望每个人都能找到属于自己的那份宁静，忙碌生活中的片刻安逸，真的很重要。☕️,0.0,0.0,1.0,0.0,0.0,0.0
今天看到一对夫妻手牵着手走在街上，觉得好幸福。他们的微笑和眼神让我不禁想象他们一起经历的点滴。爱情就是这样，平凡却最真挚。💑,0.0,0.0,0.99,0.0,0.0,0.0
昨天看了一场演唱会，气氛真的好棒！尽管是一个小小的聚会，但大家的热情和支持让我觉得温暖无比。每次看到这样的场面，心里都会充满感动。🎶,0.09,0.0,1.0,0.0,0.0,0.0
今天终于完成了一项工作任务，心里觉得很充实。虽然很累，但看到自己努力的成果，还是会觉得非常值得。每一个努力过的日子，都会让人更加珍惜生活中的点滴。🌱,0.0,0.0,1.0,0.0,0.0,0.0
最近想明白了一件事，生活其实并不需要完美。每个小小的不完美，才让我们变得更加真实和可爱。今天和朋友们聊了很多，也开始更加接受不完美的自己了。✨,0.0,0.0,0.79,0.0,0.16,0.0
在忙碌的生活中，总是要记得停下来，给自己一点空间。今天，我在公园散步，突然觉得一切都变得很安静、很美好。希望大家都能找到属于自己的那份宁静。🌿,0.0,0.0,0.88,0.1,0.0,0.0
看完一部电影，心里满是感动。每个角色都有自己的成长故事，虽然人生不会一直顺利，但只要有坚持，最后一定会有希望。希望每个人都能在困境中找到勇气。🍃,0.0,0.0,0.99,0.0,0.0,0.0
最近在整理房间，发现了很多以前的旧物，满满的回忆。每一件小物品都记录着一段珍贵的时光。虽然日子过得很快，但回忆永远是最珍贵的财富。📸,0.0,0.0,0.95,0.0,0.11,0.0
最近感受到很多小小的关心和温暖，真的很感谢身边每一个人。每一次小小的问候，都让人觉得生活变得更加美好。希望大家也能感受到这份温暖，传递给更多的人。💕,0.0,0.0,0.95,0.0,0.0,0.0
今天听到了一首老歌，突然有些感伤。虽然时间过去很久，但某些事情和感情依旧深深烙印在心里。可能就是这些回忆，让我们的生活更加丰富和完整吧。🎶,0.0,0.0,0.66,0.0,0.32,0.0
今天跟朋友聊了一下人生的目标，感觉自己还是在路上。每个人的节奏不同，但只要不放弃，就一定会走到自己想去的地方。加油，大家一起努力吧！💪,0.0,0.0,0.99,0.0,0.0,0.0
每天早上出门的时候，看到邻居家的小狗在门口等主人，突然觉得这世上的爱真的是无处不在。希望每个人都能遇到值得自己去爱的人和事。🐶,0.0,0.0,0.93,0.0,0.0,0.0
最近和朋友们一起去旅行，虽然短暂，但每一刻都充满了欢笑。旅行不仅是为了看世界，更是为了发现自己。真心希望大家也能偶尔放慢脚步，去看看这个美丽的世界。🌍,0.0,0.0,0.99,0.0,0.0,0.0
今天收到了朋友的一张明信片，简单的一句话却让我很温暖。其实生活中最打动人的，并不是那些华丽的礼物，而是最真挚的关怀。💌,0.0,0.0,0.92,0.0,0.0,0.0
每次看到身边的人坚持自己的梦想，都会很感动。生活中充满了挑战，但正因为如此，才显得更加珍贵。无论前方的路多么困难，坚持下去，总会有属于自己的光芒。🌟,0.0,0.0,0.97,0.0,0.0,0.0
最近在忙工作和生活中的琐事，但偶尔也会停下来想一想，生活的意义到底是什么？其实，我觉得最重要的就是拥有爱和关怀的能力。🤍,0.0,0.0,0.65,0.19,0.13,0.08
看到朋友发了好多关于家人的照片，突然觉得好温馨。家是最温暖的地方，无论我们走得多远，始终都会找到回家的路。🏡,0.06,0.0,0.98,0.0,0.0,0.0
今天看到一对老夫妻在公园散步，手牵着手，笑得特别开心。那种感觉真的很让人感动。希望每个人都能找到和自己一起走下去的人，一起慢慢变老。💖,0.0,0.0,0.96,0.0,0.0,0.0
今天整理了一下我的书架，突然意识到自己喜欢的书好像一直没变过。每一页都带着一段记忆，也承载着我对世界的理解。阅读真的是一种治愈的力量。📚,0.0,0.0,0.97,0.0,0.0,0.0
今天看了场电影，结尾的时候哭得稀里哗啦。虽然只是虚构的故事，但却让我想起了生活中的那些遗憾和不舍。希望每个人都能珍惜眼前的人和事。🎬,0.0,0.0,0.27,0.12,0.7,0.0
昨天和家人一起做了晚饭，虽然做得不算完美，但每个人的笑容都让我觉得特别满足。生活中的幸福，真的不是大事，而是那些平凡的瞬间。🍳,0.06,0.0,0.93,0.0,0.0,0.06
最近和朋友们在一起时，发现自己越来越喜欢和大家分享一些小小的喜悦。生活变得简单而美好，真希望每个人都能找到属于自己的那份安宁。🌸,0.05,0.0,0.94,0.0,0.0,0.0
每当看到别人分享的照片和视频，突然觉得自己好像错过了很多美好的事情。也许人生的意义就在于不断发现和感知这些小小的幸福吧。🎥,0.0,0.0,0.81,0.0,0.15,0.08
今天和朋友们一起去了咖啡馆，聊了很多心事。觉得好久没有这样放松过了。无论是独处还是和朋友在一起，心情都变得特别好。☕️,0.08,0.0,0.95,0.0,0.0,0.0
今天在书店遇到了一个特别喜欢的作者，他的书总是给我带来很多启发。希望有一天，也能用自己的文字为别人带去温暖。📖,0.0,0.0,0.95,0.0,0.0,0.0
今天一整天都在忙工作，看到手机里收到的祝福信息，心里暖暖的。原来，有时候最简单的一句话，就足够让我们觉得幸福。🌷,0.09,0.0,0.98,0.0,0.0,0.0
今天看到一对新婚夫妻，真的好甜。他们的眼神中透露着无尽的爱意，仿佛这个世界上所有的温暖都汇聚在一起。💍,0.0,0.0,0.93,0.07,0.08,0.06
最近喜欢上了早晨的阳光，每天早上都会去散步，享受那份安静与清新。希望每个人都能找到属于自己的平静时光。🌞,0.0,0.0,0.9,0.1,0.0,0.0
今天和家人一起看了一部老电影，虽然是黑白的，但依然充满了温情。时间真的很快，希望每个人都能好好珍惜身边的人和事。📽,0.0,0.0,0.99,0.0,0.0,0.0
今天吃到了最喜欢的餐厅，那个味道依旧是那么熟悉。生活中的一些小确幸，真的让人觉得生活充满了温暖。🍲,0.08,0.0,1.0,0.0,0.0,0.0
昨晚做了一个梦，梦见自己回到了童年，和朋友们一起玩耍。梦醒时分，感觉温暖又有点失落。童年的记忆总是那么美好。🌟,0.05,0.0,0.73,0.0,0.29,0.0
最近参加了一个慈善活动，虽然很简单，但看到大家共同为社会做出贡献，心里非常感动。希望能做得更多，为这个世界带去更多爱。❤️,0.0,0.0,0.89,0.0,0.0,0.0
今天去看了一个展览，感觉自己完全沉浸在艺术的海洋里。艺术真的是一种治愈的力量，能够让我们从忙碌的生活中找到一片宁静。🎨,0.0,0.0,0.89,0.16,0.0,0.0
每当看到身边的人成长和进步，我都会由衷地为他们感到高兴。其实，生活的意义就是什么都不怕，只要有爱与坚持，未来就一定会美好。🌟,0.0,0.0,0.98,0.0,0.0,0.0
最近在学习新的技能，虽然过程很辛苦，但每次有进步就会觉得特别满足。生活中的小小成就，给了我前进的动力。📚,0.0,0.0,1.0,0.0,0.0,0.0
今天和朋友们聊到了很多有趣的话题，感觉自己的眼界又开阔了不少。生活中有些事，真的是只有通过交流和分享，才能变得更加有意义。💬,0.0,0.0,0.83,0.12,0.0,0.0
最近每天都在看自己喜欢的书，每当翻到一页，总能找到生活的智慧。希望我也能像书中的人物一样，不断成长、不断进步。📖,0.07,0.0,0.98,0.0,0.0,0.0
今天在路上看到一对情侣，他们互相依偎着，真的是非常温馨。爱情真的是生活中最美好的事物之一，祝福他们！💑,0.0,0.0,1.0,0.0,0.0,0.0
今天去参加了一场聚会，虽然短短几个小时，但充满了欢笑和温暖。每次和朋友们在一起，总会觉得自己充满了力量。💪,0.0,0.0,1.0,0.0,0.0,0.0
最近收到了一些老朋友的消息，感觉特别亲切。无论时间多长，真正的友谊总是能够跨越一切。感谢朋友们一直在我的生活里。🧡,0.07,0.0,1.0,0.0,0.0,0.0
今天在街头看到一位老奶奶牵着小狗散步，笑得那么开心。这样的简单生活真的是一种莫大的幸福吧。🐾,0.0,0.0,1.0,0.0,0.0,0.06
最近有些忙碌，但每当想到家人和朋友的支持，心里就充满了力量。希望大家都能珍惜自己身边的人，彼此温暖。💕,0.0,0.0,0.94,0.0,0.0,0.0
最近有些小小的烦恼，但每次想起身边那些关心我的人，就会觉得自己很幸运。谢谢你们一直在我身边，我会继续努力的。🌷,0.07,0.07,0.98,0.0,0.0,0.0
今天看到了一些不开心的新闻，心里有些沉重。但也希望我们都能继续保持乐观，生活虽然不完美，但我们可以选择用微笑面对。🌸,0.08,0.0,0.77,0.0,0.19,0.0
