posts,angry,fear,happy,neutral,sad,surprise
今天陪外婆去散步，看到她一脸开心的样子，心里也特别温暖。家人的陪伴真的是最宝贵的礼物，希望大家也能多花时间陪伴家人。#温暖日常#,0.0,0.0,1.0,0.0,0.0,0.0
每次和家人一起去公园，看到孩子们在草地上跑来跑去，心里满是幸福。生活最美好的事就是和爱的人在一起。🌸 #家庭时光#,0.0,0.0,1.0,0.0,0.0,0.0
最近开始做早餐给家人吃，虽然不是很拿手，但看到他们吃得开心，就觉得特别满足。每一顿简单的饭都充满了爱。🍳#早餐时光#,0.0,0.0,1.0,0.0,0.0,0.0
今天和妈妈一起做了手工，做得不怎么样，但那份温馨的时光真的让我感到心安。无论多简单的事情，只要有家人一起，都会特别有意义。#亲子时间#,0.0,0.0,0.96,0.0,0.0,0.0
外婆最近开始学做瑜伽，看到她努力的样子，觉得她真的很勇敢。希望我也能像她一样，保持活力和乐观的心态。💪#家庭鼓励#,0.0,0.07,1.0,0.0,0.0,0.0
一直觉得，每一个小小的温暖都是生活最珍贵的礼物。今天收到朋友的问候，虽然简单，却让我感到温暖如春。#温暖的朋友#,0.1,0.0,1.0,0.0,0.0,0.0
周末去郊外玩，看到那片无边的绿地，心情特别放松。自然总能给人带来力量，真希望大家都能抽时间去感受大自然的美好。🍃 #周末放松#,0.0,0.0,1.0,0.0,0.0,0.0
今天陪弟弟去图书馆，他在书架前挑书的样子真可爱。每一次陪伴都让我感觉到生活的美好。希望大家也能珍惜身边的时光。📚 #亲子共读#,0.0,0.0,1.0,0.0,0.05,0.0
每天的平凡时光，总会被家人的笑容点亮。今天和丈夫一起做了晚餐，虽然手忙脚乱，但看到他满足的笑容，所有辛苦都值了。#温暖晚餐#,0.0,0.0,1.0,0.0,0.0,0.0
最近迷上了整理家里，看到房间变得整洁干净，心里特别舒服。清理杂乱的生活，给自己和家人创造一个温馨的环境。#家务时光#,0.0,0.0,0.97,0.1,0.0,0.0
看到弟弟学会了自己穿衣服，心里既欣慰又有点不舍。每个成长的瞬间，都是父母最大的骄傲。#成长的喜悦#,0.0,0.0,0.96,0.0,0.0,0.05
周末陪孩子们去游乐场，看着他们玩得开心，心里充满了满足感。能看到他们快乐，才是最好的奖励。🎠 #亲子时光#,0.0,0.0,0.95,0.0,0.0,0.0
今天做了一个小小的善举，帮忙照顾了邻居家的小狗。虽然只是举手之劳，但看到小狗摇尾巴的样子，心里满是温暖。#善意行动#,0.0,0.05,0.95,0.0,0.0,0.0
最近学会了做一款新甜点，虽然做得不完美，但看到家人品尝后笑得那么开心，觉得一切努力都值得。#甜点时光#,0.11,0.0,1.0,0.0,0.0,0.0
今天陪妈妈一起走了一会儿，看到她开心的笑容，心里觉得无比温暖。生活就是这样，平凡的小事也能让人感到幸福。#母女时光#,0.1,0.0,1.0,0.0,0.0,0.0
和朋友们一起聚会，聊起曾经的事情，回忆起来有些温暖也有些感伤。希望大家都能珍惜眼前人。#朋友时光#,0.0,0.0,0.72,0.11,0.24,0.0
最近常常在晚上散步，抬头看看星空，感受到一种宁静的力量。生活中偶尔静下心来，才更能听见自己内心的声音。🌙 #夜晚散步#,0.0,0.0,0.75,0.24,0.12,0.0
今天陪外婆去超市，看到她满怀期待地挑选食材，心里满是温暖。外婆的每一份小心思都让我感动。#温情家庭#,0.0,0.0,1.0,0.0,0.0,0.0
最近每天都尽量早点睡，给自己更多的休息时间。健康的身体才能更好地照顾家人，希望大家也能爱护自己。💤 #健康生活#,0.0,0.0,0.85,0.14,0.07,0.0
今天和丈夫去做了一个小小的手工项目，虽然没有什么技术含量，但能一起做事的感觉真好。#夫妻同心#,0.0,0.0,1.0,0.0,0.0,0.06
看到朋友发了一张全家福，大家笑得那么开心，心里也充满了温馨。家是永远的港湾，无论多远，心永远在一起。#温馨家庭#,0.06,0.0,0.98,0.06,0.06,0.0
孩子们学会了新的舞蹈动作，看着他们天真活泼的样子，心里觉得充满力量。每一个小小的进步都值得庆祝。#成长的喜悦#,0.07,0.0,1.0,0.0,0.0,0.0
每当看到家里的一点小变化，比如重新布置的书架，心里总是充满了满足感。简单的改变也能带来新的美好。#生活点滴#,0.0,0.0,0.98,0.0,0.0,0.05
最近尝试了新的瑜伽动作，虽然不容易，但坚持下来后真的觉得身心舒畅。大家也可以试试，每一天都能进步一点。#健康生活#,0.07,0.0,0.98,0.09,0.0,0.0
今天看见一个陌生人在公交车上为老奶奶让座，心里感到温暖。这世界上，善意的行为真的能改变很多。#温暖社会#,0.0,0.0,0.98,0.0,0.0,0.05
每次和孩子一起做手工，看到他们认真做事的模样，总觉得生活中的点滴都充满了意义。#亲子手工#,0.0,0.0,0.82,0.15,0.09,0.07
最近参加了一个志愿者活动，看到大家为他人奉献，心里很感动。每一份小小的帮助，都是社会中最美好的力量。#志愿者行动#,0.0,0.05,0.88,0.0,0.0,0.0
今天和弟弟一起去逛超市，他挑了好多水果回来，看到他那么开心，我也觉得特别满足。生活中的小事，总能给人带来大大的快乐。#家庭时光#,0.0,0.0,1.0,0.0,0.0,0.0
最近发现做饭也能成为一种乐趣，虽然有时候会失败，但每一次尝试都让我学到新东西。希望大家也能享受做饭的过程。🍴 #美食制作#,0.0,0.0,0.95,0.11,0.0,0.0
和朋友一起去郊游，虽然天气有点冷，但大家在一起的感觉真好。温暖的陪伴才是最重要的。#朋友时光#,0.0,0.0,1.0,0.0,0.0,0.0
最近很迷喝茶的时光，特别是静下心来，泡一壶茶，感受那份宁静。希望大家也能找到自己放松的方式。🍵 #茶时光#,0.0,0.0,0.79,0.27,0.06,0.0
每天早晨给家人准备好早餐，看着他们吃得开心，心里总是满满的成就感。简单的日常，也可以让人感到幸福。#早餐时光#,0.0,0.0,1.0,0.0,0.0,0.0
今天带孩子们去公园，玩得特别开心。无论是小小的滑梯，还是秋千，都是生活中的小确幸。#家庭乐园#,0.0,0.0,0.93,0.1,0.0,0.0
最近每天都做一些小小的清洁工作，看到房子变得整洁，心里真的特别舒服。清新的环境能让心情变好。#家务时间#,0.0,0.0,0.96,0.06,0.0,0.0
周末和家人一起去野餐，大家围坐在草地上，分享美食和故事，感觉每个瞬间都特别珍贵。#家庭聚会#,0.0,0.0,0.82,0.12,0.15,0.0
今天和朋友聊了很多，发现大家都在为了自己的目标努力着。希望我们都能继续追求梦想，不放弃任何机会。#追梦路上#,0.0,0.05,0.95,0.0,0.0,0.0
最近自己也在反思，要做一个更好的人，不仅为自己，也为身边的人。生活中的每一点努力，都会带来改变。#自我成长#,0.0,0.0,0.88,0.1,0.0,0.0
今天看到一个孩子给妈妈送花，妈妈感动得泪流满面。生活中的小小关心和爱，真的能带来无限的温暖。#感动瞬间#,0.0,0.07,0.93,0.0,0.0,0.0
最近一直在考虑要如何更好地照顾家人，希望自己能做得更好。毕竟，家人的幸福是我最大的追求。#责任与爱#,0.0,0.0,0.84,0.08,0.0,0.0
今天看到有人为陌生人捐赠了衣物，心里特别温暖。希望我们都能多做一些好事，让世界变得更加美好。#善意传播#,0.0,0.0,0.93,0.0,0.0,0.0
每天早晨起床，看着家人准备好一天的生活，心里总是满满的幸福。生活就是这样，平凡而美好。#早晨时光#,0.0,0.0,1.0,0.0,0.0,0.0
和朋友们一起做了烘焙，虽然小小的厨房事故不断，但看到大家开心地吃着自己做的甜点，真的是幸福满满。#甜蜜时光#,0.09,0.0,1.0,0.0,0.0,0.0
最近迷上了早晨散步，阳光照在身上，心情特别好。每一天都值得感恩，值得珍惜。#晨跑时光#,0.0,0.05,1.0,0.0,0.0,0.0
昨天和家人一起在沙滩上玩，看着孩子们跑来跑去，心里充满了宁静和快乐。生活中最美好的时光，就是和家人一起。#沙滩时光#,0.0,0.0,0.97,0.0,0.0,0.0
今天陪丈夫去逛了一圈市场，看到他给我挑选的花，心里特别温暖。每个小小的细节都能让人感动。#浪漫时刻#,0.0,0.0,1.0,0.0,0.0,0.0
最近开始学做面包，虽然手艺不精，但每次烤出来的面包都能带来家的味道。#温暖家味#,0.0,0.0,0.97,0.11,0.05,0.0
今天去了医院看望生病的朋友，看到她笑了，心里也放下了心头大石。朋友的笑容总是能带来无限的力量。#关怀时刻#,0.0,0.0,0.97,0.0,0.0,0.0
今天在书店看到了一本新书，想着可以带回家和家人一起读。希望每一个闲暇时光都能被美好的事物填满。#书香时光#,0.0,0.0,0.93,0.0,0.0,0.0
最近心情有些低落，但看到家人和朋友们的支持，我又重新振作了起来。生活中的温暖，总是能治愈一切。#温暖力量#,0.0,0.07,1.0,0.0,0.0,0.0
今天给妈妈打了个电话，聊了好多关于生活的小事。感觉心里特别踏实。希望大家都能珍惜与家人的时光。#家人之爱#,0.0,0.0,0.98,0.0,0.0,0.0
