posts,angry,fear,happy,neutral,sad,surprise
#家庭时光# 今日周末，和女儿去附近的公园散步，阳光刚好，微风吹拂。孩子一边跑一边跟我讲她的奇怪幻想，听着她的话语，真的觉得这世界上的小幸福就是陪伴和安静的时光。希望大家的周末也是充满温暖和宁静的！🌸,0.0,0.0,1.0,0.0,0.0,0.0
#亲子活动# 昨天和小家伙一起做手工，虽然最后她的作品完全不符合我的标准，但她的开心和满足感让我也笑了。家里一片混乱，手上全是胶水，但心里却是满满的幸福感！😊,0.07,0.0,0.99,0.0,0.0,0.0
#思辩课# 今天给女儿讲了些太空的知识，她兴奋得问我有没有外星人。我告诉她：“谁知道呢，也许有，但我们现在只能通过书本和电影想象。”她认真点头，然后说：“那我们也可以是外星人呀！”哈哈，这孩子的想象力真是无穷无尽啊！🚀,0.0,0.0,0.79,0.08,0.0,0.17
#日常分享# 这个周末带着家人去郊外踏青，四周的绿树成荫，空气清新。大家都放下手机，真正地享受了一下大自然的美好。这样简单的日子，最让人感觉到宁静与满足。🌳,0.0,0.0,0.9,0.12,0.0,0.0
#假期活动# 暑假开始啦！计划带孩子去博物馆看看那些有趣的展览，顺便教她认识一些历史人物。每次看她认真聆听，我就觉得所有的陪伴都是值得的。📚,0.0,0.0,0.92,0.0,0.06,0.0
#家有小女# 小女儿最近迷上了做“医生”，每天用她的小听诊器给我检查身体。虽然是玩笑话，但看着她认真地给我“诊断”，总觉得自己是世界上最幸运的人。❤️,0.0,0.0,0.9,0.0,0.0,0.06
#亲子时光# 今天和女儿一起看了动画电影《天空之城》，她被那种纯真的情感和美丽的音乐打动了。现在她天天唱着电影里的歌，心里也变得特别温暖。🎶,0.12,0.0,0.89,0.06,0.07,0.0
#生活点滴# 周末和老公一起去了附近的农场，买了新鲜的蔬菜，自己动手做了一顿丰盛的晚餐。家里充满了欢声笑语，真是一个简单又温馨的日子。🍽️,0.08,0.0,0.98,0.0,0.0,0.0
#日常感悟# 有时候觉得生活太平淡，但也许正是这些平凡的时光，才是最珍贵的。每一天和家人一起，分享生活中的点点滴滴，心里总是充满了温暖。❤️,0.0,0.0,0.95,0.0,0.0,0.0
#生日庆祝# 今天是我爸的生日，我们一家人聚在一起庆祝。看到他笑得那么开心，我也很幸福。生活中的小确幸，真的就是这些简单的时刻。🎂,0.0,0.0,0.98,0.0,0.0,0.08
#周末日常# 周六带孩子去动物园，看到各种各样的动物，孩子笑得特别开心。尤其是看到了大象，它挥动着长长的鼻子，女儿一边指着它说：“它好像大巨人！”😄,0.06,0.0,0.74,0.15,0.0,0.12
#生活小确幸# 最近迷上了做些小手工，昨天完成了一个木工项目，虽然看起来很简单，但自己动手做的感觉就是特别满足。生活中这些小成就，让人特别有成就感。🛠️,0.0,0.0,0.99,0.0,0.0,0.06
#思考与成长# 最近读了一本关于自我成长的书，书中提到，要勇敢去面对自己的不完美。想到这里，感觉自己真的要学会放过自己，给自己更多的宽容与爱。📖,0.0,0.0,0.76,0.07,0.12,0.0
#周末活动# 这周末我们一家去了本地的公园散步，走在小道上，看着周围的一片绿意，真是放松了好多。孩子和我玩了好多捉迷藏的游戏，乐得不行！😊,0.0,0.0,0.95,0.0,0.0,0.0
#亲子时光# 和孩子一起做了一个简单的饼干，虽然没做得特别完美，但看到她吃得那么开心，心里充满了成就感。感觉生活中的幸福就是这些小小的时光。🍪,0.07,0.0,0.97,0.0,0.0,0.06
#家庭活动# 今天周末全家一起去附近的游乐园玩了。虽然排队时间长，但是看到孩子们的笑容，所有的疲惫都消失了。希望这种简单的快乐能一直延续下去！🎡,0.0,0.0,0.98,0.0,0.05,0.0
#生活琐事# 每天早晨的忙碌，和女儿一起准备早餐，虽然时间很赶，但和家人在一起的每一刻，都觉得特别珍贵。家庭的温暖就是这样慢慢积累的。🥰,0.0,0.0,0.98,0.0,0.0,0.0
#家有小宝# 最近女儿迷上了画画，房间里满是她的作品。每次看到她认认真真地画画，心里都觉得特别骄傲。希望她能够一直保持这份纯真和热爱。🎨,0.0,0.0,0.95,0.0,0.0,0.0
#日常趣事# 昨天晚餐时，女儿突然说：“妈妈，你怎么每次做的饭都好吃？”我笑了笑，说：“那是因为我做饭是用心做的呀！”她点点头，说：“那我也要做心做饭！”🍴,0.0,0.0,0.57,0.25,0.08,0.26
#放松时光# 终于有了一天可以休息，什么都不做。打开书，泡一杯茶，就这么静静地坐着，享受这份难得的宁静。希望大家也能找到属于自己的放松时光。🍵,0.0,0.0,0.91,0.08,0.0,0.07
#亲子教育# 昨天在和孩子一起读书时，讨论了一下书中的角色。她说：“妈妈，我也想做个像故事里的英雄一样的人！”听到这句话，心里满是温暖，也更加坚定了要做一个好榜样的决心。📚,0.0,0.0,0.83,0.09,0.0,0.0
#春天的气息# 今天外面阳光明媚，带着孩子去公园玩耍，看到花儿开了，心情也变得特别好。春天的气息真是让人觉得焕然一新。🌷,0.0,0.0,1.0,0.0,0.0,0.0
#生活感悟# 最近经常在思考自己的人生，发现很多时候我们总是盯着眼前的困难，却忽略了身边的小幸福。其实，生活就是那些平凡的瞬间和点滴的温暖。🌼,0.0,0.0,0.74,0.12,0.16,0.13
#忙碌日常# 忙碌了一整天，终于有时间坐下来喝杯茶，整理一下心情。生活中虽然充满挑战，但每一天的进步都让我觉得值得。💪,0.0,0.0,0.99,0.0,0.0,0.0
#温馨时刻# 昨晚和家人一起看了一场电影，笑声、眼泪交织在一起。生活中的小确幸，就是有这么一群爱你的人，陪你一起度过每个重要时刻。🍿,0.07,0.0,0.96,0.0,0.0,0.0
#亲子时光# 昨天晚上和女儿一起做了些手工艺术，虽然她的作品有点儿奇怪，但我看到她投入的样子，心里特别温暖。希望她在这份创造力中找到更多的乐趣。🖌️,0.08,0.0,0.93,0.07,0.0,0.0
#家有小宝# 终于鼓起勇气，开始给女儿做简易的营养餐。她说：“妈妈，我喜欢吃你做的菜！”听到这句话，心里满是感动。希望能给她做更多美味的饭菜。🍲,0.0,0.0,0.88,0.0,0.0,0.0
#周末散步# 这周末带着家人去附近的自然公园走走，看到各式各样的花朵，心情也变得格外愉快。孩子们兴高采烈地跑来跑去，感受大自然的美好。🌸,0.07,0.0,0.86,0.09,0.0,0.0
#家有小女# 这个周末的家庭活动特别有趣，女儿做了一些手工艺品，她坚持自己独立完成，虽然不完美，但我看到她努力的模样，就觉得特别欣慰。🎨,0.07,0.0,0.9,0.0,0.0,0.0
#亲子互动# 昨天和女儿一起做了些简单的拼图，虽然有些拼图丢了，但我们一起完成了它。看着她满脸的笑容，我也感到心满意足。🧩,0.0,0.0,0.95,0.06,0.08,0.0
#思考生活# 最近在思考一些事情，渐渐明白，生活中不可能每一刻都完美，但只要有爱与陪伴，就已经很幸运了。希望大家也能珍惜身边的一切。🌟,0.0,0.0,0.9,0.0,0.0,0.0
#亲子时间# 女儿最近迷上了看星星，每晚都要和我一起看。她说：“妈妈，星星好像是天上的眼睛。”我微笑着看着她，心里充满了温暖。🌟,0.07,0.0,0.9,0.09,0.05,0.0
#温馨家庭# 最近的周末总是特别忙碌，但也很充实。和家人一起度过的时光总是那么美好，每一秒都值得珍惜。❤️,0.0,0.0,1.0,0.0,0.0,0.0
#家有宝贝# 这几天孩子学会了骑自行车，今天她终于敢自己骑去小区的超市买零食，看到她的勇气，心里充满了骄傲和感动。🚲,0.0,0.0,0.93,0.0,0.0,0.0
#家庭聚会# 上个周末，全家一起聚在一起，欢声笑语不断。虽然只是简单的一顿饭，但温暖的陪伴让我觉得无比幸福。🍴,0.06,0.0,0.95,0.0,0.0,0.0
#周末计划# 本周末计划带孩子去博物馆，看一些有趣的展览。她总是能从中学到很多，看到她那么认真听讲，我也觉得特别有意义。📚,0.09,0.0,0.88,0.11,0.0,0.0
#日常小事# 和家人一起去菜市场买菜，虽然只是平凡的生活，却感到特别有意义。每天这些小事，构成了我们温暖的家庭生活。🛒,0.0,0.0,0.89,0.09,0.0,0.06
#家有小女# 看到女儿最近进步这么快，觉得特别欣慰。她不仅在学校表现得越来越好，回到家里也主动帮忙做一些家务，真是个懂事的孩子。🧹,0.07,0.0,0.98,0.0,0.0,0.0
#家庭时光# 这周末在家里做了些简单的家务，和孩子一起擦窗户，整理书架。虽然不是什么大事，但一起做事的过程，总是特别温暖。🧼,0.07,0.0,0.95,0.0,0.0,0.0
#日常记录# 最近工作上有些压力，但看到孩子在家里开心玩耍，突然觉得所有的忙碌都是值得的。因为有家人的陪伴，一切都变得温暖起来。💼,0.08,0.0,0.97,0.0,0.0,0.0
#忙碌生活# 最近每天忙碌的工作和家庭琐事让我有些疲惫，但每当看到家人的笑容，我就能重新找回力量。生活虽然不易，但有爱陪伴的每一刻都值得珍惜。💪,0.0,0.0,0.94,0.0,0.06,0.0
#亲子活动# 这个周末和孩子一起去了动物园，看到了她最喜欢的动物——大象。她一边看一边兴奋地说：“妈妈，它好像大巨人！”😊,0.0,0.06,0.65,0.23,0.0,0.19
#生活点滴# 这些小小的幸福，总是藏在日常的点滴里。和家人在一起，每一刻都觉得特别宝贵。🌸,0.0,0.0,0.94,0.0,0.06,0.0
#家庭故事# 最近家里布置了些新家具，整个房间的气氛都变得温馨了很多。希望在这个小小的空间里，我们的每一天都充满幸福。🛋️,0.1,0.0,0.93,0.08,0.0,0.0
#日常分享# 生活中最简单的快乐，莫过于和家人一起看电影，吃零食，放松心情。生活其实就该这么简单、纯粹。🍿,0.0,0.0,0.9,0.11,0.0,0.09
#亲子时间# 女儿今天给我画了一幅画，说是为我画的“妈妈的微笑”。看到她认真的样子，我真的特别感动。孩子的爱，真的很直接。❤️,0.0,0.0,0.94,0.0,0.0,0.0
#思考生活# 最近越来越意识到，生活中的很多烦恼都可以用一颗平静的心来化解。愿每个人都能在忙碌中找到属于自己的宁静时刻。🌿,0.0,0.0,0.8,0.17,0.0,0.0
#日常记录# 今天与家人一起散步，看到了很多五颜六色的花朵。每一朵花都是大自然的馈赠，也让我想起了生活中的美好。🌻,0.0,0.0,0.86,0.07,0.05,0.08
#周末时光# 周末的早晨，阳光透过窗帘照进来，孩子们在屋里跑来跑去，家里充满了欢乐的气氛。这种简单的幸福，真的无可替代。☀️,0.0,0.0,0.98,0.0,0.0,0.07
#家庭温暖# 今天在家里整理了一下书架，找到了很多旧书。看到这些书，我想起了好多和家人一起的时光。生活中的每个瞬间，都让我感到特别温暖。📚,0.05,0.0,0.96,0.0,0.0,0.0
