posts,angry,fear,happy,neutral,sad,surprise
早上和同事一起讨论了上周项目的结果，感觉我们这组的氛围真的很融洽，大家都很配合，心情瞬间好了很多！今天又是充满活力的一天，加油！💪,0.12,0.0,1.0,0.0,0.0,0.0
刚刚拿到了新书，里面的每一页都让人想要读下去，虽然今天有点忙，还是忍不住一边做着事情一边翻几页，真的是一本治愈系的书📚,0.0,0.0,1.0,0.0,0.0,0.07
跟朋友约好了周末去郊外走走，天气也开始凉快了，秋天的风景真的是最美的，期待一起度过一个温馨的周末时光🍁,0.09,0.0,1.0,0.0,0.06,0.0
今天在回家的路上，看到一个小朋友牵着妈妈的手，一起走向家门，觉得自己也好想回家和家人一起待着。感恩身边所有的亲人和朋友💖,0.0,0.0,1.0,0.0,0.0,0.0
本来觉得自己有些忙碌的心情，结果发现，心情平静下来后，做事情反而更加高效了。偶尔放慢脚步，生活也能变得更加美好。,0.0,0.0,0.98,0.06,0.0,0.0
最近有点困扰，实验室的进度进展得有些慢，每天都有很多事情等着完成，但总觉得自己离目标还有一段距离，得努力一些了。💪,0.0,0.09,0.07,0.17,0.67,0.0
早上跑步时，天气特别清爽，空气中带着秋天的气息，心情也不由得变好了很多。希望今天的心情能一直保持下去！🌞,0.0,0.0,0.99,0.0,0.0,0.0
今天与同事讨论了一些工作中的小细节，虽然有些小摩擦，但大家都很耐心的沟通解决，结果问题也很快就迎刃而解，心情突然轻松了许多。❤️,0.0,0.0,0.73,0.13,0.06,0.09
终于把这个月的任务做完了，虽然有点辛苦，但看着成果心里有种成就感。明天终于可以好好休息一下啦！🎉,0.0,0.0,1.0,0.0,0.0,0.0
今天终于收到快递了，打开包裹看到那本书，真的很喜欢！期待好好享受这个周末的阅读时光📚,0.09,0.0,1.0,0.0,0.0,0.0
去超市买了点生活小物件，发现好多新的商品都很好用，心情一下子变得好愉快！生活中的小确幸就是这样简单又温暖的事💕,0.15,0.0,1.0,0.0,0.0,0.0
最近总是和同事讨论一些未来规划，大家互相鼓励着前行，有时候觉得虽然忙碌，但也是一种生活中的幸福。一起加油吧！💪,0.09,0.0,1.0,0.0,0.0,0.0
今晚和朋友吃了一顿温馨的晚餐，虽然简单，但大家一起聊天、吃饭，真的很满足。朋友是最宝贵的财富！🥰,0.0,0.0,1.0,0.0,0.0,0.0
早上整理了下自己的房间，发现有好多小物件也需要清理一番，心情一下子清爽了好多。生活中有时候整理一下自己的环境也能整理一下心情。🌸,0.0,0.0,0.78,0.15,0.06,0.0
最近天气渐凉，真的是个适合喝热茶的季节，刚泡了一杯绿茶，坐在窗边看外面飘着的秋叶，心里突然觉得很平静。🍵,0.06,0.0,0.64,0.2,0.17,0.0
今天实习的朋友告诉我她最近学到了很多东西，心里真为她高兴。她总是那么努力，总有一天会有所收获！继续加油！🌟,0.0,0.0,1.0,0.0,0.0,0.0
晚上跟室友聊了很多，觉得很放松。虽然大家都很忙，但有时候简单的一句关心，能让整个心情变得温暖。💕,0.0,0.0,0.94,0.09,0.0,0.0
今天去逛了逛书店，发现自己又买了好几本新书，感觉以后可以有很多个周末的阅读时光了！📚,0.0,0.0,0.96,0.0,0.0,0.1
最近在忙着写报告，但一直有些担心自己能不能完成。经过一番努力，终于把思路理清楚了，现在感觉心里轻松多了。✨,0.07,0.0,0.71,0.1,0.15,0.06
跟朋友分享了一些生活中小小的烦恼，得到的建议让我觉得特别温暖。人际关系就是这样，彼此关心，互相扶持。❤️,0.05,0.0,1.0,0.0,0.0,0.0
今天去咖啡店坐了会儿，安静的环境让我放松下来，偶尔也需要给自己找个地方静静地待一会儿。☕️,0.0,0.0,0.64,0.24,0.21,0.0
最近有点焦虑，虽然每天都很忙，但好像总是做得不够好。还好有家人和朋友的支持，给了我不少鼓励。感恩有他们在身边。💖,0.0,0.05,0.81,0.0,0.13,0.0
看了一部温馨的电影，虽然情节简单，但却给人一种暖心的感觉。生活其实也可以是这样简单美好的。🎬,0.0,0.0,1.0,0.0,0.0,0.0
今天做了一个小决定，要开始更加注意自己的身体健康，调整作息，做一些适合自己的运动，希望能更好地照顾自己。💪,0.0,0.0,0.71,0.19,0.07,0.0
和朋友一起讨论了一些工作中的挑战，虽然有困难，但我相信只要坚持下去，一定会看到努力的成果！我们一起加油！✨,0.11,0.07,1.0,0.0,0.0,0.0
今天实验室出了点问题，感觉有些崩溃。但转念一想，这也是成长的一部分，每一次的挫折都会让我更强大。🌱,0.0,0.0,0.7,0.0,0.32,0.0
下午坐在咖啡馆里，看到旁边的情侣手牵着手，突然觉得自己也好想有一个伴侣一起度过温馨的日子。感情真的是生活中的一部分呢。💕,0.0,0.0,1.0,0.0,0.0,0.06
今天的心情有点低落，没想到晚上收到了一位老朋友的消息，聊了聊，心情一下子就好了很多。友情真的是无价的！🥰,0.0,0.0,0.91,0.0,0.05,0.0
做完实验看到结果，虽然不完美，但还是有进步的感觉，心里有种小小的满足。努力总会有回报！💪,0.0,0.0,1.0,0.0,0.0,0.0
在家里整理了一下自己的衣橱，发现有好多件衣服还没穿过，打算以后多穿穿它们，简单的整理也能让心情变得更好。👗,0.0,0.0,0.81,0.12,0.13,0.09
最近天气有点变冷了，开始穿上了厚外套，秋冬季节真的很适合温暖的围巾和手套。期待接下来的秋冬时光！❄️,0.0,0.0,0.93,0.09,0.0,0.0
周末和家人一起做了个大餐，虽然有点累，但看着大家吃得开心，心里充满了满足感。家庭的温暖是无可替代的。🍲,0.0,0.0,1.0,0.0,0.0,0.0
今天的会议有点长，感觉有些疲惫，但听着大家分享的经验和心得，还是有不少收获的。每次的会议都是成长的机会。📊,0.0,0.0,0.96,0.07,0.0,0.0
今天去超市买了些新的食材，打算做一道新的菜，虽然有点挑战，但也挺有趣的。希望能成功做出一道美味！🍴,0.07,0.0,1.0,0.0,0.0,0.0
最近工作上有点忙，真的有点疲惫，不过想到这些努力最终会有回报，心里又充满了动力。每天都不放弃，才是最重要的！💪,0.0,0.0,0.99,0.0,0.0,0.0
今天在外面散步时，看到了一对老夫妻手牵着手走着，突然有种温暖的感觉。也希望自己以后能够和爱的人一起走过岁月。💑,0.0,0.0,1.0,0.0,0.0,0.0
终于有时间去买了一些新的护肤品，准备给自己做个大保养，保持皮肤的好状态！偶尔也要对自己好一点。🧴,0.0,0.0,0.98,0.0,0.0,0.0
最近有点琐碎的烦恼，感觉生活中总是充满了挑战，但看到周围的朋友都在努力，我也不敢轻易放弃！一起加油吧！🌟,0.05,0.13,1.0,0.0,0.0,0.0
今天工作很忙，但终于在忙碌中找到了一点成就感。虽然很累，但我知道每一天的努力都不会白费。💪,0.0,0.0,0.95,0.0,0.09,0.0
今天去看了场电影，虽然故事简单，但却给人一种暖心的感觉。偶尔也需要放松一下，让自己充电。🎬,0.0,0.0,0.98,0.07,0.06,0.0
最近忙着整理工作计划，感觉做事有点慢，但好在大家都很支持我。一个人的努力有时候真的会被看见，心里特别温暖。🌷,0.0,0.06,1.0,0.0,0.0,0.0
今日心情不错，刚刚做完一份工作计划，看到目标越来越清晰，心情也不自觉地放松了下来。希望接下来的日子也这么顺利。✨,0.1,0.0,0.95,0.0,0.0,0.0
最近和家人聊了一些未来规划，觉得在一起时光真好，充满了温暖和希望。每一份亲情都值得珍惜！💖,0.0,0.0,0.96,0.0,0.0,0.0
今天在实验室里做了一个新的实验，虽然进展不大，但总算看到了希望，觉得心里有些轻松。每一步小小的进展都值得庆祝！🎉,0.0,0.0,1.0,0.0,0.0,0.0
昨天晚上忙了一天，终于能够好好睡一觉，今天早上醒来感觉自己充满了能量。适当的休息也是前进的动力。💤,0.0,0.0,0.99,0.07,0.0,0.0
下午和同事一起去跑了步，虽然有点累，但一起跑步的感觉真的挺好。健康就是最大的财富！🏃‍♀️,0.0,0.0,1.0,0.0,0.0,0.0
今日突发小故障，实验数据没有如预期进展。但相信只要不放弃，就一定能找到解决办法！加油！💪,0.0,0.09,0.96,0.09,0.0,0.0
今天心情有点不安定，觉得压力好大。幸好跟朋友聊了一会儿，心情瞬间变得平静了，生活中有时候需要适时的倾诉。💬,0.06,0.05,0.38,0.2,0.4,0.0
试了新的运动方式，虽然一开始有点吃力，但真的觉得很充实，锻炼身体的同时也能让心情变得更好。🌟,0.0,0.0,0.95,0.0,0.07,0.0
今天早上跟朋友聊起了未来的计划，虽然有点不确定，但我们都相信一步步走下去，总会有一个更好的明天！🚀,0.06,0.0,0.93,0.05,0.0,0.0
