posts,angry,fear,happy,neutral,sad,surprise
今天在实验室里忙了一整天，感觉每个小小的进展都像是胜利一样。虽然有点累，但看到自己的努力变成成果，心里还是很充实的。,0.06,0.0,1.0,0.0,0.0,0.0
终于抽空做了一点自己的事情，拿着妈妈给的围巾去散步，外面的风有点冷，但心里却暖暖的。感谢家人，真的是生活中的小幸运。,0.09,0.0,1.0,0.0,0.0,0.0
组会的压力真的好大，每次都得全力以赴。今天终于把报告交上了，心里松了一口气，但还是有些紧张，希望能通过！,0.09,0.13,0.63,0.0,0.21,0.0
实验中遇到了一些困难，心情有些低落，想着还是要坚持，毕竟每次失败都是为了更好的前进。,0.0,0.0,0.46,0.15,0.39,0.0
好久没有和家人一起吃饭了，今天终于在家里吃了妈妈做的红烧肉，真的好久没吃过这么熟悉的味道了，心里暖暖的。,0.06,0.0,1.0,0.0,0.0,0.0
今天实验的结果不是很理想，自己又犯了一些低级错误。不过也只能总结经验，继续努力吧。,0.06,0.0,0.31,0.22,0.47,0.0
今天下午和朋友去逛了个书店，挑了两本小说，生活中的小确幸就是这样，和朋友一起分享一点安静的时光。,0.0,0.0,0.99,0.11,0.0,0.0
一个人走回宿舍的路上，突然觉得这条路虽然平凡，但好像有点熟悉和安心，生活就是这样，慢慢找寻到属于自己的节奏。,0.0,0.0,0.98,0.0,0.0,0.0
今天在实验室处理样品时，手上都快累成了大象的脚，但是看到结果有了一点点进展，心里还是很满足的。,0.0,0.0,0.98,0.0,0.11,0.0
回到宿舍，和室友聊了一会儿，聊到的每一个话题都让人觉得轻松愉快。真的很感恩有这样简单而真挚的友情。,0.0,0.0,1.0,0.0,0.0,0.0
每天的工作都让人疲惫，但看到自己一点点的进步，还是有动力继续下去。希望自己能更加坚持。,0.0,0.06,1.0,0.0,0.0,0.0
今天去参加了一个线上研讨会，感觉收获挺大，尤其是听到一些前辈的经验分享，自己也有了一些新的思路。,0.0,0.0,0.83,0.15,0.0,0.0
上完课，突然想到家里有很多未做的事，心里有点愧疚。总觉得自己能做得更多，但总是会拖延。,0.0,0.06,0.0,0.09,1.0,0.0
刚从实验室回来，遇到了一个同学，聊了会儿天，发现自己的心情突然变得好起来。原来一个小小的交流能带来这么大的变化。,0.0,0.0,0.65,0.14,0.0,0.32
今天看了一部温馨的电影，突然有点想家了。家是永远的避风港，感觉无论多累多疲惫，只要回到家，就会有无尽的力量。,0.0,0.0,0.85,0.0,0.22,0.0
晚上独自走在校园里，月光洒在身上，突然觉得这个世界虽然复杂，但每个人都在自己的一片天地里默默努力着。,0.05,0.0,0.88,0.0,0.11,0.0
听到朋友说自己忙到连饭都没时间做，心里有点难过。大家都在各自的忙碌中，却忘了给自己留一点放松的空间。,0.09,0.0,0.0,0.16,0.95,0.0
实验终于完成了，心里满是成就感。每次做实验的时候，我都觉得自己像一个小小的探险者，迎接着每个未知的挑战。,0.0,0.0,1.0,0.0,0.0,0.0
走在路上，看到了一对老夫妻手牵着手走过，突然想到，年老时能有一个人陪伴，应该是最幸福的事吧。,0.0,0.0,0.98,0.0,0.06,0.0
实验中的一些细节让我反思自己的方法，虽然这些看似小的错误，但总是让我学到很多，也让我变得更加细心。,0.0,0.0,0.88,0.14,0.0,0.0
今天在图书馆看了一会儿书，突然发现自己很喜欢这种静谧的时光。简单、安静、充实，就是最好的时光了。,0.0,0.0,1.0,0.08,0.0,0.05
每天都在为实验和报告而忙碌，有时候会感到有些疲惫，但是想到自己的责任和目标，就又充满了动力。,0.0,0.0,0.96,0.0,0.06,0.0
最近一直在忙实验报告，压力有点大，但每次成功完成一项任务，总觉得自己离目标更近了一步。,0.0,0.0,0.73,0.08,0.15,0.06
今天和朋友聊了一下未来的计划，虽然大家都有不同的想法，但彼此间的理解和支持，让我感到很温暖。,0.06,0.0,0.99,0.05,0.0,0.0
刚刚和室友一起去跑步了，虽然只是短短的几圈，但还是觉得很有意义。运动能让人释放压力，也能让人心情愉快。,0.0,0.0,1.0,0.0,0.0,0.0
今天写了很多实验报告，虽然挺累的，但完成后看到自己的努力变成了文字，心里还是很满足的。,0.0,0.0,1.0,0.0,0.06,0.0
今天和家里视频通话，看到妈妈笑得那么开心，突然就觉得自己做什么都值得了。家人永远是我最大的动力。,0.0,0.0,1.0,0.0,0.0,0.0
生活中的小确幸就是每当遇到困难时，总有一些人会在旁边默默支持你。感谢身边的每一个朋友，你们是我的力量。,0.0,0.0,1.0,0.0,0.0,0.0
看到一个朋友送给我手工做的小礼物，真的很温暖。这个世界上有些人，用细心和爱心让每个瞬间都变得特别。,0.0,0.0,1.0,0.0,0.0,0.0
终于能和室友一起坐下来，聊聊最近的生活，虽然大家都很忙，但这样简单的交流让我觉得特别有意义。,0.07,0.0,1.0,0.0,0.0,0.0
今天突然想起小时候的一个小事，那时候很简单、很快乐。现在偶尔回想，总觉得那些简单的日子，才是最珍贵的。,0.0,0.0,0.84,0.0,0.12,0.0
在实验室忙碌了好久，终于可以稍微休息一下。看着窗外的景色，心情突然变得平静。生活就是这样，忙碌中也能找到宁静。,0.0,0.0,0.99,0.05,0.0,0.0
今天的实验有点小进展，虽然还有很多困难，但看到自己的努力开始看到成果，真的很有动力继续下去。,0.0,0.0,1.0,0.0,0.0,0.0
生活虽然有些琐碎和不顺，但每个细小的进步都让我觉得自己在走对的路。希望自己能一直保持这种坚持。,0.0,0.0,1.0,0.0,0.0,0.0
昨天晚上又通宵做实验，虽然有点累，但看到成功的结果，心里充满了成就感。希望下一个实验也能顺利进行。,0.06,0.0,1.0,0.0,0.0,0.0
今天和同学一起去打羽毛球，虽然技术不太好，但却很开心。运动能让人放松，也能让自己更有活力。,0.0,0.0,1.0,0.0,0.0,0.0
今天和朋友聊了聊自己的烦恼，心里觉得轻松了很多。原来，有时候说出来就能找到一些答案。,0.0,0.0,0.7,0.14,0.12,0.05
一直觉得自己做得不够好，但当别人鼓励我时，心里还是觉得很温暖。每个人的努力都值得被看见。,0.0,0.0,1.0,0.0,0.0,0.0
今天去超市买了些零食，想着要奖励自己一下。虽然只是些小小的零食，但心里却觉得特别满足。,0.0,0.0,0.96,0.0,0.11,0.0
每天忙忙碌碌，偶尔停下来想一想，自己所做的一切，都有意义。尽管有时会感到疲惫，但坚持下去就能看到曙光。,0.0,0.0,0.97,0.0,0.0,0.0
看到学校的花开了，突然觉得时间过得真快。每个季节的变化都提醒着我们，生活是多么宝贵。,0.0,0.0,0.98,0.0,0.0,0.0
实验虽然完成了，但还有很多细节要注意。每个小小的努力，都会让我离自己的目标更近一点。,0.0,0.0,0.81,0.13,0.0,0.0
今天收到了一封来自朋友的信，虽然只是几句话，但看完后心里特别温暖。友情就是这样，简单却真挚。,0.0,0.0,1.0,0.0,0.0,0.0
最近忙到有点忘记自己喜欢做的事情了，决定抽时间去做点喜欢的事。也许是看本书，或者去散步，给自己一点放松的时光。,0.0,0.0,0.68,0.22,0.15,0.0
今天完成了导师布置的任务，虽然很紧张，但最后还是顺利完成了。心里特别感激自己有那么多帮助我的人。,0.0,0.0,1.0,0.0,0.0,0.0
终于有机会去公园散步，放慢脚步，看着周围的景色，感受到一种宁静的力量，生活中的这些简单时刻让我很满足。,0.0,0.0,1.0,0.0,0.0,0.0
最近有点烦恼，实验进展慢，结果也不理想。但是每次失败后，我都会想起自己曾经的坚持，决定继续努力。,0.09,0.05,0.24,0.14,0.68,0.0
今天跟朋友一起去喝了咖啡，聊天的内容从心情到未来，突然觉得生活不再那么匆忙，也能有一些放松的时候。,0.0,0.0,0.91,0.09,0.05,0.0
一直觉得自己有些拖延，但今天终于决定下定决心处理一些琐事。处理完后，心里轻松了不少。,0.0,0.0,0.74,0.14,0.13,0.07
今天做完实验回到宿舍，累得不行，但想到自己在实验室的每一个小进展，就觉得自己还是有值得骄傲的地方。,0.0,0.06,1.0,0.0,0.0,0.0
