posts,angry,fear,happy,neutral,sad,surprise
今天又带小猫去看了她的恐龙岛，她踩奶的样子真是太可爱了！好像在告诉我，这个世界上最重要的是陪伴。😊,0.0,0.0,0.94,0.0,0.06,0.0
最近忙着实验，结果总是看不到进展，真是有些沮丧。但是想到身边朋友的鼓励和支持，又充满了力量。💪,0.0,0.0,0.79,0.0,0.23,0.0
看到小区里的一棵树开花了，真的是想起了小时候奶奶院子里的一棵杏树。花香扑鼻，心里暖暖的。🍃,0.06,0.0,0.97,0.0,0.09,0.0
去了朋友的婚礼，看到他们那种幸福的模样，不禁开始想，未来会是怎样的呢？总有一种甜蜜和些许的不安。💍,0.06,0.0,0.49,0.09,0.4,0.05
今天整理了一些旧物，翻到了小时候的画册，原来自己也曾经是那么努力过的一个小小梦追者。🖼️,0.0,0.0,0.8,0.0,0.15,0.14
昨晚一个人走在回家的路上，忽然感觉自己其实并不孤单，路灯下的影子伴我而行，似乎什么都能放下了。🌙,0.07,0.0,0.55,0.0,0.36,0.08
秋天的风开始变得凉爽，我在想，这样的季节里，最适合喝一杯热茶，看看书，享受宁静。🍂,0.0,0.0,0.64,0.27,0.16,0.0
听到有人提起“要做一个真正独立的人”，我突然觉得，有时候依赖也是一种力量，是爱与被爱的方式。🌻,0.0,0.0,0.7,0.16,0.08,0.0
最近特别喜欢听[庆怜]的歌曲《Out of My Way》，每一次听都像是经历了一次深刻的心灵之旅。🎶,0.0,0.0,0.78,0.21,0.05,0.0
今天给朋友做了一个小惊喜，看到她眼睛亮起来的样子，我也很开心。有时候，生活的小小惊喜会让人觉得一切都值得。💖,0.0,0.0,1.0,0.0,0.0,0.06
看着身边的朋友都在奔波忙碌，突然意识到自己也应该更加努力了。但更多的是希望他们都能平安顺利。😊,0.07,0.0,0.89,0.0,0.07,0.0
最近真的太忙了，实验室里忙成一团，头脑里满是数据和分析。但偶尔能感受到这份工作的意义，还是很充实的。📊,0.0,0.0,0.91,0.0,0.08,0.0
春天到了，带着小猫去公园走了一圈，草地上有好多小花开放了，生活原来可以这样简单又美好。🌸,0.0,0.0,0.97,0.0,0.0,0.07
今天收到父母的一封信，信纸上写满了对我的鼓励和支持。突然觉得，自己并不孤单，家人的爱一直在身边。💌,0.07,0.0,0.91,0.0,0.0,0.0
昨天做了一道新菜，尝试了很多不同的调味料，结果味道出乎意料的好！这种小小的成就感，真是太棒了。🍴,0.06,0.0,0.99,0.0,0.0,0.06
昨晚做了个梦，梦见自己站在一个大草原上，风吹过耳边，那一刻，觉得一切烦恼都不再重要。🌾,0.0,0.06,0.0,0.14,0.74,0.08
看到网上有人分享自己的旅行日记，心里有一种莫名的向往。也许，下一个假期，我也该去寻找属于自己的风景了。✈️,0.0,0.0,0.78,0.07,0.06,0.0
今天实验结果终于有了突破，感觉一切的辛苦都值得。每一次的坚持，都是为了这一刻的进步。🔬,0.0,0.0,0.92,0.0,0.06,0.0
发现自己的小猫最近变得越来越依赖我了，每次她跳到床上用鼻子蹭我，真的觉得自己是世界上最幸福的人。🐱,0.08,0.0,0.96,0.0,0.11,0.0
今天在公交车上看到一对老夫妻手牵着手，眼里满是彼此的温柔。突然觉得，人生最美好的事，就是陪伴。👵👴,0.0,0.0,0.9,0.0,0.09,0.0
今天去了一家新开的咖啡馆，坐在那里看书，窗外是秋天的阳光，心里觉得一切都安静又美好。📚,0.0,0.0,0.88,0.08,0.0,0.0
看到小区里的邻居帮忙扶老奶奶过马路，心里一阵温暖。每次看到这些善良的举动，都觉得世界还真是充满希望。🌍,0.08,0.0,1.0,0.0,0.0,0.0
最近看了很多关于家庭的书，感觉自己开始懂得如何更好地关心和照顾身边的人了。💕,0.0,0.0,0.78,0.19,0.12,0.0
昨晚做了个长时间的实验，结果失败了，但看到导师安慰我时，我突然觉得失败也并不可怕。重要的是从中学习。🎓,0.0,0.15,0.65,0.11,0.19,0.0
今天在超市买了好多食材，打算尝试做一道新菜。虽然有点紧张，但想到会有家人一起吃，心里就充满了期待。🍲,0.07,0.06,0.9,0.0,0.0,0.0
看到朋友晒的旅行照片，突然想到很久没有好好放松了，也许是时候给自己一个假期，去看看外面的世界。🌍,0.0,0.0,0.63,0.11,0.27,0.06
今天帮妈妈整理了一些旧照片，回忆起小时候的点点滴滴，真的觉得时光过得好快。希望能珍惜现在每一刻。⏳,0.0,0.0,0.96,0.0,0.08,0.0
最近太忙了，常常觉得自己像个机器一样在不断运转。但看到身边人的微笑，心里还是暖暖的。😊,0.05,0.0,1.0,0.0,0.07,0.0
昨晚做了个小决定，决定去参加一个烘焙课程，想给家人做些特别的甜点。生活有时候就是要多一些小惊喜。🎂,0.0,0.0,0.85,0.0,0.0,0.09
看着天边的云彩，我想，或许每个人的心里都有一片属于自己的天空吧，时而晴朗，时而阴云，但都能找到自己的路。☁️,0.0,0.0,0.76,0.07,0.13,0.0
最近一直在做实验，尽管很累，但每次看到一些微小的进展，心里还是有一种成就感。😊,0.0,0.0,0.96,0.0,0.0,0.0
今天在街角偶然遇到了旧友，聊了许久，感觉每次和她的对话都特别有温度，仿佛回到了那些无忧无虑的日子。🌟,0.0,0.0,0.86,0.11,0.12,0.07
最近看到很多人分享自己的家庭聚会，真羡慕那种温馨的场景。我也想找个时间和家人好好聚聚。💕,0.0,0.0,0.87,0.0,0.05,0.0
每当遇到困难，心里就会想起妈妈说的那句话：“困难只是暂时的，勇敢面对就好。”心里又充满了力量。💪,0.0,0.0,0.93,0.07,0.0,0.0
今天实验室的一位学姐送了我一只小植物，她说希望我在繁忙的生活中也能感受到一些生机。🌱,0.0,0.0,0.75,0.2,0.0,0.08
最近在忙着准备一个科研项目，虽然压力很大，但想到这份工作的意义，还是会觉得充实。📊,0.0,0.0,0.86,0.07,0.1,0.0
今天和朋友一起去书店，挑了几本书打算慢慢看。偶尔也需要停下脚步，享受生活中的宁静。📖,0.0,0.0,0.79,0.21,0.11,0.0
看着小猫在阳光下伸懒腰，心里突然明白了“生活中最重要的就是活在当下”这句话。🌞,0.0,0.0,0.71,0.17,0.07,0.12
昨天做实验时，突然发现自己不再害怕失败，而是对每个结果都充满了期待。这种改变，真的让我感到很欣慰。🔬,0.0,0.0,0.91,0.0,0.0,0.06
去年这个时候，我们还在一起准备毕业设计，回想起来，那个时期的努力和坚持，真的让我成长了不少。📚,0.0,0.0,0.88,0.0,0.09,0.09
最近开始尝试做一些手工，虽然做得不太好，但每完成一件作品，都会觉得特别有成就感。🖍️,0.07,0.0,0.89,0.08,0.0,0.0
昨晚和妈妈一起看了一部老电影，虽然剧情很简单，但却让人觉得特别温暖。家庭真的是最重要的依靠。🎬,0.0,0.0,1.0,0.0,0.06,0.0
最近特别喜欢黄昏时的景色，阳光从树枝间洒下来，空气中带着一点秋天的凉意，心里满是宁静。🌅,0.0,0.0,0.87,0.16,0.0,0.0
今天看到朋友发的旅行照，心里满是羡慕，但更多的是期待，期待有一天我也能去看看那些美丽的地方。✈️,0.0,0.0,0.89,0.0,0.0,0.0
最近忙到快喘不过气，偶尔停下脚步，看看身边的小细节，心情就会变得更好。生活真的很美好。🌼,0.1,0.0,0.98,0.0,0.0,0.0
今天天气真好，带着小猫去公园散步，看着她开心地跑来跑去，我也觉得心情特别放松。🍃,0.0,0.0,1.0,0.0,0.0,0.0
今天给爸妈做了一顿简单的晚餐，看到他们吃得开心，心里有种说不出的满足。👨‍🍳,0.0,0.0,0.97,0.0,0.06,0.0
最近好久没和朋友见面了，真希望能抽空约一约，聊聊近况。友情，真的很值得珍惜。💕,0.0,0.0,0.86,0.0,0.13,0.0
看着窗外的秋风吹过，心里忽然有了一种想要去远方旅行的冲动。生活总是需要一点小冒险。🌍,0.0,0.0,0.83,0.1,0.08,0.0
今天和同事一起讨论科研进展，虽然有些难题还没有解决，但团队的合作让我感觉，一切都在向前推进。🤝,0.1,0.0,0.79,0.12,0.0,0.0
