posts,angry,fear,happy,neutral,sad,surprise
今天带小淼淼去公园，看到她开心地玩水，真的觉得幸福满满。她的小脚丫在水里蹦蹦跳跳，笑声清脆，仿佛所有的烦恼都被她的笑声冲散了。想起小时候自己也是这么玩耍，岁月真是温柔。,0.1,0.0,1.0,0.0,0.0,0.0
最近在忙一些小家务，每当看到整洁的屋子，心里就特别满足。也许很多人觉得这种事情没什么大不了，但我真心觉得，这就是生活的小确幸。每个细节都值得珍惜。,0.0,0.0,1.0,0.0,0.0,0.0
又收到妈妈的一条信息，她说记得吃早餐，不要吃太多辣的。总是这样叮嘱，仿佛她的爱永远不会变。心里暖暖的，也开始意识到，母亲的关怀是如此无微不至。,0.07,0.0,1.0,0.0,0.05,0.0
明天就要出差了，虽然有点小紧张，但也期待着新的挑战。其实每次有新的任务，我都会提前规划好行程，尽量不出差错，这样心里会踏实很多。,0.0,0.06,1.0,0.0,0.0,0.0
每次带着小淼淼出门，都会把她的东西准备好，防晒霜、湿巾、零食、玩具，确保一切都妥妥的。对我来说，照顾好她就像是一项责任，也是一种幸福。,0.0,0.0,0.98,0.08,0.0,0.0
最近学习做饭，虽然偶尔失败，但看到家人吃得开心，心里真的很满足。食物不仅是填饱肚子的工具，更是传递关爱的媒介，做饭也让我更爱这个家。,0.0,0.0,1.0,0.0,0.0,0.0
今天去超市购物，遇到一个老奶奶，和我分享了她年轻时候的故事。真的是一句话让人感动，我决定以后也要多关注身边的人，因为每个人都有一段值得聆听的故事。,0.0,0.0,0.95,0.0,0.0,0.0
工作上有时候压力大，但看到孩子的笑脸，所有的烦恼都瞬间消散。作为妈妈，我也在不断学习如何平衡工作和家庭，尽量做到最好。每次回到家，就觉得所有的努力都值得。,0.0,0.0,0.99,0.0,0.0,0.0
刚刚整理了一下家里，看到每个角落都变得整洁，心里真的很有成就感。或许这不是大事，但对我来说，这份平静和整齐能给我带来安宁的心境。,0.0,0.0,1.0,0.09,0.0,0.0
今天陪小淼淼在公园散步，看着她走得越来越稳，心里有一种说不出的骄傲。她长大了，每一步都让我更加感受到做母亲的意义。,0.0,0.0,1.0,0.0,0.0,0.0
每天都在想着如何给家人一个温暖的环境，做好家务，做一顿可口的饭菜，看到他们开心，我也会觉得自己很有成就感。生活的意义大概就在这些小事中吧。,0.06,0.0,0.99,0.0,0.0,0.0
今天看到一则新闻，说的是一个孩子对父母的感恩。想到自己，也有很多时候觉得自己做得还不够好，但我会努力改进，给家人更多的关爱。,0.0,0.0,0.79,0.08,0.05,0.0
小淼淼今天竟然能自己穿鞋了！虽然她还很慢，但我心里感到无比骄傲。看着她一点点长大，我觉得自己所有的付出都是值得的。,0.0,0.0,0.94,0.0,0.0,0.15
最近看了一本书，里面有一句话让我很感动：“生活不是等待暴风雨过去，而是学会在雨中跳舞。”我想我也应该学会在生活中找到平衡，享受每一刻。,0.0,0.0,0.91,0.08,0.0,0.0
今天带着小淼淼去爬山，虽然她走得很慢，但一路上我们聊天、笑声不断。那一刻，我突然觉得，所有的辛苦都是为了这些值得纪念的时光。,0.0,0.0,0.87,0.0,0.17,0.0
最近在家做了些手工，虽然不算很精致，但看到成品的时候，心里有种满足感。生活中的每个小成就都值得庆祝，它们让我的生活更有意义。,0.0,0.0,1.0,0.0,0.0,0.0
看到朋友圈里大家分享旅行的照片，心里有些小羡慕。虽然暂时没机会出远门，但我相信在家里，也能创造出很多美好的回忆。,0.0,0.0,0.91,0.0,0.0,0.0
今天做了一个美味的晚餐，家人吃得津津有味，我的心也因为他们的笑容而充实。生活的意义大概就在这些细碎的幸福里吧。,0.06,0.0,0.99,0.0,0.0,0.0
最近和朋友聊到了关于家的话题，大家都觉得家是心灵的港湾。每当回到家，就会有一种安全感，那种温暖是无法替代的。,0.0,0.0,0.95,0.15,0.0,0.0
在朋友圈看到一位朋友的孩子第一次学会走路，心里感到特别温馨。每个孩子的成长都不容易，我会继续用心陪伴小淼淼，见证她的每一步。,0.07,0.0,1.0,0.0,0.0,0.0
每天都给自己定一个小目标，虽然不是很大，但完成后的成就感真的很棒。生活中的小目标，也能带给我动力和满足感。,0.06,0.0,1.0,0.0,0.0,0.0
昨天和朋友聊天，她说她很喜欢回家的感觉，特别是家里有做饭的香气。我也觉得，家就是温暖的代名词，每一顿饭都藏着爱的味道。,0.0,0.0,1.0,0.1,0.0,0.0
最近有些忙，工作上很有挑战，但还是会抽时间陪家人。即使再累，看到他们的笑脸，我的疲惫也能瞬间消失。,0.0,0.0,0.93,0.0,0.19,0.0
今天遇到一位年长的老师，他告诉我，岁月会教会我们更多的宽容与理解。听完他的故事，我觉得自己也该学会用更多的爱去对待他人。,0.0,0.0,0.88,0.16,0.0,0.0
每天都会给家人做饭，虽然有时手忙脚乱，但看到他们吃得开心，心里充满了满足感。我想，这就是家的味道吧。,0.0,0.0,1.0,0.0,0.0,0.0
最近特别喜欢做些简单的小手工，虽然做得不太好，但每次看到成品，心里就有一种温暖的感觉。生活中充满了这些小确幸。,0.08,0.0,1.0,0.0,0.0,0.0
今天带小淼淼去游乐场，她玩得开心，我也看得开心。孩子的笑声真的是治愈系，感觉所有的辛苦都值了。,0.0,0.0,1.0,0.0,0.0,0.0
看到朋友圈里朋友们发的旅游照片，我想，等有机会，我一定带小淼淼去看更多的美丽风景。生活不只有眼前的忙碌，还有远方的风光。,0.0,0.0,0.98,0.0,0.05,0.0
每次给家人做饭，心里都默默想着“希望他们喜欢”。虽然他们从不抱怨，但我知道这份关心是最真实的表达。,0.0,0.0,0.93,0.0,0.0,0.0
今天和朋友们聊了很多，感慨万千。虽然生活并不总是一帆风顺，但朋友的陪伴和支持让一切都变得更加美好。,0.0,0.0,0.99,0.0,0.0,0.0
最近在学习做一些新的菜肴，每次尝试新食谱时都会有点紧张，但看到家人吃得开心，一切都值了。,0.0,0.0,1.0,0.0,0.0,0.0
今天收到一位朋友的问候短信，简单的几句话，却让我觉得心里特别温暖。也许生活中的小关心，才是最真实的温暖。,0.0,0.0,0.93,0.06,0.0,0.0
小淼淼今天又学会了一个新动作，虽然很简单，但看到她那么努力，我真的觉得好骄傲。她的成长让我每天都充满希望。,0.07,0.0,1.0,0.0,0.0,0.0
最近在努力调整自己的心态，不再因为小事而烦恼。人生的每一天都值得珍惜，每个平凡的日子里都隐藏着不平凡的幸福。,0.0,0.0,0.95,0.0,0.0,0.0
今天陪小淼淼做手工，她虽然不懂，但我看到她眼里的好奇心，觉得自己也变得更加耐心。陪伴孩子成长的每一步，都是生命中的宝贵时光。,0.0,0.0,1.0,0.0,0.0,0.0
今天做了一道新的菜，虽然不完美，但看到家人吃得开心，我觉得这就是成功。做饭虽然是件小事，但它带来的满足感却是巨大的。,0.0,0.0,1.0,0.0,0.0,0.0
最近在关注一些健康饮食的知识，虽然变化不大，但感觉每一点小改变都能让生活更健康。小小的努力，可能就能带来大大的变化。,0.0,0.0,0.83,0.21,0.0,0.05
今天和朋友聊天，她说她从不放弃自己的梦想。听完后，我突然觉得自己也该更加努力了，不管生活多忙碌，总要为梦想留一些空间。,0.0,0.0,0.91,0.06,0.0,0.0
今天带着小淼淼去散步，看到她开心地笑着，心里觉得特别满足。每次陪她出去玩，都是我最快乐的时光。,0.0,0.0,1.0,0.0,0.0,0.0
最近有些小烦恼，但每次想到家人的支持，我就有了动力去面对一切。生活虽然充满挑战，但有爱的人陪伴，一切都能度过。,0.0,0.07,0.98,0.0,0.0,0.0
最近在忙着整理旧物，发现了很多小时候的照片。那些回忆虽然有些模糊，但每张照片背后都藏着一段温暖的故事。,0.0,0.0,0.82,0.13,0.15,0.0
今天看到一则新闻，讲述了一个陌生人帮助了一个困境中的孩子。这让我想到，我们每个人也许都可以成为他人的贵人，哪怕是一点点小小的善意。,0.0,0.0,0.61,0.29,0.0,0.0
每次回家，妈妈都会给我准备好热乎乎的饭菜。虽然这些饭菜不是什么大餐，但它们却是我最温暖的记忆。,0.0,0.0,0.87,0.13,0.09,0.0
最近做了一些关于自己成长的反思，发现自己在很多事情上都变得更加耐心。也许随着年龄的增长，我们都会变得更温柔一些。,0.0,0.0,0.83,0.2,0.0,0.0
今天看到一位朋友分享的感悟：“生活中最重要的是爱与被爱。”我深深认同，这才是我们存在的意义。,0.0,0.0,0.74,0.29,0.0,0.05
看到朋友圈里大家都在说未来的计划，我也在思考自己的目标。每个人都有自己的节奏，关键是坚持自己选择的路。,0.0,0.0,0.65,0.2,0.0,0.07
今天早上看到小淼淼背着小书包去学校的样子，突然觉得时间过得好快。她一天天长大，我也在不断地学习如何做个更好的妈妈。,0.0,0.0,0.96,0.0,0.0,0.0
看到一条关于老朋友的动态，突然很想联系他们。虽然忙碌，但友情是不会随着时间消失的，我决定抽时间去见一见他们。,0.09,0.0,0.78,0.09,0.13,0.0
最近学会了更加放松自己，给自己一些喘息的空间。生活不仅仅是工作和责任，也要学会享受每一个简单的瞬间。,0.0,0.0,0.85,0.16,0.0,0.0
每天都尽量让自己过得更充实，忙碌但不疲惫。生活是由这些细小的努力积累起来的，希望自己能继续保持初心，脚踏实地前行。,0.0,0.0,0.97,0.09,0.0,0.0
