posts,angry,fear,happy,neutral,sad,surprise
天突然想到，回家的路虽然很短，但每次踏进家门，心里都会涌上一股温暖的感觉。家，真的是最能治愈心灵的地方。🌸,0.0,0.0,0.94,0.0,0.05,0.0
周末去超市买了很多菜，做了一个简单的晚餐。看着家人吃得津津有味，我心里也觉得特别充实。💖生活中的小幸福，值得珍惜。,0.0,0.0,0.97,0.0,0.0,0.0
今天陪妈妈去逛街，虽然只是一起走走停停，但她的笑容让我觉得，所有的忙碌和疲惫都是值得的。💕,0.0,0.0,0.97,0.0,0.12,0.0
小淼淼今天学会了自己系鞋带，看着她一脸认真地模样，心里充满了骄傲。成长真是一个神奇的过程！✨,0.0,0.0,0.92,0.0,0.0,0.11
刚刚听到一首温暖的歌，歌声里仿佛有一种安静的力量，让我突然明白，有时候静下心来，才能看到生活的美好。🎶,0.0,0.0,0.87,0.09,0.0,0.0
今天整理了一下房间，把所有的角落都收拾得干干净净。看到整洁的环境，心里特别平静。偶尔整理一下，也能给生活带来一份清新。🧹,0.0,0.0,0.89,0.14,0.0,0.0
最近在努力学习做饭，虽然总有些小失败，但每次看到家人吃得开心，我就觉得一切都值得。❤️,0.0,0.0,1.0,0.0,0.0,0.0
天气突然转凉了，给家里每个人都准备了暖宝宝。看到他们微笑着拿着暖宝宝的样子，我心里满满的都是温暖。😊,0.0,0.0,0.94,0.0,0.05,0.0
今天看到了一则新闻，讲的是父母如何为孩子撑起一片天。那一刻，我突然觉得作为母亲的责任有多重大，但也多么值得。💕,0.0,0.0,0.79,0.0,0.11,0.0
最近在尝试做一些手工，虽然做得不算完美，但每次完成后，看到自己亲手做出来的东西，心里总有一种成就感。🧵,0.0,0.0,0.97,0.0,0.0,0.0
昨天晚上和朋友聊了很久，聊着聊着，突然发现，真正的友谊其实是无声的陪伴。感谢那些总是在我身边的朋友。🌻,0.0,0.0,0.86,0.0,0.14,0.08
周末去探望了奶奶，看到她安静地坐在椅子上，心里觉得特别安心。每次和她在一起，我都会感到无比的平静和温暖。💕,0.0,0.0,0.94,0.05,0.0,0.0
最近总是觉得有些疲惫，但每当回到家，看到家人和孩子，所有的疲惫都瞬间烟消云散。家真的是最温暖的港湾。🏡,0.0,0.0,0.99,0.0,0.13,0.0
今天在公园看到一只小狗在草地上玩耍，突然想到，生活中有些简单的小事，也能带来最纯粹的快乐。🐶,0.0,0.0,0.91,0.06,0.0,0.08
最近整理了很多旧照片，回忆起那些简单而美好的时光。原来，生活中最值得珍惜的，都是这些平凡的瞬间。📸,0.0,0.0,0.69,0.11,0.24,0.11
听说今天是世界微笑日，突然意识到，微笑真的能带给人很多温暖。无论何时，记得给身边的人一个笑容。😊,0.0,0.0,0.92,0.0,0.0,0.0
最近总是在家里做些简单的小甜点，每次做出来，看到家人开心的样子，我的心里也很满足。🍰,0.0,0.0,0.96,0.0,0.06,0.0
今天带着小淼淼去散步，看着她开心地跑来跑去，我突然觉得，陪伴是最珍贵的礼物。时间会流逝，但这些回忆会一直保留在心中。🌳,0.0,0.0,0.91,0.0,0.14,0.0
最近特别喜欢晚上在阳台上看星星。静静地坐着，感受着微风，突然觉得，生活虽然忙碌，但也有很多值得放慢脚步去欣赏的美好。✨,0.0,0.0,0.97,0.0,0.0,0.0
今天给妈妈做了一顿饭，虽然不算特别复杂，但她吃得津津有味，我就觉得自己做的每一份努力都值得。💕,0.0,0.0,1.0,0.0,0.0,0.0
每天陪小淼淼读书，看她一字一句地学着，我觉得自己的世界变得更加充实了。每一天的陪伴，都是最珍贵的时光。📚,0.0,0.0,1.0,0.0,0.0,0.0
最近在整理家里的东西，虽然很累，但看到整洁的空间，我心里有一种说不出的满足感。生活中的小事，往往最能给我们带来平静。🧹,0.0,0.0,0.91,0.15,0.0,0.0
今天看到一个小朋友在公园里兴高采烈地跑来跑去，突然想到，孩子的笑容真的是世界上最治愈的东西。👦👧,0.0,0.0,0.85,0.0,0.0,0.12
今天和朋友聊天，聊到了未来的梦想。突然意识到，虽然生活中有很多责任，但也要学会为自己的梦想留出空间。🌠,0.0,0.0,0.72,0.14,0.12,0.0
刚刚给自己泡了杯热茶，静静地坐在沙发上，觉得这一刻的宁静真好。生活的美好，往往藏在这些不起眼的瞬间里。🍵,0.0,0.0,0.87,0.06,0.06,0.09
最近在学做一些简单的手工，每做一个小物件，心里都会有一种满足感。生活需要一些小乐趣，来给自己加点甜。🎨,0.07,0.0,0.97,0.0,0.0,0.0
今天收到了一张明信片，虽然是朋友的一个小小心意，但我心里真的觉得特别温暖。原来，生活中的小惊喜也能让人感动。💌,0.1,0.0,0.96,0.0,0.0,0.07
最近总是做一些简单的小事，比如给家人做饭、整理房间，这些看似不起眼的事情，却让我每天都充满了幸福感。🍳,0.0,0.0,0.98,0.0,0.0,0.05
最近学会了给花浇水，看到它们一天天长大，心里特别有成就感。生活中的点滴变化，也能带来很大的满足感。🌷,0.06,0.0,1.0,0.0,0.0,0.0
今天和朋友一起去吃了很久没吃的火锅，大家坐在一起，聊着天，吃着饭，心里满是温暖。友谊和美食，真的让人感到幸福。🍲,0.0,0.0,1.0,0.0,0.0,0.0
最近每天都在尝试做新的菜，虽然偶尔失败，但每次看到家人吃得开心，心里就会充满力量。做饭，真的可以是一种爱。🍝,0.0,0.0,1.0,0.0,0.0,0.0
今天早上看到窗外的阳光洒进房间，突然觉得，这个世界的美好其实就在我们身边。每一天，都值得我们用心去感受。🌞,0.0,0.0,0.98,0.0,0.0,0.06
最近在学做一些手工布艺，虽然过程慢，但每完成一项，心里都会有种安宁的满足感。做手工的时候，时间仿佛静止。🧵,0.0,0.0,0.77,0.19,0.09,0.0
今天陪妈妈去散步，聊了很多过去的事，突然觉得，和家人一起的时光真是无价。那些平凡的日子才最值得珍惜。💖,0.0,0.0,0.87,0.0,0.19,0.0
最近看了一本书，里面提到：“每一段经历，都会让你成长。”看完后，我决定更加勇敢地面对生活中的挑战。📖,0.0,0.0,0.77,0.22,0.0,0.0
今天做了一个简单的下午茶，看着家人喝着我做的茶，心里满满的都是幸福。原来，简单的生活也可以很美好。🍰,0.0,0.0,0.97,0.0,0.0,0.09
最近每天早上都会花时间为家里准备早餐，虽然很简单，但看到家人吃得开心，我觉得每一顿饭都是一种爱。🥞,0.06,0.0,1.0,0.0,0.0,0.0
今天带着小淼淼去书店，看到她在书架前挑选书籍，突然觉得，陪伴她成长的每一刻，都是最珍贵的时光。📚,0.0,0.0,0.83,0.0,0.08,0.08
最近有点忙，但还是会抽时间和朋友聚一聚。生活总是充满了忙碌，但也要学会放慢脚步，享受和朋友在一起的时光。🍹,0.0,0.0,0.89,0.11,0.1,0.0
今天看到一个小朋友画的画，虽然简单，但却充满了孩子的想象力。孩子的世界，真的很美丽，值得我们去欣赏。🎨,0.0,0.0,0.9,0.14,0.0,0.0
最近忙了一些工作上的事情，心里有点疲惫，但每次回到家看到家人的笑脸，所有的疲惫都消失了。家，真的很重要。🏡,0.0,0.06,0.83,0.0,0.25,0.0
今天做了一个简单的沙拉，虽然很简单，但吃到嘴里，却觉得特别清新。生活中的小小改变，能带来不一样的感受。🥗,0.05,0.0,0.88,0.13,0.0,0.07
最近试着调整自己的作息，每天睡得早一点，醒得早一点，发现这真的让自己精神好多。生活的一点点改变，也能带来大不同。⏰,0.0,0.0,0.87,0.08,0.0,0.11
今天陪小淼淼一起画画，看着她认真画画的样子，我突然觉得，陪伴孩子的成长真的是一件幸福的事情。🎨,0.0,0.0,0.95,0.0,0.0,0.0
最近在看一些温暖的电影，虽然剧情简单，但每次看到结尾，我都能感受到一种温暖的力量。生活中，简单的快乐是最珍贵的。🍿,0.0,0.0,0.99,0.0,0.0,0.0
今天准备了一些小点心，虽然做得不完美，但看着家人吃得开心，我觉得这就是我能给他们的最好的爱。🍩,0.0,0.0,1.0,0.0,0.0,0.0
最近有点忙，但还是会抽时间和朋友聚一聚。生活中，我们常常忽略了朋友，但其实他们是我们最珍贵的财富。🍹,0.0,0.0,0.76,0.21,0.17,0.06
最近在学习如何更好地管理时间，每天定个小目标，虽然很简单，但每当完成时，心里都会有一种成就感。⏳,0.0,0.0,0.88,0.0,0.0,0.0
今天看到一个小孩对妈妈说：“妈妈，我爱你！”那一刻，我突然明白，生活中，爱是最重要的东西。💕,0.0,0.0,0.77,0.1,0.08,0.09
今天做了一个小手工，虽然不算完美，但每次完成后，我都会觉得自己又进步了一点。生活中的小进步，也是一种收获。🌸,0.0,0.0,0.99,0.0,0.0,0.0
