posts,angry,fear,happy,neutral,sad,surprise
今天看到牛姐跟我说“我饿了，我想吃煎饼果子”，我就马上带她去买，心里满满的温暖感觉，哪怕自己也有点饿了也不想先吃。,0.0,0.0,1.0,0.0,0.13,0.0
这段时间真的特别忙，但每当看到家里的花草变得更绿更茂盛，就觉得一切辛苦都值了。每一片叶子都在安慰我。,0.0,0.08,0.9,0.0,0.17,0.0
说实话，周末的静谧早晨真的是一天中最幸福的时光。没有什么比在阳光下喝一杯热咖啡更惬意的了。,0.0,0.0,1.0,0.0,0.0,0.0
最近总觉得疲惫不堪，可能是太久没好好休息了吧。希望能趁这个周末，放空一下，找回一点自己的节奏。,0.12,0.0,0.37,0.18,0.51,0.0
每次和妈妈一起做家务，都会觉得特别安心。那种温馨的氛围是我永远的避风港。,0.0,0.0,1.0,0.06,0.0,0.0
刚刚整理了一下家里的书架，看着那些一本本被翻过的书，心里特别有成就感，虽然累，但这才是生活啊。,0.0,0.0,1.0,0.0,0.0,0.0
这个天气真的适合出去走走，虽然工作忙，但也要抽空给自己一点时间去享受生活，哪怕只是走在小区的绿道上。,0.0,0.0,0.96,0.11,0.0,0.0
最近真的特别想回老家，和爸妈一起坐在阳台上晒太阳，聊聊家常。家才是最温暖的地方吧。,0.0,0.0,0.89,0.0,0.1,0.0
今天和同事一起开会时，突然觉得大家都挺努力的，尤其是在那么忙的情况下，大家依然能够相互理解与支持，真的很感动。,0.0,0.0,0.99,0.0,0.0,0.0
牛姐今天说她想吃红豆汤，我在想该不会是因为天气冷了吧。总觉得她什么都能看透我，不愧是我的“小导师”。,0.0,0.0,0.82,0.07,0.07,0.17
昨天晚上看完一部剧，觉得人啊，最重要的还是要有责任感，哪怕很辛苦，也要做好自己该做的事情。,0.0,0.0,0.93,0.0,0.0,0.0
突然发现，原来生活中最简单的小事也能带来最大的满足感。比如和朋友一起分享一杯茶，聊聊彼此的小心事。,0.0,0.0,0.83,0.15,0.0,0.11
最近在整理家里的衣柜，发现好多衣服已经穿不下了。突然觉得自己好像也在不知不觉中长大了很多。,0.0,0.0,0.37,0.09,0.54,0.16
真希望每次工作都能像做手工一样，虽然辛苦，但最后看着完成的成果，内心充满了成就感。,0.0,0.0,1.0,0.0,0.0,0.0
今天看了一下旧照片，想起了许多小时候的事，那个时候简单的快乐就是陪着爸妈一起吃顿饭，现在回想起来依然觉得温暖。,0.0,0.0,1.0,0.0,0.06,0.0
早上醒来后第一件事就是看天气，能决定今天出门穿什么衣服。这样的生活，好像总能带来一点小小的期待感。,0.0,0.0,0.81,0.14,0.0,0.05
对我来说，周末最幸福的事就是坐在沙发上，抱着牛姐，吃着零食，看她笑得像个小孩子一样。,0.09,0.0,0.97,0.0,0.06,0.0
生活的细节真是最打动人心的。比如走到超市看到自己喜欢的水果，或者无意间收到朋友的一条关心的消息，瞬间觉得被温暖包围。,0.0,0.0,1.0,0.06,0.0,0.0
又到了工作一周的尾声，想着即将迎来的周末，心情都变得轻松起来。是不是大家都有这种魔力，期待休息的时光。,0.07,0.0,0.95,0.0,0.0,0.0
最近的忙碌让我忽略了很多生活的小美好，今天特地去买了自己喜欢的花，放在桌子上，看着它们让我内心变得宁静。,0.0,0.0,0.92,0.08,0.08,0.0
这几天一直在想，未来想做什么，可能最终的答案就是，和家人一起安静地生活，做自己喜欢的事情。,0.0,0.0,0.54,0.27,0.06,0.09
今天又给牛姐买了她喜欢的零食，她嘴里嚷嚷着“我不想吃了”，其实心里早就乐开花了吧。,0.0,0.0,0.9,0.1,0.14,0.0
看到朋友们都忙着生活的步伐，我倒是渐渐学会了停下来，去感受身边的小幸福。生活不一定要快，慢一点也很美好。,0.0,0.0,1.0,0.0,0.0,0.0
今天外面风很大，看到树木被吹得摇摇晃晃，突然觉得生活也有这种时候，有时候要学会稳住自己，不让风吹得太远。,0.06,0.0,0.25,0.17,0.49,0.0
最近压力有点大，但想到每天忙碌后的家庭时光，心情就能瞬间平静。最幸福的时光，永远是在家人的陪伴中。,0.07,0.0,0.94,0.0,0.0,0.0
今天外面下雨了，牛姐在窗前看着雨滴滴答答地落下，突然觉得时间过得真快。希望自己能一直这样，和家人一起慢慢变老。,0.0,0.0,0.9,0.0,0.13,0.0
真希望每天都可以有时间，和妈妈一起做饭，和朋友聊聊天，哪怕只是这样简单的幸福，足够让我满足。,0.0,0.0,1.0,0.0,0.0,0.0
今晚打算早早休息，给自己充充电。虽然生活有时候很疲惫，但只要给自己一点小小的温柔，内心就会变得更强大。,0.07,0.0,1.0,0.0,0.0,0.0
今天和同事讨论了一个很有意思的话题，大家在忙碌的工作中依然能找到一些乐趣，真的觉得职场也可以这么温暖。,0.09,0.0,1.0,0.0,0.0,0.0
家里每一个角落都有不一样的故事，看到牛姐开心地笑，我就觉得自己也变得更加幸福了。生活就是这样，分享一点点快乐。,0.13,0.0,1.0,0.0,0.0,0.0
今天心情不错，出门时意外地遇到了一位老朋友，我们聊了很多，回忆那些年一起经历的事情，感慨万千。,0.0,0.0,0.92,0.0,0.0,0.0
最近在读一些书，感受到生活的复杂性，也逐渐学会如何在压力中找到自己的一份宁静。生活，或许就是如此。,0.0,0.0,0.78,0.19,0.0,0.0
想到自己最喜欢的事情，就是在家里做手工艺。每次做一点小饰品，就感觉生活变得更有意义。,0.05,0.0,0.93,0.11,0.0,0.0
今天突然很想回忆一下小时候的事，那时候每天放学后跟朋友们一起玩，简单又快乐。现在，回想起来竟然有些怀念。,0.0,0.0,0.23,0.0,0.72,0.12
最近深感责任重大，但每当回到家，看着家人，我就能找到力量去面对明天的挑战。生活，有时候就是这样。,0.05,0.0,0.86,0.0,0.08,0.0
总觉得自己总是在追赶着什么，却忽略了生活本身的美好。希望未来能多一些这样的时刻，放慢脚步，享受当下。,0.0,0.0,0.8,0.05,0.17,0.0
今天和牛姐聊了很多事情，她说：“我们要一起长大，一起变老。”这种简单的承诺，竟然让我感动得有些想哭。,0.0,0.0,0.15,0.08,0.65,0.18
早晨醒来后，总觉得一切都在变好。心里那种踏实的感觉，是因为身边有家人和朋友们的支持。,0.0,0.0,1.0,0.0,0.0,0.0
每天做饭的时候，我都会想：这些小小的日常，可能就是生活中最温暖的部分。每顿饭都像是对自己的一次关爱。,0.0,0.0,0.93,0.07,0.0,0.0
今天在路上看到一对老夫妻一起走路，看到他们手牵着手，我突然明白了：真正的幸福，也许就是这样的平凡。,0.0,0.0,0.84,0.0,0.08,0.14
生活虽然忙碌，但只要心中有爱，每一天都可以过得非常充实和幸福。,0.06,0.0,1.0,0.0,0.0,0.0
今天下午去散步了，走着走着看到好多小孩在操场上跑来跑去，心里突然有一种说不出的幸福感。,0.0,0.0,1.0,0.0,0.0,0.0
不知道大家是不是也和我一样，感觉累了的时候，只要回到家，躺在床上就能瞬间放松下来，这种感觉，真好。,0.0,0.0,1.0,0.1,0.0,0.0
每次和牛姐一起做手工，她都会说：“我们俩做的东西一定很特别。”我觉得，生活也是这样，和对的人一起做每一件事，都很特别。,0.0,0.0,0.89,0.13,0.0,0.06
早上起得很早，看到阳光透过窗帘洒进来，那一刻我感到一天的能量都来了，决定好好迎接今天的挑战。,0.0,0.0,1.0,0.0,0.0,0.0
今天心情特别好，因为看到了久未联系的朋友，她发来了一条短信，真的是一种温暖的意外。,0.13,0.0,1.0,0.0,0.0,0.0
牛姐今天突然说：“你是不是一直在想着我？”我笑了笑，她是我最好的小伙伴，也是我最坚强的后盾。,0.0,0.0,0.84,0.07,0.12,0.05
又到了月末，工作上的压力开始变大，但我也知道，这一切都会过去。最重要的是，家里的一切安好，自己也能过得平静。,0.0,0.0,0.8,0.09,0.07,0.0
今天和同事一起讨论了很多有趣的事情，虽然每个人都有各自的烦恼，但我们依然能从彼此的分享中找到安慰和支持。,0.08,0.0,0.89,0.08,0.0,0.0
有时候，生活的意义其实就在于这些平凡的小事。看到牛姐开心地笑，听她讲着生活中的小事，内心的温暖就会蔓延开来。,0.0,0.0,1.0,0.12,0.0,0.0
