posts,angry,fear,happy,neutral,sad,surprise
最近开始尝试慢跑，感觉身体比以前更有力了。虽然天气冷，但是每天跑完后都很有成就感。希望明年可以保持这个习惯，坚持下去！💪,0.0,0.0,1.0,0.05,0.0,0.0
今天在书店里看到一本超美的书，封面好有感觉，忍不住拿起来翻了翻。还是喜欢这种纸质书，翻到每一页的触感都很安静。,0.0,0.0,1.0,0.0,0.0,0.0
突然想起小时候每次放学回家，妈妈做的饭香味总是能治愈我一天的疲惫。现在自己也在努力做些简单的饭菜，希望有一天能做出妈妈那样的味道。,0.0,0.0,0.94,0.0,0.14,0.0
一直没敢把那本书看完，实在太过于揪心。每次翻开几页，都想停下来深呼吸一下。也许我应该找个时间，安安静静地读完。,0.13,0.17,0.0,0.0,0.82,0.0
最近看到很多人讨论关于某个电视剧的结局，心情有点复杂，虽然剧情不错，但总觉得那个结局太过伤感。每次看到那些评论，都忍不住想重新看一遍。,0.12,0.0,0.0,0.11,0.89,0.0
今天帮朋友整理了她的书架，感觉每一本书都有它独特的故事，整理的时候还找到了好多小时候喜欢的书籍，真好。,0.0,0.0,1.0,0.0,0.0,0.0
被一部电视剧虐到不行，特别是那个男主的角色，虽然不完美，但每次他的挣扎和努力都会让我感同身受。真希望他能有一个美好的结局。,0.0,0.0,1.0,0.0,0.0,0.0
跟朋友一起去看了展览，感觉每一幅画都有一种讲不清的情感，回家后我还一直在回想那种氛围。真的很喜欢那种能触动心灵的艺术。,0.0,0.0,1.0,0.0,0.0,0.0
今天在外面散步，遇到了一只特别可爱的狗狗。它跑过来蹭我的腿，瞬间心情变得特别好。生活中的小幸运就是这么简单吧。,0.1,0.0,1.0,0.0,0.0,0.0
最近有点疲惫，工作压力有点大。想着应该安排一下自己的时间，多做些自己喜欢的事，比如读书、画画、做饭。,0.06,0.0,0.38,0.35,0.33,0.0
真的是好久没去电影院了。今天突然决定去看一部温馨的电影，虽然剧情简单，但看完后心里暖暖的。以后我得多去影院放松一下。,0.0,0.0,1.0,0.0,0.0,0.0
今天在路上看到一对老夫妻牵手走过，突然觉得有点温暖。希望自己也能找到那个人，不论岁月如何流转，都能陪伴在一起。,0.0,0.0,1.0,0.0,0.0,0.0
听到一首歌，突然就很想回到大学时候的日子。那时候没有那么多烦恼，每天只要有朋友在一起，什么都不重要。,0.07,0.0,0.48,0.0,0.38,0.0
今天做了个简单的菜，没想到味道还不错。偶尔自己动手做点饭，虽然不会太复杂，但也能感受到做饭时的成就感。,0.0,0.0,1.0,0.0,0.0,0.0
在朋友圈看到好多人分享的旅行照片，真的好想去走一走，看看不同的风景。也许今年年底我能安排一次旅行，去放松放松。,0.0,0.0,0.89,0.0,0.0,0.0
早上去跑步时，看到天边的云彩染成了粉色，觉得今天一定是个好日子。每次运动后都觉得身心都很放松，真心希望自己能坚持。,0.0,0.0,1.0,0.0,0.0,0.0
最近在家做手工，虽然做得不完美，但每次完成一项，都会有一种满足感。手工真的好治愈啊。,0.0,0.0,1.0,0.0,0.0,0.0
有时候觉得自己挺矛盾的，一方面希望别人都开心，另一方面又很害怕自己做不到。希望可以更勇敢一点，去尝试更多新事物。,0.05,0.12,0.44,0.06,0.35,0.0
最近在整理房间，发现好多过期的票根和明信片，想着这些小东西承载着曾经的回忆。感觉生活中的点滴都值得珍藏。,0.0,0.0,0.8,0.0,0.26,0.0
最近工作有点忙，每天都觉得时间过得很快。希望能够找到一个平衡点，不让自己太累，同时也能享受生活中的小确幸。,0.0,0.0,0.89,0.09,0.0,0.0
一直觉得自己对新事物有些排斥，但最近发现尝试一些新的事物也能带来不小的收获。也许自己该放开一点，去迎接不一样的世界。,0.0,0.0,0.81,0.12,0.06,0.0
今天看了一个特别感人的短片，讲的是亲情和爱。每次看到这种题材，都会感动到流泪。人世间最温暖的，还是亲人的陪伴。,0.0,0.0,0.88,0.0,0.06,0.0
今天突然想起小时候和妈妈一起做手工的时光，那时候每做完一个小物件，都会特别开心。现在也想重新开始做手工了。,0.0,0.0,0.92,0.0,0.0,0.0
看完一部治愈系的电影，感觉好久没有这么轻松过了。其实我们每个人都需要这样的一部电影，给自己一些安慰。,0.0,0.0,0.84,0.08,0.1,0.0
最近特别喜欢在晚上泡一杯茶，看着窗外的夜景，静静地享受那一份属于自己的宁静时光。,0.0,0.0,0.84,0.2,0.0,0.0
终于决定去报名瑜伽课了，希望自己能从中找到更多的平衡感，锻炼身体的同时也放松心情。,0.0,0.0,0.89,0.08,0.11,0.0
昨天收到了一封久违的信，里面是朋友写给我的一封长信，里面全是祝福和鼓励。真的是一份温暖的礼物。,0.0,0.0,1.0,0.0,0.0,0.0
有时候觉得生活太过忙碌，能找到一个片刻的宁静就已经很难得。今天傍晚去公园走了一圈，感觉自己的内心都平静下来了。,0.0,0.0,0.63,0.13,0.26,0.0
看着街角的咖啡馆里有人聚在一起，突然觉得，生活中真的有很多值得珍惜的小事，不一定非要去做什么大事。,0.0,0.0,0.74,0.0,0.23,0.0
跟朋友约了一个下午去逛街，虽然只逛了一些小店，但觉得非常开心。和喜欢的人一起度过的时光，总是那么美好。,0.08,0.0,1.0,0.0,0.0,0.0
一边整理书架，一边发现了好多尘封的老书，那些书曾经是我成长的陪伴。重新翻开，仿佛又回到了那个年纪。,0.0,0.0,0.43,0.0,0.6,0.06
最近在做一些简单的瑜伽动作，虽然不太熟练，但每次做完都有一种轻松的感觉，觉得自己又变得更健康了。,0.0,0.0,0.92,0.1,0.0,0.0
今天特意去参加了一个手作小集市，看到很多很有创意的手工艺品。感觉这类活动特别能激发自己的灵感，也能放松心情。,0.0,0.0,0.82,0.23,0.0,0.0
最近开始学做简单的甜点，虽然有些失败，但看到自己努力过后的成果，真的挺开心的。希望下次能做得更好。,0.08,0.0,1.0,0.0,0.0,0.0
今天去公园走了一圈，发现春天已经悄悄来临，花儿开始绽放，树叶也变得绿了，感觉生活的节奏也变得更慢了。,0.0,0.0,0.59,0.25,0.27,0.06
朋友送了我一套拼图，看到它的设计真是太美了。坐下来慢慢拼，居然能找到一种安静的满足感。,0.0,0.0,0.97,0.0,0.0,0.23
看了一部温馨的电影，虽然结局有点伤感，但依然觉得有些细节让我非常感动。每一次看电影，都会让我对生活有更多的感悟。,0.0,0.0,0.98,0.0,0.0,0.0
一直想要做的事终于开始了，就是开始每天抽空写点日记，记录下每天的点滴。希望这能帮我更好地整理自己的思绪。,0.0,0.0,0.9,0.0,0.06,0.0
最近看了一本书，讲的是如何放慢生活节奏，享受每一刻。读完之后，我决定给自己更多的时间，去感受当下的美好。,0.0,0.0,0.78,0.25,0.0,0.0
今天去市场买了点新鲜的蔬菜和水果，看到它们就觉得好满足。生活中的一些小细节，竟然能带来这么大的快乐。,0.0,0.0,0.91,0.0,0.0,0.2
朋友送我了一盆小植物，每天都会给它浇水，看着它一点点长大，心里就特别满足。希望它能茁壮成长。,0.0,0.0,1.0,0.0,0.0,0.0
终于开始了我期待已久的健身计划，虽然只是简单的开始，但我相信只要坚持下去，身体一定会越来越好。,0.0,0.0,1.0,0.0,0.0,0.0
每次做饭的时候都会想着妈妈的味道，尽管做得不完美，但每次吃到自己做的饭，都会觉得很满足。,0.0,0.0,0.99,0.0,0.06,0.0
最近又开始在网上学习一些新的技能，虽然不太自信，但我相信只要坚持，自己一定能做到。,0.0,0.0,0.9,0.09,0.0,0.0
今天在路上遇到一位老人，他跟我微笑着打招呼，虽然只是短短的一瞬间，却让我觉得很温暖。生活中真的有很多温馨的瞬间。,0.07,0.0,1.0,0.0,0.0,0.0
最近每天坚持做一些简单的冥想，感觉自己的内心越来越平静，工作和生活的压力也能更好地应对了。,0.0,0.0,0.81,0.16,0.07,0.0
今天看到了一篇特别有意思的文章，讲的是如何在忙碌的生活中找到自己的平衡。看完后，我觉得自己应该尝试一下。,0.0,0.0,0.57,0.37,0.0,0.0
看完一本很感人的小说，书中的人物让我反思了很多，也让我重新审视自己的生活态度。希望自己能做得更好。,0.0,0.0,0.99,0.0,0.0,0.0
最近决定每天早起做点瑜伽，虽然很简单，但能让身体和心灵都得到放松。也许这才是我需要的生活方式。,0.0,0.0,0.76,0.22,0.0,0.07
在工作中遇到了一些困难，但我相信只要保持耐心和信念，总能找到解决的方法。希望自己能更坚强一点。,0.0,0.07,0.96,0.06,0.0,0.0
