posts,angry,fear,happy,neutral,sad,surprise
今天去整理了家里的书架，发现好多小时候看的书，突然好怀念那时候的自己。生活的节奏越来越快，心里总有种想要放慢的感觉。#小确幸# #简单生活#,0.0,0.05,0.81,0.0,0.16,0.1
早上喝了一杯温暖的绿茶，阳光透过窗帘洒进来，感觉这一刻是属于自己的。生活有时就是这么简单美好，珍惜这些日常的小幸福。#阳光心情#,0.0,0.0,1.0,0.0,0.0,0.0
今天和小路一起去逛了街，她买了一些特别的饰品，送给我一对耳环，超喜欢！她总是那么细心，感恩每一个温暖的瞬间。#友情的力量#,0.0,0.0,1.0,0.0,0.0,0.0
最近学会了自己做简易的早餐，蛋饼和水果沙拉，吃起来既健康又美味。生活就是要对自己好一点，慢慢享受每一天的早餐时光。#健康饮食# #早安#,0.0,0.0,0.89,0.11,0.0,0.05
看着家里一角的植物，它们悄悄地长大，每一片新叶子都让我感到欣慰。生活的美好往往藏在这些细微的变化中，值得珍惜。#植物疗愈# #小小的幸福#,0.07,0.0,1.0,0.0,0.0,0.0
跟小路聊起了未来，我们谈了很多关于梦想和未来的计划，虽然还不确定，但有她在身边，什么都不怕。#同行是最美的风景#,0.0,0.16,1.0,0.0,0.0,0.0
最近有点感冒，休息了几天，发现其实有时健康才是最重要的。平时太忙碌了，忘记照顾自己，提醒大家多注意休息哦。#保重身体#,0.0,0.0,0.73,0.12,0.21,0.0
今天整理了家里的照片墙，看到很多过去的回忆，感到满满的温暖。时间过得真快，每一个过去的瞬间都是珍贵的。#时光荏苒#,0.0,0.0,0.95,0.0,0.07,0.0
晚上和朋友们聚餐，大家聊得很开心，感觉自己好幸运，能和这么多关心我的人一起度过美好的时光。#珍惜每一刻#,0.0,0.0,1.0,0.0,0.0,0.0
每次看到朋友们的生活分享，心里总是默默为他们加油。每个人都在努力过好自己的生活，我也想更加努力前行。#奋斗与成长#,0.0,0.0,1.0,0.0,0.0,0.0
今天收到了小路送的生日礼物，竟然是我一直想要的手工香皂，真的太感动了。她总能在细节中展现她的爱心。#感动的瞬间#,0.0,0.05,0.94,0.0,0.0,0.16
最近在看一本关于亲情的书，书中的故事让我想到自己和家人的关系，心里暖暖的。珍惜身边的人，爱要及时表达。#亲情# #感恩#,0.0,0.0,1.0,0.0,0.0,0.0
昨天整理了一下自己的小角落，感觉每个角落都充满了生活的气息。简单的小物件，带来无穷的温暖。#我的小空间# #简单幸福#,0.0,0.0,0.95,0.07,0.0,0.08
不知道什么时候开始喜欢上了周末的早晨，阳光透过窗户照进来，静静地喝着茶，享受这份安宁。#周末时光#,0.0,0.0,0.87,0.06,0.0,0.07
今天在外面散步，看到一对老夫妇牵着手，慢慢走着，突然觉得这种安静的陪伴真的很珍贵。希望每个人都能拥有这样的温暖。#爱情的模样#,0.0,0.0,0.99,0.0,0.0,0.07
最近做了一些简单的手工艺品，虽然不完美，但每一件都融入了我的心意。生活不必完美，但要有爱。#手工时光#,0.0,0.0,0.97,0.0,0.0,0.0
最近天气有些变化，忽冷忽热，出门记得带件外套，别让自己着凉了。照顾好自己，生活才会更加美好。#季节变换#,0.0,0.0,0.63,0.25,0.13,0.0
昨晚梦到小时候的家，家里的一切都很熟悉，醒来时心里有些许的失落和温暖。时光飞逝，许多事物都变了，但回忆永远在心。#怀念#,0.0,0.12,0.35,0.0,0.71,0.0
看到一些朋友在谈论自己的困惑，心里忍不住想给他们一些安慰。其实，生活中的不如意总会有，但只要坚持，总会迎来阳光。#鼓励#,0.0,0.0,1.0,0.0,0.0,0.0
今天和朋友们一起去看了场电影，感觉自己很久没有这样放松了。偶尔放慢脚步，给自己一点空间，真好。#电影时光#,0.0,0.0,1.0,0.0,0.0,0.0
跟小路聊了好多心事，真心觉得有她在身边很安心。她总能耐心倾听我的想法，支持我做任何决定。#朋友的力量#,0.0,0.0,1.0,0.0,0.0,0.0
听到朋友说自己最近很累，我感到心疼。生活有时真的很重，我们要学会分担和照顾自己。#关心#,0.0,0.13,0.18,0.13,0.74,0.0
今天终于清理了很久没动过的抽屉，发现了好多以前的小物件，竟然有种不可思议的怀旧感。每一件小东西都有它的故事。#整理时光#,0.0,0.07,0.81,0.0,0.09,0.23
最近觉得生活变得有点忙碌，但还是希望能找到一些安静的时间，给自己放个假，哪怕只是一天。#给自己放个假#,0.0,0.0,0.67,0.07,0.22,0.0
早晨的咖啡，简简单单，和一小片蛋糕一起，给我带来了一天的能量。美好的开始，感恩每个清晨。#早安咖啡#,0.0,0.0,1.0,0.0,0.0,0.0
最近的天气真是难以捉摸，一会儿下雨一会儿晴，希望大家都能保暖，小心感冒哦。#天气变幻#,0.05,0.2,0.24,0.29,0.23,0.06
今天做了一些小改变，重新布置了家里的小书房。生活中的小小变化，总能带来不一样的感觉。#家居小改变#,0.0,0.0,0.7,0.33,0.05,0.14
有时会觉得自己变得越来越安静了，也许是生活在一点一点变得更稳定的时候吧。慢慢地，我开始学会享受这些宁静。#内心安静#,0.0,0.0,0.82,0.15,0.0,0.0
最近在回顾自己过去的一些决定，发现有些事情做得很好，有些却是失误。但这些都让我成长，谢谢过去的自己。#反思成长#,0.0,0.11,0.92,0.0,0.07,0.0
今天读到一句话：“爱是理解，是陪伴。”突然觉得，自己有时候也要更加用心去理解身边的人。#理解与陪伴#,0.0,0.0,0.81,0.12,0.08,0.0
朋友邀请我一起去参加聚会，但我还是选择待在家里，享受片刻的安宁。每个人都有不同的生活方式，我喜欢安静的自己。#自我时光#,0.0,0.0,0.85,0.15,0.0,0.09
最近给自己定了一个小目标，就是每天给自己做一点喜欢的事情。生活变得不再那么忙碌，也可以给自己一些温暖。#温暖的自己#,0.07,0.0,0.93,0.0,0.0,0.0
今天和小路一起收拾家务，虽然有点累，但看着整洁的家，心里满满的成就感。生活中的小事情，也能带来很大的满足感。#整理收纳#,0.0,0.0,1.0,0.0,0.0,0.0
今天和朋友们聊了很多以前的回忆，感觉那段时光是那么的纯真简单。人生最美好的时光，也许就是那个无忧无虑的年纪。#往事如烟#,0.07,0.0,0.79,0.0,0.18,0.05
今天去超市买菜，碰到一个老人，和我分享了她的一些人生经验，突然觉得自己也该更勇敢去面对生活的挑战。#人生智慧#,0.0,0.05,0.96,0.05,0.0,0.0
晚上一个人坐在阳台上，看着星空，突然觉得一切都那么安静美好。生活需要这样的时刻，让心灵得到片刻的宁静。#夜空#,0.0,0.0,0.88,0.09,0.0,0.07
最近有朋友提到“人生无常”，我突然有些感慨。确实，生活中的每一天都不容忽视，我们要好好珍惜每个当下。#珍惜当下#,0.0,0.0,0.7,0.16,0.11,0.0
小路送给我一束花，花开的很美。生活有时需要一些鲜花来点缀，让我们记得放慢脚步，享受眼前的美好。#鲜花#,0.0,0.0,1.0,0.0,0.0,0.0
今天去公园散步，看到孩子们在草地上玩耍，心里有种温暖的感觉。生活中最幸福的事情，或许就是这些无忧无虑的笑脸。#温馨时光#,0.08,0.0,1.0,0.0,0.0,0.0
每天做一些小小的好事，无论是帮别人还是给自己一个微笑，都是生活中的小幸运。#好心情#,0.06,0.0,1.0,0.0,0.0,0.0
最近学习了新的兴趣爱好，觉得人生的可能性真是无穷无尽。总是给自己一些新的挑战，才能不断进步。#新尝试#,0.0,0.0,1.0,0.0,0.0,0.0
今天收到一封久违的信，打开的时候，竟然还是那么温暖。感谢那些关心自己的人，真的让人感动。#久别重逢#,0.0,0.0,0.89,0.0,0.08,0.11
今天在商场看到一件很喜欢的衣服，但因为预算有限，决定暂时不买。其实有时，不买也能让心情保持一种清新。#消费理性#,0.07,0.0,0.66,0.25,0.14,0.06
最近有些事情让自己感到迷茫，但每当想起小路的笑容，心里就能恢复一些力量。无论生活多难，都有支持自己的人。#感恩的心#,0.0,0.09,1.0,0.0,0.0,0.0
小路和我讨论了一些未来的计划，尽管前路不明，但只要我们一起走，就有勇气面对一切。#共同行走#,0.0,0.0,0.86,0.15,0.0,0.0
每次做完一顿晚餐，看着满桌的菜肴，总能得到一份小小的满足。生活中的简单事物，带给我无限的快乐。#家庭晚餐#,0.0,0.0,1.0,0.0,0.0,0.0
今天突然发现自己已经有很长时间没有好好休息了，决定给自己放个假，什么都不做，享受片刻的宁静。#休息时间#,0.09,0.0,0.41,0.17,0.36,0.1
跟朋友聊到人生的意义，我们都同意：活得开心，做自己喜欢的事，就是最大的意义。#人生意义#,0.0,0.0,0.78,0.2,0.0,0.1
最近常常想，生活并不一定要轰轰烈烈，平平淡淡也许是最好的状态。#简单生活#,0.0,0.0,0.67,0.28,0.1,0.08
晚上和家人一起看电视，一起吃零食，笑声不断，感到无比幸福。这些平凡的时刻，就是生活最美好的部分。#家庭时光#,0.0,0.0,1.0,0.0,0.0,0.06
