posts,angry,fear,happy,neutral,sad,surprise
今天终于有了点时间自己喝杯热茶，想起这几天的忙碌，好像从来没有安静下来过。感谢生活中小小的温暖，家人的陪伴，真是每天的动力啊。,0.0,0.0,1.0,0.0,0.0,0.0
感觉自己已经好久没有完全休息过了，照顾家人真的比什么都辛苦，但看到孩子们开心的笑容，所有的疲惫都消失了。,0.1,0.0,0.68,0.0,0.45,0.0
最近特别想把家里布置得更温馨一点，小小的花草，温暖的灯光，给每个角落都加点色彩。真希望可以多一些这样宁静的时光。,0.0,0.0,0.99,0.0,0.0,0.0
每次看到孩子乖乖的睡着，心里都是满满的幸福感。感觉他们的每一步成长，都是我最骄傲的时刻。,0.0,0.0,1.0,0.0,0.0,0.0
今天做了很多家务，虽然累，但一想到能让家人过得更好，心里就特别满足。生活中最幸福的就是给家人做点小事。,0.06,0.0,1.0,0.0,0.0,0.0
每天晚上看到孩子们睡得香甜，我才终于有一点喘息的时间，真希望能停下时间，享受这些美好的瞬间。,0.0,0.0,1.0,0.0,0.0,0.0
记得小时候总觉得家里什么都能依赖爸爸妈妈，现在才明白做父母的辛苦和不易。感谢父母，也感谢自己能成为一个母亲。,0.0,0.0,0.78,0.0,0.19,0.0
最近特别想带着孩子们去公园走一走，看看那片绿绿的草地和远处的蓝天，感觉生活需要更多这样的简单与自然。,0.0,0.0,0.91,0.0,0.06,0.0
有时候在做家务时，突然意识到自己已经做了这么多年的妈妈，觉得自己真的变得很坚强。每个妈妈都是无名英雄。,0.0,0.0,0.83,0.0,0.18,0.0
最近买了几本书，准备在忙碌中偷得片刻闲暇，静下心来读一读。生活中的小确幸就是这样，找到平衡和安宁。,0.0,0.0,0.91,0.13,0.0,0.0
每天忙碌中偶尔也会觉得孤单，但一想到家人们都在身边，心里就充满了温暖和力量。,0.0,0.0,1.0,0.0,0.0,0.0
好久没有去看电影了，觉得有点空虚，想和朋友们一起出去轻松一下，聊聊心事，放松一下。,0.08,0.0,0.28,0.15,0.67,0.0
孩子今天学会了自己穿鞋子，看到他一步步成长，真的很有成就感。做妈妈的心情有时候就像在看着一朵花从泥土中悄悄绽放。,0.05,0.0,1.0,0.0,0.0,0.0
每天看着家人吃得开心、过得舒适，觉得所有的辛苦都是值得的。生活虽然平凡，但有了这些，心里就足够温暖。,0.0,0.0,1.0,0.0,0.0,0.0
看见爸爸妈妈有时候也会觉得他们老了，心里特别不舍。希望能多陪陪他们，给他们一些温暖和关怀。,0.0,0.08,0.41,0.09,0.55,0.0
每次做好一顿饭，看到大家围坐一起吃饭，心里真的很满足。家人的笑容是我最大的动力。,0.0,0.0,1.0,0.0,0.0,0.0
有时候会感到很累，但每当看到孩子们的小手拉着我走，我就觉得这一切都是值得的。,0.0,0.0,0.93,0.0,0.15,0.0
今天做了一道新菜，大家都说好吃，真心觉得做饭也有了成就感，能用自己的手为家人做些美味的东西，真的很幸福。,0.06,0.0,1.0,0.0,0.0,0.0
忙碌的工作和家务让人感到疲惫，但每晚和家人一起聊天，看着他们开心的模样，一切疲惫都消散了。,0.0,0.0,0.62,0.16,0.41,0.0
最近心情有些低落，但还是每天做做家务，照顾孩子，慢慢找回了一些安定感。家庭真的给了我很大的力量。,0.0,0.0,0.98,0.0,0.0,0.0
孩子们今天做了个小手工，我帮着剪了纸，画了图，虽然乱七八糟，但看着他们满脸笑容，心里暖暖的。,0.0,0.0,1.0,0.0,0.0,0.0
最近越来越喜欢周末在家做一些小手工，和孩子们一起做的这些小事，感觉特别有意义。,0.08,0.0,0.96,0.0,0.0,0.0
每次自己做了家务，看到家里整洁又温馨，心里都会有一种自豪感。觉得一切都变得美好。,0.0,0.0,1.0,0.0,0.0,0.0
看着家里每个角落都干净整洁，心里有一种说不出的满足。照顾家人，就是这样的小事，慢慢积累的幸福。,0.0,0.0,1.0,0.0,0.0,0.0
想给自己找点时间去散步，走在街上，看着繁忙的生活，突然觉得自己也需要慢下来，给自己一份宁静。,0.0,0.0,0.57,0.16,0.32,0.0
每天陪伴家人的时间都很宝贵，尤其是孩子们的笑脸，真的能治愈所有的疲惫。这个世界有时候就需要这么多简单的幸福。,0.0,0.0,1.0,0.0,0.0,0.0
作为母亲，很多时候都是默默付出，不求回报，但每当看到孩子们健康快乐的成长，就觉得这一切都值得。,0.0,0.0,1.0,0.0,0.0,0.0
最近在家做了一些清理工作，给每个房间都换了点小装饰。看着干净温馨的家，心情也变得更好了。,0.0,0.0,0.99,0.06,0.0,0.0
一个人静静地喝茶，听着窗外的雨声，忽然觉得生活其实并不复杂，拥有家人、朋友的陪伴，一切都足够美好。,0.05,0.0,0.98,0.0,0.0,0.0
每天晚上都希望能早一点休息，但每当看到孩子们熟睡的模样，心里总是充满了感恩与爱。,0.0,0.0,0.97,0.0,0.0,0.0
最近好久没去参加聚会了，只想和家人在一起，静静地过日子。也许这就是最适合我的生活方式。,0.0,0.0,0.82,0.14,0.11,0.06
最近心情不太好，但一想到家人的支持和陪伴，感觉一切都会变好。生活中的温暖总会给我们带来力量。,0.05,0.0,1.0,0.0,0.0,0.0
有时候觉得自己像个无名英雄，默默照顾家人，照顾生活的一切，但看到大家的笑脸，就觉得所有的付出都值得。,0.0,0.0,0.91,0.0,0.13,0.0
每天照顾家人，生活中有很多琐事，但每当看到孩子们开心的样子，所有的疲惫都会消失。,0.0,0.0,0.62,0.16,0.39,0.0
最近终于开始整理家里的衣柜了，整理了好久，终于有了些成就感。做点小事也能让自己有满足感。,0.0,0.0,1.0,0.0,0.0,0.0
喜欢和家人一起做些简单的事情，比如一起做饭、看电视、聊天，觉得这种平凡的日子才是最珍贵的。,0.0,0.0,0.94,0.1,0.0,0.0
每天的生活虽然有些平淡，但每个日子里都会有些小惊喜。无论是家人的一声问候，还是孩子的一句“妈妈我爱你”。,0.0,0.0,0.94,0.0,0.0,0.0
生活真的很简单，只要有家人陪伴，什么烦恼都能忘记。每一天都充满了小小的幸福。,0.0,0.0,1.0,0.0,0.0,0.0
生活中的小事让人特别温暖，尤其是孩子们突然给我一个大大的拥抱，那一刻，觉得世界上所有的幸福都属于我。,0.09,0.0,1.0,0.0,0.0,0.0
现在才明白，照顾家人其实是一件幸福的事情。虽然有时会累，但看到他们幸福，心里就特别满足。,0.0,0.0,0.98,0.0,0.0,0.0
想起小时候，妈妈总是在家里给我做饭、给我讲故事，今天才知道这些小事是多么温暖。现在我也在为孩子们做着同样的事。,0.0,0.0,0.94,0.0,0.08,0.0
最近越来越珍惜每个和家人一起的瞬间，尤其是周末在家和孩子们玩耍的时光，简简单单，却无比珍贵。,0.0,0.0,0.92,0.0,0.0,0.0
每天的生活虽不复杂，但每一次和家人一起享受的时光都让我充满感恩。生活原来可以如此温暖。,0.0,0.0,1.0,0.0,0.0,0.05
有时候也会感到疲惫，但看到家人笑着吃饭、一起看电视，我知道，这就是我最幸福的时刻。,0.0,0.0,1.0,0.0,0.0,0.0
每当晚上躺下，孩子们在旁边睡着，突然觉得这一切的付出都不再重要，因为看到他们快乐成长，就是最好的回报。,0.0,0.0,1.0,0.0,0.0,0.0
生活中总有很多不如意的时候，但我知道，只有和家人在一起，才能找到最坚实的依靠。,0.0,0.0,0.81,0.07,0.16,0.0
最近整理了一下孩子们的旧衣服，想着他们长大了，心里满是感慨。成长的每一步都如此珍贵。,0.0,0.0,0.87,0.0,0.1,0.0
今天终于把家里整理得井井有条，看到一切都整洁清爽，心里觉得特别满足。生活的幸福就在这些小事里。,0.0,0.0,1.0,0.0,0.0,0.0
孩子今天又学会了一点新技能，作为母亲看到这一刻，心里充满了骄傲和喜悦，真的是每一步成长都值得庆祝。,0.0,0.0,1.0,0.0,0.0,0.0
家里最温暖的地方，不是客厅，不是厨房，而是孩子们的笑声。听着他们玩耍，心里充满了爱与幸福。,0.07,0.0,1.0,0.0,0.0,0.0
