posts,angry,fear,happy,neutral,sad,surprise
今天整理了一下书架，找到很多小时候读过的书，忍不住翻了几页。每一次翻阅都像回到了那个无忧无虑的时光。也许，最美好的回忆就是那些简单却温暖的日子。,0.0,0.0,0.92,0.0,0.11,0.0
最近在忙着准备考试，有时候会觉得有些焦虑，但想到自己的目标，我又觉得一切都是值得的。一步一步走，慢慢坚持，最终一定能达到自己想要的地方。,0.0,0.05,0.96,0.0,0.0,0.0
今天和朋友一起去散步，偶然看到一只小猫咪在晒太阳，心里不禁想，生活中其实有很多美好的小事值得我们去发现。希望大家都能停下脚步，看看身边的美好。,0.06,0.0,0.93,0.0,0.0,0.0
最近在努力减肥，每天都坚持运动，虽然过程很艰辛，但每次看到自己一点一点变得更健康，心里都特别有成就感。健康才是最重要的。,0.0,0.0,1.0,0.0,0.0,0.0
最近重新拾起了做手工的爱好，做了一个小小的布艺玩偶，虽然做得不完美，但看到自己的作品还是觉得很有成就感。手工带给我的不仅是快乐，还有一种安宁的感觉。,0.0,0.0,1.0,0.0,0.0,0.0
今天和妈妈一起做了红烧肉，虽然做得不算完美，但看到妈妈开心的样子，我觉得这顿饭就是最温暖的礼物。感谢妈妈的陪伴，生活因她而更加美好。,0.1,0.0,1.0,0.0,0.0,0.0
刚刚收到了家人寄来的包裹，里面有一些我喜欢的小零食和温暖的问候。虽然身处不同地方，但这份关怀让我感到无比温暖。希望大家也能感受到来自家人的爱。,0.05,0.0,0.98,0.0,0.0,0.0
最近一直在忙工作，有时觉得有点累，想要给自己放个假。每个人都需要休息的时间，才能以更好的状态去面对生活。希望能早日找到属于自己的节奏。,0.0,0.0,0.74,0.06,0.18,0.0
今天去参加了一个朋友的生日聚会，虽然很简单，但大家围坐在一起，聊天、笑着，真的很开心。最珍贵的不是礼物，而是这份真诚的友情。,0.0,0.0,1.0,0.0,0.0,0.0
最近工作上压力有些大，但想到自己可以不断学习和进步，心里又充满了动力。希望自己能一直保持这份坚持，最终收获到自己的成果。,0.07,0.0,0.99,0.0,0.0,0.0
每天都要做点小事来让自己开心，比如泡一杯茶，听一首喜欢的歌。生活的美好不一定是大的惊喜，更多的是那些温暖的小瞬间。,0.05,0.0,0.99,0.0,0.0,0.0
最近开始关注一些健康饮食的书籍，学习如何让自己吃得更健康。每个人的身体都是宝贵的，照顾好自己，才能有更多的力量去关心别人。,0.0,0.0,0.71,0.26,0.0,0.0
昨天去超市买了些水果，打算做个水果沙拉，觉得自己做的东西比外面买的更加新鲜和美味。生活中，自己动手做的食物，才最有味道。,0.0,0.0,0.85,0.13,0.07,0.0
今天读到一句话：“不管遇到什么困难，都要坚持下去。”我也会用这句话提醒自己，生活从来不容易，但只要坚持，最终会看到希望的光芒。,0.0,0.0,0.91,0.1,0.0,0.0
最近很喜欢在家做饭，尝试了几道新菜。虽然偶尔失败，但每次看到家人吃得津津有味，心里都觉得特别有成就感。做饭，也是一种爱的表达。,0.0,0.0,1.0,0.0,0.0,0.0
昨天去了朋友家，看到她精心布置的家，感觉特别温馨。家，真的是一个充满爱的地方，希望我的家也能像她的那样，温暖而舒适。,0.07,0.0,1.0,0.0,0.0,0.0
最近总是感觉工作压力有点大，但想想身边的人，大家都在默默努力，我也要坚持下去。相信自己，肯定能战胜眼前的困难。,0.0,0.09,0.98,0.0,0.0,0.0
最近听了一些治愈系的音乐，感觉特别放松。音乐真的很神奇，能瞬间改变心情。希望大家也能找到自己喜欢的音乐，享受那些宁静的时光。,0.0,0.0,0.91,0.17,0.0,0.0
每当遇到困难的时候，总觉得自己好像无力改变什么。但想到每一个小小的努力，都会积累成大大的改变。我会继续努力，坚持走下去。,0.0,0.0,0.91,0.0,0.0,0.0
今天看了一部电影，讲述了一些温馨的家庭故事。虽然简单，却给我带来了很多思考。家庭，真的是每个人的避风港，也是我们心灵的栖息地。,0.0,0.0,0.84,0.22,0.0,0.0
最近爱上了晚上喝一杯温暖的牛奶，感觉整个人都放松了。每天这样简单的小仪式，真的能让我在忙碌的一天后，找到片刻的安宁。,0.0,0.0,1.0,0.06,0.0,0.0
今天去走了一趟公园，看到很多人放风筝，心里感到一阵轻松。生活真的不需要太复杂，简单的快乐就在身边。希望大家都能找到属于自己的那份宁静。,0.05,0.0,1.0,0.0,0.0,0.0
最近我每天都会记下一些小小的心情，或许这些记录看起来微不足道，但它们记录了我生活中的点滴。未来的某一天再翻看，或许会感到一份特别的温暖。,0.07,0.0,0.96,0.08,0.0,0.0
每次回家，都会觉得一种无与伦比的温暖。家，才是最能够让人放松的地方。无论外面的世界多么复杂，只有家才会让你觉得最安全、最安心。,0.0,0.0,0.96,0.12,0.0,0.0
最近有些不开心，但我知道这些都是生活的一部分。生活中的起起落落，才会让我更加珍惜每一个平凡却温暖的瞬间。,0.0,0.0,0.86,0.0,0.17,0.0
最近忙着为家庭做一些安排，感觉自己在承担更多的责任。虽然有些疲惫，但看到家人都过得很好，心里就充满了满足感。家庭的幸福，是我最大的动力。,0.06,0.0,1.0,0.0,0.0,0.0
每天都想着能给家人做点什么，虽然是一些小事，但每次看到他们的笑容，我觉得一切都是值得的。生活就是这样，充满了爱和温暖。,0.06,0.0,1.0,0.0,0.0,0.0
最近在整理自己的衣柜，发现了好多不常穿的衣服。决定把它们捐出去，给那些需要的人。希望这些小小的行动，能够为别人带去一点温暖。,0.0,0.05,0.83,0.0,0.09,0.0
最近学会了做一些简单的手工艺品，虽然做得不太好，但每次完成后都很有成就感。做一些手工，能够让我感到内心的宁静与满足。,0.0,0.0,0.97,0.11,0.0,0.0
今天去和朋友们一起聚餐，聊了很多生活中的小事。虽然不是什么大话题，但这些小小的对话和分享，让我觉得生活是那么美好。,0.0,0.0,0.99,0.0,0.0,0.0
今天和家人一起整理了家里的花园，看到花草树木渐渐长大，心里有种莫名的满足感。家，不仅仅是一个地方，更是一份温暖和安定的感觉。,0.0,0.0,1.0,0.0,0.0,0.0
最近我总在想，生活中的许多烦恼，是否真的那么重要？回头一看，其实很多问题都可以轻松放下。希望自己能更多地关注那些真正值得的事物。,0.0,0.0,0.67,0.07,0.13,0.07
今天在厨房试着做了一道新菜，虽然做得不完美，但尝试的过程真的很有意思。希望自己能在未来的日子里，做更多自己喜欢的事情，享受生活的美好。,0.11,0.0,1.0,0.0,0.0,0.0
最近和朋友们讨论了很多未来的计划，大家都在努力追求各自的梦想。虽然每个人的梦想不同，但我相信，只要坚持，就一定能达到自己的目标。,0.0,0.0,0.86,0.13,0.0,0.0
每天晚上都喜欢泡一杯茶，静静地享受这份安宁的时光。没有什么比放松自己，给自己一些空间更重要。希望大家也能找到适合自己的放松方式。,0.0,0.0,0.77,0.26,0.0,0.0
最近在看一些自我成长的书籍，发现很多道理其实都很简单。生活中，我们常常被复杂的事物困扰，但其实最重要的，还是平静和真诚。,0.0,0.0,0.78,0.29,0.0,0.0
今天去参加了一个志愿活动，给孩子们带去了一些学习用品。虽然活动很简单，但看到孩子们的笑容，我觉得这才是最值得做的事情。,0.0,0.0,0.98,0.0,0.0,0.0
最近开始做一些瑜伽，虽然一开始感觉很难，但每次完成后，心里都会有一种舒适感。运动不仅能锻炼身体，还能让自己更加平静。,0.0,0.0,0.81,0.3,0.0,0.0
今天在家里整理了一些旧照片，看到小时候的自己，忍不住笑了。每个阶段的自己都很可爱，无论如何，都要珍惜现在的时光。,0.06,0.0,1.0,0.0,0.0,0.0
最近觉得生活中的小确幸非常重要。也许我们无法掌控大多数事情，但能在平凡的日常里，找到快乐和满足，才是最真实的幸福。,0.0,0.0,0.97,0.0,0.0,0.0
今天去看了场电影，感动得不行。虽然只是一个简单的故事，但它让我想起了许多人生中的重要时刻。希望自己能珍惜每一个平凡却珍贵的日子。,0.0,0.0,0.96,0.0,0.0,0.0
最近有些想念家乡的味道，每次想起家里做的饭菜，心里都特别温暖。也许生活的美好，就是这样简单的细节。,0.0,0.0,0.94,0.0,0.11,0.0
最近在看一些关于如何管理情绪的书籍。情绪管理真的很重要，能帮助我们更好地面对生活中的各种挑战。希望自己能做到更好。,0.0,0.0,0.84,0.13,0.0,0.0
今天和朋友一起聊起了过去的事，回忆起那些曾经的开心时光。虽然时光已经流逝，但那些记忆依然温暖着我的心。,0.0,0.0,0.94,0.0,0.13,0.0
每当遇到挫折时，总会想起自己曾经坚持过的那些事情。生活虽然充满挑战，但我相信自己能跨越一个又一个难关。,0.0,0.09,0.9,0.0,0.0,0.0
今天在外面走了一圈，看到许多人在忙碌。虽然每个人的生活都很不容易，但我们都在努力，让自己过得更好。希望大家都能坚持自己的理想。,0.08,0.0,0.92,0.0,0.0,0.0
最近在学一些新的技能，虽然一开始有些吃力，但我相信只要坚持，就一定能掌握。生活本就是不断学习和进步的过程。,0.0,0.0,0.92,0.13,0.0,0.0
最近开始重新调整自己的作息时间，希望能够早睡早起，养成更健康的生活习惯。每一天的开始，都是全新的机会。,0.0,0.0,0.87,0.1,0.0,0.0
今天去参加了一个朋友的婚礼，看到他们幸福的模样，心里也特别高兴。婚礼虽然简单，但那份真挚的爱情，打动了每个人的心。,0.05,0.0,1.0,0.0,0.0,0.0
最近一直在努力做一些积极的改变，虽然每一步都很小，但我相信，日积月累的努力，会让我变得更好。希望大家都能朝着自己的目标不断前行。,0.07,0.0,0.97,0.0,0.0,0.0
