posts,angry,fear,happy,neutral,sad,surprise
终于完成了今天的工作报告，心里有些轻松。突然觉得，做得再好也没人表扬自己，有点难过，还是喜欢被人肯定的感觉。💭,0.15,0.0,0.55,0.0,0.45,0.0
今天下班时看到一个小孩跟着妈妈在公园玩耍，想起自己小时候也这样，心里暖暖的。希望小孩永远这么无忧无虑。🌳,0.0,0.0,1.0,0.0,0.0,0.0
被一个朋友的坏情绪影响了一整天，真的好累。有时候想，情绪真的是会传染的。希望能尽快走出这段阴霾。💔,0.16,0.06,0.0,0.0,0.74,0.0
午休时给自己泡了一杯温暖的绿茶，觉得有些事情不必着急，生活可以慢慢来。今天就这样静静地度过吧。🌿,0.0,0.0,0.9,0.1,0.0,0.0
好久没有陪家人吃饭了，今天终于抽时间和父母聚在一起。吃了好多他们做的家常菜，特别好吃，嘴角都忍不住上扬。😊,0.09,0.0,0.94,0.0,0.11,0.07
刚刚从书店买了本书，准备用周末的时间安静地看一看。好久没给自己这样一个放松的时间了。📚,0.07,0.0,0.57,0.17,0.31,0.06
上班路上看到一对老夫妇手牵手走过，觉得自己真的很向往这种平凡而温馨的生活。希望未来也能找到一个一直陪伴的人。👵👴,0.0,0.0,0.99,0.0,0.0,0.0
今天整理房间时，翻到了很多小时候的照片。那些年少时的梦想和不安，现在看起来都是那么的珍贵。希望自己一直保持初心。💫,0.0,0.0,0.91,0.0,0.07,0.0
最近压力好大，想着要是能有一个安静的小屋，每天喝着茶看着书就好了。生活不容易，但总得找到自己的平衡。🍵,0.0,0.0,0.55,0.15,0.29,0.0
今天同事给我送了一包我喜欢的小零食，心里瞬间暖了起来。哪怕是最简单的关心，也能带来很大的安慰。❤️,0.0,0.0,0.94,0.0,0.05,0.0
今天和朋友聊到成长的痛苦，突然意识到自己好像一直在为了别人的期望而活。希望以后能更多为自己而活。🌀,0.0,0.0,0.64,0.0,0.27,0.0
忽然觉得，生活的意义不是追求完美，而是在不完美中找到自己的位置。至少，我已经尽力了。💪,0.0,0.0,0.75,0.0,0.15,0.0
今天加班到很晚，回到家发现家里还温暖着，感觉生活虽然累，但有个地方能歇息真好。🏠,0.0,0.0,0.99,0.0,0.11,0.0
刚刚看了一部电影，里面的主人公面对困境时依旧坚持自己的原则，感觉自己也受到了鼓舞。每个人都有自己的坚持吧。🎬,0.0,0.0,0.9,0.06,0.0,0.0
偶尔感到迷茫的时候，我会想，做自己喜欢的事可能就能找到前进的动力。希望自己永远不会失去对生活的热情。💖,0.0,0.0,0.76,0.06,0.13,0.0
今天参加了一个小聚会，大家聊得很开心。突然觉得，身边有那么多关心我的人，真的很幸福。🍀,0.0,0.0,0.96,0.0,0.0,0.0
早上在公园散步，看到一对父母正在教孩子骑自行车。那种温暖的家庭氛围让我有种向往的感觉。🚲,0.0,0.0,0.88,0.14,0.0,0.0
不知道为什么，最近特别想给自己做一顿丰盛的晚餐。简单的菜肴，温暖的味道，生活的幸福感就在这些小细节里。🍴,0.0,0.0,0.94,0.0,0.0,0.07
最近试着早起，享受清晨的安静时光。真的发现早晨的阳光是最温柔的，给了我一整天的动力。🌅,0.0,0.0,0.97,0.0,0.0,0.0
刚才给朋友发了条信息，结果她立马回我了。那种被关心的感觉真好，觉得自己不再是孤单一人。💌,0.0,0.0,0.83,0.0,0.15,0.0
今天去超市买菜，看见一个小姑娘在挑选水果，完全没有大人的心机，真好。小时候能如此纯真，长大后的自己就不那么简单了。🍓,0.0,0.0,0.87,0.0,0.08,0.14
给爸妈打了个电话，聊了一会儿家里的琐事。虽然他们总是忙得不可开交，但我知道，他们依然在关心着我。💕,0.0,0.0,0.74,0.11,0.21,0.0
最近常常想起小时候的生活，虽然很简单，但每一天都过得很开心。希望长大后我也能找到这种纯粹的快乐。🌻,0.0,0.0,0.97,0.0,0.0,0.0
刚刚回忆起去年这个时候的自己，很多事情没做完，现在回头看，还是觉得那时的努力值得。⏳,0.0,0.0,0.57,0.0,0.45,0.0
一直觉得自己有点内向，喜欢安静的环境。虽然有时候会觉得孤单，但也享受那种独处的时光。🌙,0.0,0.0,0.72,0.12,0.19,0.07
最近越来越喜欢自己静静地读书，享受一人世界的宁静。希望能把生活过得更有条理一些。📖,0.0,0.0,0.85,0.12,0.0,0.0
今天看到一个新闻，说有个小动物得了重病，心情一直很沉重。生命真的很脆弱，希望大家都能珍惜每一刻。🐾,0.07,0.16,0.09,0.17,0.63,0.0
刚刚听了一个朋友讲她最近的烦恼，虽然很想帮她，但又怕说错话。作为朋友，真的好想一直陪着她。💬,0.1,0.12,0.58,0.0,0.38,0.0
有时候，真正的关心不是做出多少轰轰烈烈的事情，而是在一个不经意的时刻，默默地支持对方。💕,0.0,0.0,0.7,0.22,0.21,0.0
最近开始学做饭，虽然经常失败，但每次看到自己做的菜，都会有成就感。希望能慢慢进步。🍲,0.0,0.06,1.0,0.0,0.0,0.0
今天看到窗外的风景，想起了好多年前的自己。那个时候，自己还是那么年轻、单纯，觉得一切都可以重新开始。🍃,0.07,0.0,0.79,0.0,0.16,0.07
刚刚看到新闻里一位妈妈为了救孩子，毫不犹豫地跳入河里。那个瞬间，我真的被深深打动了。母爱真伟大。🌊,0.0,0.0,0.9,0.05,0.0,0.0
有时候看别人过得很好，心里会不由自主地想，自己是否也应该更加努力一点。或许，生活的改变在于自己一点一滴的坚持。🔑,0.06,0.0,0.61,0.15,0.26,0.05
最近和一个朋友聊到了未来，虽然我们现在的工作都很忙，但对未来的规划依然充满了希望。未来可期！🌟,0.0,0.0,0.87,0.09,0.0,0.0
今天给自己做了一个小小的计划，接下来的每一天都要充实一点。希望自己能坚持下去，逐步实现目标。📅,0.0,0.0,0.87,0.13,0.0,0.0
不知道什么时候开始，我变得越来越喜欢静静地独处，偶尔也会想，自己是不是变得有些孤单了呢？😌,0.0,0.0,0.0,0.05,0.87,0.18
最近学了一个新的爱好，竟然很上瘾。每天都期待着能有时间练习，希望能越来越好。🎨,0.0,0.0,0.92,0.0,0.0,0.1
今天遇到一个特别有爱心的陌生人，帮助了我一个小忙。突然觉得这个世界上还是有很多温暖的人的。💕,0.07,0.0,1.0,0.0,0.0,0.0
每次下班回家的路上，我都喜欢走着走着，默默想一下今天的心情和明天的计划。可能是唯一属于我自己的小世界。🌷,0.0,0.0,0.82,0.07,0.1,0.0
最近心情有些低落，不知道是不是压力太大。希望能够早日走出这个低谷，重新找到前进的动力。🌈,0.12,0.0,0.29,0.19,0.4,0.0
昨天给自己做了一个简单的晚餐，虽然不怎么好吃，但自己做的就是有一种特别的满足感。🍽️,0.0,0.0,0.97,0.0,0.0,0.0
看到朋友们开始结婚生子，我突然有些焦虑，自己是不是也应该按部就班地走向人生的下一个阶段？💍,0.0,0.18,0.0,0.25,0.51,0.22
今天去参加了一个小型的聚会，虽然有些拘谨，但与朋友们的聊天让我觉得很温暖。谢谢你们的陪伴。💕,0.0,0.0,0.99,0.0,0.0,0.0
最近看了好多自我提升的书籍，希望自己能变得更加自信和独立。也许，这是我成长的一部分吧。📚,0.0,0.0,0.85,0.11,0.0,0.0
上班的时候，坐在自己的小格子间，偶尔会幻想着如果我可以辞职去旅行该多好。但最终，还是得回到现实。🌍,0.0,0.0,0.27,0.14,0.57,0.0
今天看到一个小孩学会骑自行车，他的兴奋和骄傲让我也不禁微笑。每个人都需要自己的成长时刻。🚴‍♂️,0.0,0.0,0.95,0.0,0.0,0.0
最近有点累，想休息一下，但又觉得这么多事情堆积在一起，怎么也不够用。每一天都觉得时间不够用。⏰,0.13,0.0,0.0,0.0,1.0,0.0
明明知道自己很疲惫，却依然会选择继续坚持下去。希望自己能找到平衡，减轻一些不必要的压力。⚖️,0.0,0.0,0.67,0.12,0.23,0.07
刚刚从朋友那得到了一个小小的惊喜，突然觉得生活也有一些意外的美好。谢谢你的关心！🎁,0.11,0.0,0.97,0.0,0.0,0.06
今天看到一个老奶奶在街头卖艺，我忍不住多停留了一会儿。岁月真的很残酷，但也有太多动人的瞬间。,0.0,0.0,0.9,0.0,0.07,0.0
