posts,angry,fear,happy,neutral,sad,surprise
今天买了心心念念的红色毛衣，虽然小贵，但是真的太喜欢了。这个冬天有它陪伴，心情都变好了。#衣橱更新#,0.0,0.0,1.0,0.0,0.0,0.06
在阳光明媚的午后，和朋友一起去咖啡店坐坐，享受一杯拿铁，聊聊天。生活中的小确幸真好。🌸☕️,0.0,0.0,0.98,0.07,0.0,0.0
最近总是忙于工作，偶尔静下来，突然发现我最喜欢的还是做饭和家务。为自己煮一顿简单的晚餐，感觉特别满足。#家是最温暖的港湾#,0.0,0.0,1.0,0.0,0.0,0.0
工作虽然忙，但一想到下班后可以和家人一起看电影，什么压力都能放下。这样的陪伴让我充满力量。🎬💕,0.0,0.0,0.98,0.0,0.0,0.0
又到了周末的午后，阳光透过窗帘洒进房间，坐在沙发上翻着书，时间静静流淌，真想这样过一辈子。📚🌞,0.06,0.0,0.4,0.06,0.54,0.0
刚从老家的探亲回来，看到爸妈的笑容，所有的疲惫都消失了。原来最温暖的地方，是家。#回家了#,0.0,0.0,0.91,0.0,0.16,0.09
昨晚做了个梦，梦到小时候和朋友们一起放风筝，那时候一切都那么简单。想念那些无忧无虑的时光。🪁,0.0,0.0,0.0,0.0,0.92,0.0
今天去菜市场挑选新鲜的蔬菜，想着晚餐做一道家常菜，能给家人带来一丝温暖。#心灵治愈#,0.0,0.08,0.79,0.18,0.08,0.0
终于找到时间和老朋友聊了会天，虽然彼此忙碌，但能保持联系就好。朋友，是生命中不可缺少的温暖。🤗,0.0,0.0,0.98,0.0,0.07,0.0
看着家里整洁的每个角落，心里满满的安全感。每个小细节都让我觉得生活如此美好。#简单的幸福#,0.0,0.0,1.0,0.0,0.0,0.05
最近有点累，想把所有烦恼都放在一边，享受一下宁静的夜晚。好久没有这样安静过了。🌙,0.16,0.0,0.16,0.13,0.65,0.0
今天偶然翻到旧相册，看到小时候的自己，真是怀念那些无忧的日子。希望自己永远不忘最初的梦想。#童年回忆#,0.0,0.05,0.62,0.0,0.39,0.0
最近试着做一些新的改变，但总感觉不太适应。也许，有些事还是顺其自然最好。#温柔待自己#,0.0,0.0,0.7,0.18,0.17,0.0
有时工作压力大，但我学会了在压力中找到平衡。每当疲惫时，就去散步，清新的空气能让我重新充电。#生活小智慧#,0.0,0.0,0.97,0.1,0.0,0.0
终于抽空和爸妈一起吃了顿晚餐，聊了很多，发现很多话从未说出口，但默契依旧。#家人的力量#,0.0,0.0,1.0,0.0,0.11,0.0
今天做了一个小决定，把自己的工作桌整理得干净整洁，感觉心情也变好了。小小的改变，带来了大大的幸福感。#收拾整理#,0.0,0.0,0.95,0.0,0.0,0.0
回家的路上，看到路边的樱花开了，心情突然变得特别好。春天的到来，总是给人带来希望。🌸,0.09,0.0,1.0,0.0,0.0,0.0
终于学会了做拿手的菜，每次做给家人吃时，看到他们开心的表情，我也感到非常满足。#做饭的快乐#,0.07,0.0,1.0,0.0,0.0,0.0
今晚做了红烧肉，虽然做得不完美，但家人吃得很开心。偶尔的失败也能带来成长，下一次会做得更好！#烹饪小尝试#,0.05,0.0,0.98,0.0,0.0,0.0
每天都在为未来奋斗，但今天给自己放个假，看看书，喝杯茶，享受一下片刻的宁静。#给自己放个假#,0.0,0.0,0.83,0.1,0.09,0.0
上班虽然忙碌，但总觉得身边的人很温暖。无论是同事的微笑还是老板的关心，这些都让我感受到一份踏实和温馨。#工作中的温暖#,0.06,0.0,1.0,0.0,0.0,0.0
今天的天气特别好，散步的时候看到街角的老书店，进去看看，翻开一本老书，真是充满回忆。#书店探险#,0.0,0.11,0.75,0.09,0.06,0.1
看到小朋友在公园里玩耍，心中涌起一种温柔的情感。生活真的很简单，能够看到这些快乐的瞬间，已足够满足。#简单的快乐#,0.0,0.0,1.0,0.0,0.0,0.0
周末去参加了个家庭聚会，大家围在一起聊天、吃饭，发现不论多忙，家人的陪伴是最珍贵的。#温馨聚会#,0.0,0.0,0.86,0.0,0.1,0.06
每天都在不断学习和成长，虽然有时候会感到焦虑，但看到自己一点点进步，心里就会特别有成就感。#努力的意义#,0.0,0.0,1.0,0.0,0.0,0.0
今天终于把所有待办事项清单都完成了，心情顿时轻松了许多。原来，完成一件事能带来如此大的满足感。#效率满满#,0.0,0.0,1.0,0.0,0.0,0.09
想起曾经总是焦虑不安，现在学会了放慢脚步，享受当下的每一刻。希望每个过得好的人，都会记得善待自己。#放慢脚步#,0.0,0.1,0.78,0.0,0.18,0.0
回家后，总喜欢给自己泡一杯茶，坐在阳台上，望着窗外的夜景，感觉自己真的很幸福。#生活小美好#,0.06,0.0,1.0,0.0,0.0,0.0
每次和朋友一起聚餐，谈天说地，笑得最开心的时刻，心情总是特别放松。这种简单的幸福感，真是无价。#朋友聚会#,0.0,0.0,1.0,0.0,0.0,0.08
想到自己这些年经历的挑战与困难，真心感恩一路上遇到的每个人。每一次跌倒后都能站起来，我真的很幸运。#感恩过去#,0.0,0.09,1.0,0.0,0.0,0.0
最近发现自己越来越喜欢独处，静静地读书，静静地思考，时间的流逝似乎变得不再那么急迫。#独处的时光#,0.05,0.0,0.68,0.1,0.18,0.07
工作虽然压力大，但每次看到自己做得不错时，内心总是无比满足。希望自己能够一直保持这种进步的动力。#自我成长#,0.0,0.0,0.98,0.0,0.0,0.0
今天去了公园，看到老人在长椅上晒太阳，突然觉得老年生活也未必不好，能够简单的享受每天，才是最幸福的事。#简单的幸福#,0.0,0.0,1.0,0.0,0.0,0.07
每天早晨，泡一杯热茶，翻开一本书，迎接新的一天。慢慢地，我已经习惯了这样简单又充实的生活。#早晨的仪式感#,0.0,0.0,0.97,0.07,0.0,0.0
今天又见到了很久没见的朋友，回忆起往事，感觉每个小细节都那么珍贵。生活在忙碌中，但不要忘记珍惜身边的人。#珍惜每一天#,0.0,0.0,1.0,0.0,0.07,0.0
今天去逛了一趟市场，看到一些新鲜的蔬菜和水果，心里很高兴，感觉生活的每一份小确幸都需要用心去发现。#市场生活#,0.0,0.0,0.96,0.0,0.0,0.0
和同事聊了很多，突然发现很多烦恼其实都是自己想多了。人与人之间的理解和关心，真的能带来不少安慰。#职场温暖#,0.0,0.0,0.93,0.0,0.0,0.0
最近开始学做面包，虽然还不太熟练，但看到自己做的面包出炉时的那种成就感，真的是一种无与伦比的幸福。#烘焙新手#,0.05,0.0,1.0,0.0,0.0,0.0
每次看到孩子们在学校里快乐的玩耍，心里就特别温暖。希望他们能一直保持这份纯真与快乐。#孩子的世界#,0.08,0.0,1.0,0.0,0.0,0.0
忙碌了一整天，终于能静下心来，听听音乐，看看书，放松一下。希望自己能时刻保持这样平和的心态。#心灵放松#,0.06,0.0,0.91,0.11,0.0,0.0
最近学会了更好地安排时间，工作和生活之间找到了平衡。希望自己能一直保持这样健康的节奏。#时间管理#,0.0,0.0,0.8,0.19,0.0,0.0
在超市里买到了一些自己喜欢的零食，开心到不行。生活中的小惊喜，真的是让我心情大好。#小确幸#,0.0,0.0,1.0,0.0,0.0,0.07
今天和家人一起吃了顿大餐，聊了很多心里话。家庭真的是每个人最坚实的后盾。#家庭聚会#,0.0,0.0,0.92,0.08,0.06,0.0
工作虽忙，但总要留一点时间给自己，放松一下，享受简单的生活。#生活的小确幸#,0.0,0.0,0.93,0.0,0.0,0.08
想到自己每天都在成长，内心充满了感激和动力。无论遇到什么困难，始终相信自己能够克服。#成长之路#,0.0,0.0,0.97,0.0,0.0,0.0
每次去公园，看到人们散步、跑步、打太极，总是觉得生活可以很简单，很美好。#生活的宁静#,0.0,0.0,0.94,0.09,0.0,0.09
今天心情特别好，和朋友一起喝茶聊了很多，有些话说出来感觉轻松了许多。#朋友的力量#,0.0,0.0,1.0,0.0,0.0,0.0
工作结束后，偶尔的放松时间是最珍贵的。与自己独处，感受片刻的宁静，真的很治愈。#独处时光#,0.0,0.0,0.91,0.1,0.11,0.0
每天坚持运动，虽然很辛苦，但看到自己的身体变得更健康，心里很满足。#健康生活#,0.0,0.0,1.0,0.0,0.0,0.0
每次做完一件事情，都会给自己一个小奖励。生活中的小确幸，真的让人感到充实和幸福。#奖励自己#,0.0,0.0,1.0,0.0,0.0,0.0
