posts,angry,fear,happy,neutral,sad,surprise
今天在午后阳光下，坐在窗边喝了一杯热茶，静静地享受着这个属于自己的安静时光。生活中最简单的幸福，就是有一段属于自己的静谧时光吧。,0.0,0,0.87,0.16,0.0,0.0
一个人静静地看着窗外的树叶飘落，仿佛又看见了那些美好又温暖的记忆。日子过得慢慢的，却也满是温馨与感动。,0.0,0,0.99,0.0,0.06,0.0
感谢这段时光中那些陪伴着我的人，哪怕有些短暂，也足够让我学会如何去珍惜和守护。希望你们的每一天都能温暖如春。,0.0,0,1.0,0.0,0.0,0.0
明天的天气预报说会有雨，想象着自己撑着伞漫步在小路上，空气中弥漫着泥土和草香，真是让人期待的画面。,0.0,0,0.91,0.08,0.0,0.0
幸福的秘诀大概就是，无论身处何地，都能找到一份温暖与安宁，哪怕是最平凡的时刻。,0.0,0,0.79,0.23,0.0,0.0
经常在忙碌中忘记了停下来看看周围，今天终于找到了一个安静的角落，坐下来享受自己的时光，想想自己所经历的每一份点滴。,0.0,0,0.9,0.0,0.13,0.0
最近学会了更多珍惜时间，不再急躁，慢慢享受每一个小小的进步，每一个细小的成长。,0.0,0,0.94,0.06,0.0,0.0
突然发现，自己越来越喜欢那种细腻的日常生活，虽然简单却又充满了温暖的细节。原来，幸福真的可以很简单。,0.0,0,0.97,0.0,0.0,0.11
最近忙碌了一整天，终于有时间和家人一起吃个饭，感觉最温暖的时光就是和爱的人坐在一起，聊些轻松的话题。,0.0,0,1.0,0.0,0.07,0.0
在这座繁忙的城市里，偶尔找到一片安静的角落，静静地待着，什么也不做，真的是一种难得的放松。,0.0,0,0.9,0.13,0.0,0.0
每天都在忙碌和琐事中度过，今天终于有时间读了一本书。书中的一句话让我顿时清醒，生活真的要学会适时放慢脚步。,0.0,0,0.75,0.09,0.12,0.0
希望自己能一直保持这种平和的心态，面对生活中的不如意，不急躁，不慌张，学会从容不迫地过每一天。,0.06,0,0.88,0.17,0.0,0.0
最近有点疲惫，休息了一下，和朋友聊了会儿天，觉得心里也舒服了不少。每次和朋友相处，都会觉得能量满满。,0.0,0,1.0,0.06,0.0,0.0
春天来得早，花开了，暖阳也出来了。今天在公园走了一圈，看到小孩子们在草地上跑来跑去，真的是被幸福感染了。,0.0,0,1.0,0.0,0.0,0.0
有时会在夜深人静的时候，想起那些自己曾经做过的决定，觉得那些选择已经带给我很多幸福，虽然不一定完美，但它们让我成长。,0.0,0,0.87,0.0,0.14,0.0
今天在厨房做饭，突然觉得做饭也是一种享受，把所有的食材准备好，然后慢慢地烹饪，每一个细节都充满了温暖。,0.0,0,1.0,0.06,0.0,0.0
每次出门都会看到街头那些匆忙的行人，有时想，也许每个人都在追求自己的目标，但最重要的是，找到让自己安定的地方。,0.0,0,0.61,0.17,0.21,0.0
生活中的细节真的好重要，像是一个微笑、一句问候，或是一个温暖的拥抱，都能让你感到生活的美好。,0.06,0,1.0,0.07,0.0,0.0
终于有时间去散步了，走在街上，看着周围的人来人往，突然觉得这一刻很宁静，心里也渐渐放松了。,0.0,0,0.95,0.09,0.11,0.0
有时候，生活的美好就在那些不经意的瞬间。比如看到一朵花开放，或者闻到空气中的清新味道，都会不自觉地笑出声来。,0.0,0,0.92,0.0,0.0,0.0
工作中的忙碌总是让人忘记自己真正的需要，今天终于停下来，做了些自己喜欢的事，才发现原来自己最想要的就是这么简单的宁静。,0.0,0,0.81,0.0,0.17,0.12
看到朋友圈里有朋友发的照片，大家都在忙碌工作。突然想到，不论怎样，我们都需要找到自己的节奏，保持内心的宁静。,0.05,0,0.68,0.14,0.12,0.05
不知道什么时候开始，越来越喜欢坐在阳光下，静静地读书，或者什么也不做。生活的压力偶尔让我觉得喘不过气，但静谧的时光总能给我力量。,0.0,0,0.85,0.06,0.15,0.0
今天遇到一个特别可爱的孩子，她笑着对我说：“你也笑得很美。”瞬间觉得，生活真的是充满了温暖与治愈。,0.0,0,0.98,0.0,0.0,0.0
好久没去看过海了，记得那时候站在海边，迎着海风，觉得整个人都被大海包围，心里满是宁静与放松。,0.0,0,0.96,0.06,0.0,0.0
最喜欢下雨天了，泡一杯热茶，坐在窗前，看着雨滴一颗颗落下，感受到的宁静感，仿佛整个世界都安静了。,0.0,0,0.98,0.12,0.0,0.0
每次放假回家，看到爸妈忙碌的身影，总是觉得家是最温暖的地方。即使再多的忙碌，也能感受到那份深沉的爱。,0.0,0,1.0,0.0,0.0,0.0
今天跟朋友聊起了未来，虽然还不知道将来会怎么样，但至少现在这一刻，我觉得自己已经很满足了。,0.0,0,0.92,0.07,0.0,0.0
每当看到别人做得好，我总是想要为他们感到高兴和骄傲。希望大家都能在自己的道路上越走越远。,0.0,0,0.99,0.0,0.0,0.0
每天结束时都给自己一点时间，回顾今天的点滴，感恩自己坚持下来的每一步。,0.0,0,0.93,0.08,0.0,0.0
今天去市场买菜，看到那些新鲜的蔬菜水果，突然觉得生活就是这些简单的事物，它们带来最直接的幸福。,0.0,0,1.0,0.0,0.0,0.1
偶尔放下工作，和家人一起去外面走一走，呼吸新鲜空气，聊天，发现生活的美好往往就在身边。,0.0,0,0.93,0.11,0.0,0.0
其实我们并不需要多么复杂的生活，简单的日常才是最温暖的事情。今天的午餐是一碗简单的面，吃得很满足。,0.0,0,0.97,0.05,0.0,0.0
在一个平静的下午，静静地看着窗外的阳光洒进屋子，觉得这一刻，时光仿佛也慢了下来，心里充满了安宁。,0.0,0,0.79,0.23,0.1,0.0
生活就是这样，有高峰也有低谷。每当觉得累了，就停下来，休息一下，再继续前行。,0.0,0,0.89,0.15,0.1,0.0
今天早晨的阳光特别柔和，轻轻洒在窗台上，坐在桌前，喝着咖啡，心里一片温暖。,0.0,0,1.0,0.07,0.0,0.0
有时最好的疗愈就是静静地待在家里，做一些自己喜欢的小事情，保持内心的平静与满足。,0.0,0,0.69,0.37,0.0,0.0
今天去了一个小咖啡馆，看到窗外下着细雨，喝了一杯热饮，心里充满了安静的幸福。,0.0,0,0.94,0.13,0.0,0.0
幸福不需要很多，有时一顿简单的晚餐，和家人坐在一起聊聊天，就是最美好的事情。,0.0,0,1.0,0.0,0.0,0.0
工作再忙，也要学会放松自己。今天下午没有约会，没有工作，只是静静地待着，感受生活。,0.0,0,0.8,0.11,0.1,0.0
突然想到一个问题，为什么我们总是被匆忙的生活裹挟，却忘了停下来享受每一刻？希望自己能更用心地过好每一天。,0.07,0,0.62,0.0,0.24,0.09
看着窗外的蓝天白云，突然觉得生活就是这样简单又美好。每天都能看到这些自然的景象，真的是一份幸运。,0.0,0,1.0,0.0,0.0,0.0
每次独自一个人去逛街，都会看到许多不同的人，他们的生活或许不一样，但每个人的故事都值得我们去理解和尊重。,0.0,0,0.84,0.23,0.0,0.0
忙碌了一整天，终于有时间陪小姑娘一起做手工，虽然弄得一团乱，但看着她开心的笑容，觉得这一切都值了。,0.0,0,1.0,0.0,0.0,0.0
最近心情很平静，发现自己越来越喜欢这种安稳的生活，每天早晨慢慢醒来，享受清晨的宁静。,0.0,0,0.88,0.17,0.0,0.0
最近学了些新菜，做了一道简单的炒饭，虽然很普通，但吃起来格外有满足感。大概，生活中的幸福就藏在这些小事里吧。,0.0,0,0.88,0.13,0.0,0.0
每个人的生活都不容易，但只要学会细心观察，就能发现生活中的每一份温暖。,0.0,0,0.85,0.27,0.0,0.0
明天开始的新计划，我已经做好了准备。希望能按照自己的节奏，慢慢来，不急不躁。,0.0,0,0.8,0.19,0.0,0.0
和老朋友聊天，才发现自己内心一直都渴望着这种真实的交流。朋友间的情感就是这样，时光再久，也不会改变。,0.0,0,0.84,0.05,0.16,0.05
这段时间忙碌的生活让我有些忽略了自己，但今天终于停下来，重新审视自己。也许，最重要的事情是保持内心的宁静和自信。,0.0,0,0.81,0.12,0.09,0.0
