posts,angry,fear,happy,neutral,sad,surprise
最近突然发现，原来生活中最简单的小事才最能带来幸福。每天早上看到阳光透过窗帘，听着猫咪轻轻叫唤，心情就会不自觉地好起来。希望这种安静的日子一直能延续下去，不需要太多复杂的东西，安稳的生活就是最好的幸福。,0.0,0.0,1.0,0.0,0.0,0.0
前两天跟朋友聊了聊人生，突然觉得自己好像变得越来越保守了。以前总是充满冲动和冒险的精神，现在反而更喜欢稳定和平静的生活。也许这就是成长吧，懂得珍惜身边的平凡，珍惜自己拥有的每一份温暖。,0.0,0.0,0.92,0.0,0.08,0.0
今天下班后去超市买菜，遇到了一位很亲切的阿姨，她夸我选的西红柿好看。虽然只是个简单的交流，但让我心里觉得暖暖的。人和人之间的小善意，真的可以让一天变得不那么平凡。,0.0,0.0,1.0,0.0,0.0,0.0
每天晚上都会给自己泡一杯热茶，看着窗外的夜空发呆。有时候，我觉得这些安静的时光才是最珍贵的，它让我远离尘嚣，找到内心的平静。希望可以一直保持这样简单而宁静的生活。,0.0,0.0,0.94,0.0,0.0,0.0
说来也奇怪，有时候我会很怀念小时候的生活，简单的日子没有太多的烦恼。那时候的一切都显得那么纯粹，无忧无虑，似乎只要有家人和朋友在身边，就什么都不需要担心。,0.0,0.05,0.69,0.08,0.07,0.13
今天终于整理了好久没整理的衣柜，看到那些曾经喜欢过的衣服，心里竟有些不舍。这些陪伴我走过不少时光的东西，承载着不少回忆，虽然早已不再穿，但还是舍不得扔掉。可能是情感的力量吧。,0.05,0.0,0.39,0.0,0.65,0.0
总觉得生活中有很多微小的细节，我们往往会忽略。比如早晨那一缕阳光，路边开得正盛的花朵，还有街角的咖啡店。或许，我们真的应该放慢脚步，去感受这些点滴的美好。,0.0,0.0,0.66,0.2,0.22,0.0
有时会很羡慕那些总是充满活力的人，他们似乎无论走到哪里，都能带来光和热。而我，更多时候是那个安静的倾听者，喜欢在人群中默默观察。不过，我也挺享受这种生活方式，安静的也不错。,0.0,0.0,0.99,0.0,0.0,0.0
今天去散步，看到一只小猫咪在院子里追逐阳光，心情也跟着变好了。或许，生活本就应该这样，简单、温暖，就像那只猫咪，享受当下的每一刻。,0.0,0.0,1.0,0.0,0.0,0.0
最近在重新整理以前的日记，发现自己曾经是个多么感性的人。每一段感情，每一个小小的细节，都让我回忆得如影随形。虽然现在不再那么敏感，但偶尔翻阅这些旧日记，还是会有一丝感动。,0.0,0.05,0.96,0.0,0.0,0.0
有时候真觉得自己好像一个不懂表达的人，虽然内心有很多话想说，但总是藏在心里。或许我真的是那种默默付出，却不太擅长索取的人，但这也是我觉得最自然的方式吧。,0.06,0.0,0.37,0.16,0.53,0.0
最近看了很多电视剧，发现自己越来越喜欢看那种温馨治愈的剧情。那些温暖的故事总能让人感到安慰，就像生活中的一剂良药，帮助我度过一些疲惫的时光。,0.0,0.0,1.0,0.07,0.0,0.0
刚才和妈妈聊天，她又说我变了，变得不那么爱表达自己的情感了。也许是吧，长大后，越来越学会隐藏自己的情绪，不再那么容易被外界影响。可有时候，还是会怀念那个可以毫不掩饰的自己。,0.0,0.0,0.1,0.09,0.94,0.0
生活总是充满了不确定性，但有时候，我也希望能有一些稳定的东西。例如，每天都能和家人一起吃饭，和朋友一起聊天，做自己喜欢的小事。生活不需要太复杂，简单的幸福就够了。,0.0,0.0,0.93,0.08,0.0,0.0
今天和朋友去了一趟老地方，发现那里的风景还是那么美。无论时光如何流转，依旧能给人带来温暖的回忆。这种地方，就像是我心灵的避风港，去一次，心情就好了好多。,0.0,0.0,1.0,0.0,0.0,0.0
偶尔也会在心里想，自己究竟是个怎样的人。是喜欢安静，还是喜欢冒险？是害怕改变，还是渴望新的体验？但无论如何，至少我知道，我希望自己能活得真诚，真心待人。,0.0,0.0,0.76,0.0,0.07,0.07
最近有点焦虑，似乎总有做不完的事，想要照顾好每一个人，却总觉得力不从心。可每当看到家人和朋友们的笑脸，我就会重新找回那份温暖和力量。,0.09,0.09,0.78,0.0,0.25,0.0
今天去医院陪妈妈做检查，看到她紧张的样子，我也有些担心。但她总是微笑着安慰我：“没事的，我很好。”我知道她很坚强，但有时候，作为孩子的我，也希望能给她更多的安慰。,0.0,0.18,0.65,0.11,0.23,0.0
每次看见自己喜欢的书，总会忍不住去翻一翻。那些文字和故事，虽然早已记在心里，但依然能带给我新的感动。书籍，总是能在不经意间，触动我最柔软的部分。,0.0,0.0,0.97,0.0,0.0,0.0
今天心情有些低落，想了很多事情。突然想起小时候妈妈说过的一句话：“无论如何，记得保持微笑。”虽然现在的我有些迷茫，但我还是决定试着微笑着面对每一个明天。,0.05,0.0,0.67,0.09,0.25,0.0
昨晚看了个关于家的纪录片，突然特别想家。虽然我现在有自己的生活，但家的温暖始终是我最想念的地方。无论走得多远，家永远是我心中的避风港。,0.0,0.0,0.59,0.08,0.41,0.0
刚才在厨房做饭，突然想起小时候妈妈做饭的场景。每次她在厨房忙碌的时候，我总喜欢偷偷站在门口看她。如今，我自己也做饭了，但那份熟悉的味道，始终让我怀念。,0.0,0.0,0.63,0.0,0.41,0.0
这几天感觉有些疲惫，总是忙得没时间停下来。好想给自己放个假，找个安静的地方，做点自己喜欢的事。无论是看书、做饭，还是和朋友聊聊天，简单的幸福总是最让人放松。,0.05,0.0,0.91,0.06,0.0,0.0
今天和一个朋友聊到梦想，她说自己一直想做一个自由职业者，可以随心所欲地安排时间。其实我也有过这样的想法，但后来发现，生活中的责任和承诺总是让我无法放开去追求那些自由。,0.0,0.0,0.19,0.3,0.44,0.08
每当回忆起一些温暖的瞬间，我的心里就会涌起一股暖流。比如和朋友一起吃饭，和家人一起看电影，这些平凡却珍贵的时光，才是生活中最美好的部分。,0.0,0.0,0.99,0.05,0.0,0.0
最近看了一部旧剧，觉得这部剧真的很有温度。它讲述的故事虽然简单，但却充满了生活的真实感。我想，这也是我喜欢这种剧的原因吧，真实、温暖、让人觉得心安。,0.0,0.0,1.0,0.15,0.0,0.0
有时候，我会羡慕那些能够表达自己情感的人，他们总是能轻松地说出心里的话。而我总是把自己的情感藏在心里，偶尔会想，或许该学会更勇敢地表达自己。,0.0,0.0,0.39,0.15,0.42,0.0
最近在学做手工，每当看到自己做出的成品，心里就会有一种成就感。虽然这些东西很简单，但它们代表着我努力的过程，也让我更加珍惜每一份付出的努力。,0.0,0.0,1.0,0.0,0.0,0.0
昨天整理了一下我的小物件，发现有很多以前喜欢的小东西。每一件都承载着一段回忆，让我感到温暖。虽然这些物品都很普通，但它们却是我生活的一部分，值得珍藏。,0.0,0.0,0.97,0.0,0.0,0.0
最近开始有点迷茫，觉得自己好像没有明确的目标。每天忙忙碌碌，却总觉得好像缺少了什么。或许，我该给自己定个小目标，逐步去实现，不再停留在迷茫中。,0.08,0.06,0.44,0.12,0.39,0.06
今天和同事讨论了未来的规划，突然有些焦虑。我总是希望能做得更好，但也害怕失败。或许，我真的需要更加勇敢地面对未来，接受不完美的自己。,0.0,0.18,0.29,0.11,0.52,0.0
最近经常想，生活是否真的可以像我们想象的那样美好。其实，无论怎样，我们都需要学会接受现实，珍惜眼前的幸福，而不是一味地追求完美。,0.0,0.0,0.7,0.14,0.17,0.0
我总是喜欢在下雨天喝一杯热茶，看窗外的雨水滴落。这个时候，心里就特别安宁。也许这就是我最喜欢的时光吧，简单、安静、不需要太多言语。,0.0,0.0,0.92,0.13,0.0,0.0
最近在想，未来的自己会是什么样子？会是一个更成熟的人，还是会依然像现在这样，喜欢在安静的角落里思考、感悟呢？不管怎样，重要的是珍惜眼前的每一份平静。,0.0,0.0,0.85,0.0,0.0,0.0
今天和朋友聊了很多，也分享了彼此的烦恼。她说了一句让我很感动的话：“有时候，生活就是这样，虽然不完美，但我们依然可以从中找到快乐。”这让我意识到，也许不必追求完美，学会享受过程才是最重要的。,0.0,0.0,0.91,0.07,0.0,0.0
昨天和妈妈一起去逛了市场，看着她挑选菜肴，心里觉得温暖。每次和家人相处，都会让我重新体会到什么是真正的幸福，那种简单而纯粹的感觉，真的很难用言语表达。,0.0,0.0,1.0,0.0,0.0,0.0
有时候，我会想，是否每个人都在默默地承担着压力，只是我们看不见而已。也许是因为大家都习惯了微笑面对生活，所以才会觉得别人都很轻松。其实，每个人都有自己的难处，重要的是学会关心和支持。,0.06,0.0,0.57,0.17,0.33,0.0
最近在整理家里的一些旧物，发现很多以前的照片和信件。每一张照片都承载着我曾经的回忆，虽然现在已经过去了很久，但看到这些记忆，我依然能感受到当时的温暖。,0.05,0.0,0.89,0.08,0.13,0.0
昨天晚上突然失眠，心里有很多事情在翻腾。后来才发现，其实不过是自己给自己太多压力了。每次感到焦虑，我都会告诉自己，生活可以慢慢来，不必急于求成。,0.0,0.0,0.35,0.16,0.42,0.06
最近开始学习做烘焙，每次做出来的蛋糕虽然不完美，但看到自己做的成果，心里总是特别满足。生活中的一些小兴趣爱好，总是能让人找到成就感，给平凡的日子增添了一些色彩。,0.0,0.0,1.0,0.0,0.0,0.0
今天看到一个新闻，说一个小镇的人们每天都在同一个时间去广场跳舞。我突然觉得，这种简单的生活也挺好。大家一起做自己喜欢的事，不求完美，只求快乐。,0.0,0.0,0.91,0.08,0.0,0.0
今天在散步的时候，偶然看到一对老夫妻手牵手走过，虽然他们的步伐已经不再那么轻快，但依然看得出他们彼此间深厚的感情。这种情感，虽然没有言语，但却传递出一种温暖的力量。,0.0,0.0,0.97,0.1,0.0,0.0
最近感到有点疲惫，生活中的琐事让我有些喘不过气。但我知道，这些压力只是暂时的，重要的是保持冷静，找到自己内心的平衡。,0.0,0.0,0.44,0.31,0.32,0.0
今天和朋友聊了聊感情，她说她觉得自己总是给别人太多，却很少得到回报。我安慰她，其实，真心付出并不一定要有回报，最重要的是自己的内心是否感到满足。,0.0,0.0,0.47,0.34,0.35,0.06
生活中有太多小确幸，有时真的觉得自己好幸运。比如和朋友们一起聚餐，和家人一起吃晚饭，所有这些小小的幸福，才是最值得珍惜的。,0.0,0.0,0.98,0.0,0.0,0.0
最近心里有点不安，总觉得时间不够用，做不完的事越来越多。或许，自己该调整一下节奏，学会放松，也许只有这样，才能更好地面对接下来的挑战。,0.06,0.0,0.37,0.19,0.37,0.0
今天突然想起小时候的生日派对，那时候每年生日都会有很多朋友一起庆祝。如今虽然人少了，但每年的生日，我都会努力保持那个属于自己的温暖回忆。,0.05,0.0,0.89,0.0,0.08,0.0
我有时也会羡慕那些大大咧咧的朋友，他们总是能轻松面对任何问题。而我，更多时候是小心翼翼，生怕做错什么。但我也明白，这就是我自己的节奏，慢慢来就好。,0.0,0.0,0.79,0.09,0.0,0.08
生活的节奏越来越快，我也渐渐变得忙碌。有时，我会想，是否该放慢脚步，重新审视自己所追求的目标。无论如何，我想要做的，就是在这纷繁复杂的世界中，保持一份内心的宁静。,0.06,0.0,0.47,0.25,0.22,0.0
最近学会了在忙碌中找时间做自己喜欢的事。虽然时间不多，但能在其中找到一些片刻的宁静，实在是生活中的一大幸事。希望能一直保持这种简单的快乐。,0.0,0.0,1.0,0.0,0.0,0.0
