posts,angry,fear,happy,neutral,sad,surprise
今天去散步了，偶然遇到了一只超级可爱的小猫咪🐱，虽然只是短短的一会儿，但那一瞬间感觉好温暖，真的觉得生活中有那么多美好的小事，值得珍惜💖 #生活小确幸,0.12,0.0,1.0,0.0,0.0,0.0
今晚做了一个好奇怪的梦，居然梦到我在一个古老的书店里迷路了，结果竟然找到了一本超有趣的书，感觉像是生活给了我一个提醒，让我在忙碌中也不要忘记自己喜欢的东西📚 #梦境记,0.0,0.13,0.59,0.0,0.0,0.38
回想起大学时光，每次坐公交时，都会特别期待遇到的那个熟悉的笑脸。虽然如今大家都走向了不同的地方，但那些温暖的回忆依旧会让我微笑😊 #怀念,0.0,0.0,0.84,0.0,0.16,0.0
最近看了一部电影，里面的情节虽然简单，但却让我感动得泪流满面。生活就是这样，很多时候并不是轰轰烈烈的，而是悄无声息地触动人心💫 #电影推荐,0.0,0.0,0.7,0.16,0.18,0.0
好久没去逛街了，今天终于有时间逛了一下自己喜欢的小店，买了一件温暖的毛衣，感觉冬天就快来了，但也不觉得冷，因为穿上它真的很温暖💖 #冬天来啦,0.07,0.0,1.0,0.0,0.0,0.0
跟朋友一起去做了义工，虽然辛苦，但看到大家的笑容，所有的疲惫都瞬间消失了。这种感觉真的很治愈，希望能做更多这样的事，给自己也给他人带去一份温暖😊 #志愿者生活,0.0,0.06,0.95,0.0,0.0,0.0
发现自己最近总是很容易怀念过去的时光。那时候我们还不太懂得忙碌是怎么回事，生活也不那么复杂，只是每天一起吃饭、聊聊天，感觉特别简单又幸福🍚 #回忆,0.07,0.0,0.87,0.0,0.13,0.08
昨天去看了场话剧，虽然是第一次看现场演出，但演员们的表现真的是让我完全沉浸其中。真的很喜欢那种从心里流露出来的情感，感动到泪水盈眶😭 #剧场体验,0.0,0.0,0.91,0.0,0.0,0.0
今天去买了很多零食，准备和家人一起宅在家里看电影。虽然只是一场简单的家庭聚会，但真的好开心。生活就是这样，简单的小确幸就是最好的快乐💓 #家庭时光,0.1,0.0,1.0,0.0,0.0,0.06
每天早上都习惯喝一杯热牛奶，虽然只是简单的早晨仪式，但它给了我一天的能量。也希望自己能像牛奶一样，温暖他人🍶 #生活的小习惯,0.0,0.0,0.99,0.0,0.0,0.0
最近一直在看《四月是你的谎言》，每一集都让人心动不已。虽然是动画，但感情却比许多现实生活还要真实😭 #推荐好剧,0.0,0.0,0.89,0.0,0.0,0.0
今天在路上看到一个老人给街头的小猫喂食，突然觉得生活中的温暖其实无处不在，只要你用心去看，生活真的很美好💓 #温暖时刻,0.05,0.0,1.0,0.0,0.0,0.0
看到外面下雨了，心情突然变得安静了起来。喜欢在雨天里读书，听着雨声，感受着宁静。真的好久没这样放慢自己的脚步了📖🌧️ #雨天的午后,0.0,0.0,0.85,0.0,0.16,0.0
终于找到了小时候一直想吃的那个零食，原来它已经停产很久了，但今天竟然在一家小店里找到了，简直太惊喜了！吃到它的那一刻，仿佛回到了童年💭 #童年记忆,0.0,0.0,0.74,0.0,0.0,0.35
今天看到一个小朋友在公园里丢了气球，结果他开始哭了。看到他哭泣的样子，我也忍不住掉了眼泪。生活总是这样，微小的伤痛让人感同身受😭 #心酸瞬间,0.0,0.13,0.06,0.0,1.0,0.0
最近突然特别喜欢夜晚的宁静，坐在窗边，看看星星，喝点热茶，静静地想些事情。虽然简单，却感觉特别放松和满足✨ #夜晚时光,0.0,0.0,0.91,0.08,0.0,0.0
今天带着狗狗去了公园，看到它在草地上跑来跑去，真是看得我心里充满了暖意。它就是我的小太阳☀️ #宠物生活,0.0,0.0,0.91,0.0,0.0,0.0
今天收到一封老朋友的信，虽然是电子邮件，但看着字里行间的关心，真的感觉到了一份久违的温暖。这种人与人之间的小联系，真的是最温馨的感情💌 #友情,0.0,0.0,1.0,0.0,0.0,0.0
明天要早起去看望奶奶，心里其实有点紧张，怕她会感到孤单。但想到她看到我笑脸时的表情，心里又充满了力量😊 #家人的牵挂,0.0,0.18,0.87,0.0,0.19,0.0
最近很喜欢晚上泡个澡，放点香薰，享受一下安静的时光。洗去一天的疲惫，感觉每一个细胞都重新得到了充电💆‍♀️ #放松时光,0.0,0.0,0.95,0.11,0.0,0.0
每当我心情低落的时候，总喜欢去附近的咖啡店坐一坐，喝一杯热巧克力。那种香甜的味道总能让我暂时忘记烦恼☕ #咖啡时光,0.0,0.0,0.72,0.16,0.22,0.0
今天看到一对情侣在公园散步，手牵着手走得特别慢，看得我都忍不住微笑。爱情的样子真的很美好，简简单单的幸福就这么传递着💑 #爱情故事,0.0,0.0,0.95,0.0,0.1,0.0
最近忙碌的生活中，我终于抽空来整理一下自己的房间。看到干净整洁的空间，突然心情好像变得轻松了许多。整理空间，整理心情🏡 #整理时光,0.05,0.0,0.78,0.12,0.07,0.08
看到很多人都在为自己的未来焦虑，我有时也会迷茫。但突然意识到，或许就是在这些小小的日常中，我们找到了自己真实的价值🌱 #成长过程,0.0,0.07,0.68,0.0,0.16,0.18
昨天在书店里偶然翻到一本自己喜欢的作家的新书，虽然是一本小册子，但它给了我莫名的安心感。生活中总有些小幸运值得我们去发现📖 #书香,0.07,0.0,0.93,0.0,0.0,0.0
每次回家看到妈妈给我做的饭，真的感觉好幸福。虽然很简单，但总是充满了妈妈的关心和爱心❤️ #家常饭,0.0,0.0,1.0,0.0,0.11,0.0
最近爱上了做手工，虽然做得不是很好，但每次完成一个小作品时，都会感到无比的满足。其实生活中的这些小事情，也能带给我很大的成就感💪 #手工时光,0.0,0.0,0.93,0.0,0.0,0.0
周末去看了一个展览，看到一些艺术品时，我居然突然有了很多的感触。生活真的需要多点艺术的滋养，让我们更加懂得欣赏生活的美💖 #艺术展,0.0,0.0,0.72,0.08,0.0,0.23
最近心情有些低落，但每天坚持给自己带来一些小小的惊喜，比如今天吃到了自己最喜欢的冰淇淋🍦 #小确幸,0.1,0.0,0.89,0.0,0.0,0.0
看着窗外的阳光，忽然有种想去远方旅行的冲动。虽然没有具体计划，但心里默默期待着未来的某一天可以踏上新的旅程✈️ #旅行心情,0.05,0.0,0.84,0.0,0.0,0.07
每天早晨起来，看到窗外的阳光洒在窗台上，我就有一种温暖的感觉。生活也许就是这样，简单却充满阳光🌞 #生活中的美好,0.0,0.0,1.0,0.0,0.0,0.0
昨晚做了一个奇怪的梦，梦到自己在一个无人的地方走来走去，突然间心里感到空虚。醒来后却觉得，或许自己还需要更多的陪伴和关心💭 #梦境分享,0.0,0.16,0.29,0.17,0.41,0.08
有时会觉得自己特别懒，尤其是在家里，总是想待在床上看电影或睡觉。不过偶尔也要提醒自己，做一些自己喜欢的事情，哪怕只是一点点💫 #懒人日常,0.0,0.0,0.47,0.3,0.28,0.0
今天刚好有点空闲时间，于是去了一个咖啡馆坐坐，喝了一杯拿铁，静静地看着窗外的街景，感受到了生活的平静和安宁☕ #静谧时光,0.0,0.0,0.72,0.29,0.08,0.06
今天给自己买了一只新手表，看着它精致的设计，我忍不住笑了。生活中总有一些小小的东西，能够带给我们无尽的满足感⏱️ #购买小物,0.06,0.0,0.87,0.0,0.0,0.08
最近迷上了看旧电影，每次看都会有新的收获。虽然是老片，但它们总能带给我一种怀旧的温暖感，好像回到了过去的某个时光🎬 #怀旧电影,0.0,0.0,0.91,0.0,0.13,0.06
昨天去参加了一个朋友的生日聚会，虽然不太熟悉其他人，但大家还是很热情，让我感到温暖。总觉得人生中，遇到一些好人真的是一种幸运💫 #朋友的生日,0.06,0.0,1.0,0.0,0.0,0.0
最近心情有些不太好，但发现只要和朋友聊聊天，或者在社交平台上和大家分享一些小故事，心情就能好一些。谢谢你们的陪伴🙏 #感谢朋友,0.07,0.08,0.94,0.0,0.0,0.0
每天工作忙碌，但偶尔会有一刻停下来，思考自己的目标和梦想。希望自己不忘初心，继续坚持做自己喜欢的事情💪 #人生感悟,0.0,0.0,0.82,0.12,0.06,0.0
今天看到一只小鸟在枝头跳跃，忍不住停下来观察了很久。生活中的这些小细节，真的让人感到无比宁静和满足🕊️ #自然时光,0.0,0.0,0.94,0.0,0.0,0.0
今天遇到一个陌生人，他给了我一个微笑，瞬间就觉得这个世界不再那么陌生了。微笑真的能改变一切😊 #陌生人的温暖,0.0,0.0,1.0,0.0,0.0,0.08
最近在家里看书、听音乐，感觉生活的节奏慢了下来。或许，偶尔停下来反思自己，给自己充电，也是一种美好的体验💖 #慢生活,0.0,0.0,0.86,0.14,0.06,0.07
今天听到了一首很动人的歌曲，突然觉得有些事情该放下了。生活中，总会有一些让你想起过去的东西，但不要让它们拖住了你前行的步伐🎶 #感悟,0.0,0.0,0.78,0.07,0.25,0.0
喜欢在每个周末下午，给自己泡一杯茶，坐在阳光下读书。这样的时光，真的特别珍贵，是属于自己的小幸福🌸 #悠闲午后,0.0,0.0,0.96,0.0,0.0,0.0
最近开始练瑜伽，虽然一开始有些困难，但慢慢发现它不仅能放松身体，还能平静心灵。希望自己能坚持下去，找到内心的平衡🧘‍♀️ #瑜伽时光,0.0,0.0,0.82,0.16,0.07,0.0
今天终于把自己放在了第一位。忙碌了一阵子，终于放慢了节奏，去做了自己喜欢的事。感觉心里轻松多了😊 #自我关爱,0.06,0.0,0.98,0.0,0.0,0.0
最近在想，生活是不是就是由一连串的小事组成的？有时，我们忽略了那些简单的快乐，今天我决定多享受一些这样的时光💫 #简单幸福,0.05,0.0,0.91,0.0,0.09,0.11
看到朋友发的旅游照片，突然好想去海边走一走，感受海风和沙滩的温暖。虽然暂时无法去，但心里已经充满了期待🌊 #未来的旅行,0.09,0.0,0.87,0.0,0.0,0.0
最近忙到没时间做自己的事，偶尔感到些许焦虑。希望能找到平衡点，让自己在忙碌中也能抽出一些时间，享受生活💖 #工作与生活,0.09,0.0,0.53,0.18,0.23,0.1
每天都在追求进步和成长，但有时会忘记停下来欣赏自己已经走过的路。希望自己能学会放慢脚步，给自己一些鼓励和认可💪 #成长感悟,0.0,0.0,0.81,0.06,0.13,0.0
