posts,angry,fear,happy,neutral,sad,surprise
今天想做点清理家务的事，结果一不小心翻到了那些老照片，突然好怀念那个时候的自己。有没有人和我一样，偶尔沉迷过去的美好回忆？🖼️✨ #时光回忆#,0.0,0.06,0.19,0.0,0.72,0.09
听说森林驿站的新活动开始了，想着也许可以去帮帮忙，和大象做个互动。真心觉得能做点有意义的事，心里特别温暖🐘💖 #熊猫守护者#,0.1,0.0,1.0,0.0,0.0,0.0
今天收到了一份小惊喜，是朋友送的手工皂，简单又温暖。生活中的小确幸，让每一天都变得更特别。💝 #生活美好#,0.09,0.0,1.0,0.0,0.0,0.07
家里重新整理了一下，发现了好多已经不再用的东西，打算捐出去，让这些物品能继续陪伴需要的人。小小的善意，温暖了自己也温暖了他人。💐 #回馈社会#,0.0,0.0,0.96,0.0,0.11,0.07
有时候忙到忘记自己需要休息，今天决定给自己放个小假，吃点好吃的，看看喜欢的电影，放松一下。🌸 #自我关怀#,0.0,0.0,0.83,0.08,0.09,0.0
昨天和朋友去了久违的咖啡店，坐下来聊了好多，突然发现平凡的时光也能充满温暖和力量。💬☕ #友谊长存#,0.0,0.0,0.98,0.0,0.07,0.05
看着窗外的风景，突然觉得自己像一颗小小的种子，在阳光下默默生长。人生的每一步，虽然不总是轰轰烈烈，但也依旧在向前。🌱 #默默努力#,0.0,0.0,1.0,0.0,0.0,0.0
看到微博上有人分享自己参与的环保活动，决定下次也要去加入一起做些力所能及的事。保护环境，人人有责。🌍 #绿色生活#,0.0,0.0,0.74,0.12,0.0,0.07
不知道从什么时候开始，我变得不太喜欢熬夜了，早早睡觉，早早醒，享受安静的早晨时光。🌙 #健康生活#,0.0,0.0,0.84,0.06,0.18,0.05
每次看完一场演唱会，总有一种莫名的感动，或许是因为那份共同的心情吧。期待下一次的相聚。🎤 #音乐带来的力量#,0.0,0.0,0.91,0.0,0.0,0.06
最近迷上了逛手工市集，喜欢那种一针一线的手作温度，仿佛每一件小物品都有自己的故事。🧵 #手工爱好#,0.0,0.0,0.84,0.14,0.0,0.05
今天看到了一篇文章，讲的是如何从生活中找到自己的节奏，忽然明白，有时候慢一点，反而能更好地享受每一刻。🌸 #慢生活#,0.0,0.0,0.77,0.15,0.0,0.12
听说最近流行去森林里散步，空气清新，还能远离城市的喧嚣。是不是也应该找个时间去森林里走一走呢？🌳 #逃离城市#,0.0,0.0,0.52,0.25,0.22,0.09
昨天和同事分享了一下自己最近学的新料理，大家都说好吃，让我很有成就感。真是发现做饭也能带来快乐！🍳 #小小幸福#,0.09,0.0,1.0,0.0,0.0,0.0
有时候真希望能有更多的时间陪家人，忙碌的日子总是让我们忽略了最重要的那些人。希望大家都能珍惜身边的人。💖 #家庭至上#,0.0,0.0,0.81,0.0,0.22,0.0
最近迷上了午后茶时光，一杯茶，一本书，静静地享受这一刻的宁静。🍵 #静享时光#,0.0,0.0,0.77,0.27,0.05,0.0
今天整理书架，发现好多书都已经厚厚一层灰了，突然有些心疼它们，打算重新读一遍这些经典。📚 #重拾阅读#,0.0,0.06,0.09,0.11,0.84,0.0
每次旅行归来，心中都有满满的感动。旅行让我学会了感恩，学会了更好地生活。🌍 #旅途记忆#,0.0,0.0,0.89,0.0,0.09,0.0
最近常常在想，要不要做点小小的改变，比如换个发型，或者换个环境。生活中的每个小变化都能给我们带来新的感受。🌸 #新开始#,0.05,0.0,0.64,0.25,0.05,0.07
看着朋友圈里的分享，发现每个人都在为自己的目标努力。想到自己也应该更加努力，不负时光。💪 #努力奋斗#,0.0,0.0,0.98,0.0,0.0,0.0
看着窗外的雨，心里莫名有些感伤。希望所有的人都能在这纷繁的世界里找到自己的宁静。☔ #静享雨天#,0.07,0.07,0.31,0.17,0.52,0.0
最近在研究如何提高自己的工作效率，发现合理的时间管理真的能让一切变得更加轻松。📅 #时间管理#,0.0,0.0,0.52,0.35,0.06,0.11
听到有朋友说自己在工作中遇到了困难，突然觉得自己也许可以给她一点支持。互相帮助，让我们都变得更强大。💪 #互助友爱#,0.0,0.0,0.97,0.0,0.07,0.0
看了很多关于心灵成长的书籍，发现自己的内心真的需要更多的滋养。正准备做一个小小的心灵整理。🌸 #心灵成长#,0.0,0.0,0.75,0.17,0.16,0.0
今天在街角的小店里遇到了一只猫咪，呆萌的模样让我瞬间觉得一切都不重要，只想停下来陪它一会儿。🐱 #与猫共处#,0.0,0.06,0.74,0.07,0.11,0.12
最近喜欢在周末去附近的公园走一走，享受自然的美好，听鸟语，看花开。🌷 #亲近自然#,0.0,0.0,0.85,0.17,0.06,0.0
昨天看到一篇文章，说生活中的小确幸是最值得珍惜的事。真的，生活很简单，但很美好。🍃 #生活美学#,0.0,0.0,0.93,0.0,0.0,0.07
今天翻到一张旧合照，里面的我们笑得很开心，时间过得真快，很多事物都在变，但那些美好的记忆永远不会褪色。📸 #珍惜现在#,0.0,0.0,0.98,0.0,0.05,0.0
看到朋友发布的一张照片，突然觉得自己也该开始好好打扮一下，做最好的自己。💄 #自我提升#,0.0,0.0,0.88,0.1,0.0,0.0
喜欢在午后的阳光下发呆，听着风铃的声音，感受空气中的清新。每一刻都那么宁静美好。🌞 #阳光下的午后#,0.0,0.0,0.97,0.07,0.0,0.0
不知不觉中，自己已经有了不少的计划，但不急着执行，反而是每个小小的目标都会让我感到满足。🎯 #生活节奏#,0.0,0.0,0.97,0.0,0.0,0.06
有时候突然特别想念过去的一些朋友，可能是因为回忆带来的温暖吧。希望大家都能珍惜身边的人。💖 #友谊长存#,0.0,0.0,0.73,0.0,0.27,0.0
喜欢在忙碌中找到片刻的宁静，或是通过手写日记，或是通过喝一杯热茶。这些小小的时光让自己重新找回了平静。📓 #写给自己的信#,0.0,0.0,0.81,0.08,0.09,0.0
最近学会了做一些简单的手工，虽然不怎么完美，但每一件作品都充满了自己的心意。🖌️ #手作乐趣#,0.08,0.0,0.9,0.08,0.07,0.0
和朋友们分享了最近学到的新知识，大家都感到很受启发。分享真的是一件非常有意义的事情。📚 #分享知识#,0.07,0.0,0.87,0.12,0.0,0.0
今天和家人一起做了饭，大家围坐一起吃，温馨的画面让我觉得生活真的很美好。🍽️ #家庭聚餐#,0.0,0.0,0.93,0.08,0.09,0.05
最近特别想去旅行，看看世界的另一面。希望能趁着空闲的时间，去到那个一直向往的地方。🌍 #旅行心愿#,0.0,0.0,0.86,0.07,0.0,0.0
在忙碌中，也要抽出时间给自己放个假，去做自己喜欢的事，给自己的生活增添一些色彩。🎨 #给自己放假#,0.0,0.0,0.88,0.15,0.09,0.0
有时候看着窗外的风景，感叹生活的美好。每一分每一秒，都有它的意义。🌸 #珍惜每一刻#,0.0,0.0,0.87,0.0,0.12,0.07
想去学一门新的技能，不管是烹饪还是手工，总觉得自己需要更多的挑战。🎓 #不断学习#,0.0,0.09,0.74,0.1,0.08,0.0
最近想尝试做一些健康饮食，希望自己能更注重饮食的平衡，保持身体的健康。🥗 #健康饮食#,0.0,0.0,0.51,0.38,0.13,0.08
觉得有时候自己就像一只小猫，喜欢蜷缩在角落里安静地发呆。享受那些属于自己的静谧时光。🐱 #宁静时光#,0.0,0.0,0.76,0.21,0.07,0.07
最近经常感到心情起伏不定，想着或许可以尝试冥想，看看能不能找到心灵的平静。🧘 #冥想生活#,0.0,0.06,0.35,0.39,0.25,0.12
今天和朋友一起去做了瑜伽，感觉整个人都放松了，精神焕发。一定要保持锻炼！🧘‍♀️ #健康生活#,0.0,0.0,0.98,0.06,0.0,0.0
终于决定开始整理房间，打扫完后感觉一切都焕然一新，心情也变得轻松了许多。🧹 #整理空间#,0.0,0.0,0.85,0.09,0.1,0.09
看了一部感人的电影，突然觉得每个瞬间都值得珍惜，不管是平凡的生活还是难忘的时刻。🎬 #生活感悟#,0.0,0.0,0.88,0.0,0.13,0.0
喜欢安静的夜晚，蜷在沙发上喝茶，听着舒缓的音乐，享受这份宁静。🌙 #夜晚时光#,0.0,0.0,0.79,0.25,0.0,0.05
在工作中遇到一点小麻烦，想到以前自己怎么解决的，渐渐找回了信心。💼 #克服困难#,0.0,0.11,0.82,0.07,0.15,0.0
昨天和朋友聊了很多，感觉自己得到了许多启发。和身边的朋友互相支持，真的很重要。🤗 #朋友互助#,0.0,0.0,0.93,0.05,0.07,0.0
今天决定去附近的咖啡店读书，享受这份独自的时光。真的很喜欢这种静谧的氛围。📖 #静享午后#,0.0,0.0,0.91,0.16,0.05,0.09
