posts,angry,fear,happy,neutral,sad,surprise
今天的心情有点像秋天的云，偶尔放晴，偶尔阴霾。也许就是这种不确定的状态，才是生活的一部分吧。#不确定的美好#,0.0,0.0,0.63,0.09,0.16,0.13
有时候，放慢脚步，静静地感受自己的呼吸，才会明白，最重要的，不是目的地，而是每一段旅程中的风景。#慢下来#,0.0,0.0,0.67,0.24,0.14,0.0
其实，我喜欢的是那种简简单单，平平淡淡的生活。没有过多的繁华，只有一杯热茶，一本好书，一颗安宁的心。#简单的幸福#,0.0,0.0,0.92,0.08,0.0,0.08
每当我感到疲惫，偶尔回望过去的自己，才发现，走过的每一步都很有意义，哪怕是曾经的迷茫与困惑。#成长的足迹#,0.0,0.07,0.83,0.0,0.19,0.0
你永远无法预见下一秒的你会成为怎样的自己。偶尔停下来，看看自己的内心，发现平静，也发现新的勇气。#未知的勇气#,0.0,0.07,0.69,0.14,0.17,0.07
有时候，我觉得爱，就是在最平凡的时光里找到对方，安静地陪伴着。没有惊天动地的誓言，只是默默地守护。#守护与陪伴#,0.0,0.0,0.81,0.11,0.1,0.06
生活中的每一个小瞬间，都值得被珍惜。可能是夜晚的月光，或者是朋友送的一个微笑，这些小事才是让我感到温暖的源泉。#珍惜每个瞬间#,0.0,0.0,0.92,0.0,0.0,0.0
我不奢求完美的爱情，只希望有一个人，能在我疲惫时，默默地为我分担一丝压力；在我快乐时，和我一起分享这份喜悦。#简简单单的爱情#,0.0,0.0,0.95,0.0,0.0,0.0
最近看了很多关于成长的文章，突然发现，真正的成长，不是越来越聪明，而是越来越能接受自己不完美的样子。#自我接纳#,0.0,0.0,0.84,0.09,0.0,0.05
有时候，放手也许是最好的选择。就像秋天的落叶，虽然离开了枝头，但也因此找到了自己的归宿。#放手也是一种勇气#,0.0,0.0,0.83,0.2,0.11,0.0
心情好的时候，整个人都像是被阳光包围。而当阴云笼罩时，我会告诉自己，雨后的彩虹一定会出现。#情绪的起伏#,0.0,0.0,0.67,0.25,0.11,0.0
每段关系都需要时间来慢慢沉淀，像酿酒一样，只有经过岁月的沉淀，才会酿出最醇厚的味道。#时间的力量#,0.0,0.0,0.87,0.21,0.06,0.0
看着窗外的风景，突然觉得，自己曾经所有的困惑和迷茫，都是走向今天的必经之路。#人生的路途#,0.0,0.0,0.68,0.11,0.24,0.08
心中的那片森林，永远是最宁静的避风港。在这里，我可以安静地休息，等待明天新的冒险。#心灵的栖息地#,0.0,0.0,0.78,0.29,0.0,0.0
如果有一天，我开始不再向外看世界，而是去看自己内心的声音，那么那一天，我才算真正自由。#内心的自由#,0.0,0.0,0.54,0.33,0.0,0.11
在每一段关系中，我们都会成长。也许会受伤，也许会迷失，但最终，我们会明白，最重要的是如何成为更好的自己。#成长的关系#,0.0,0.0,0.75,0.2,0.09,0.0
总觉得，人生最美好的时光，不是浪漫的爱情，而是那些与朋友、家人相伴度过的平凡日子。#平凡的美好#,0.0,0.0,0.86,0.0,0.0,0.11
有时候，我会突然想，为什么我们总是追求那些遥不可及的东西？或许，最美好的事情，就是现在拥有的一切。#珍惜拥有#,0.06,0.0,0.43,0.07,0.45,0.1
在自己独处的时光里，才会真正明白，人生的意义不在于外界的评价，而是内心的平静与满足。#自我探索#,0.0,0.0,0.7,0.26,0.05,0.05
世界上最幸福的事，莫过于在深夜与自己对话，明白自己想要什么，知道自己在追求什么。#自我对话#,0.0,0.0,0.74,0.2,0.08,0.0
真正的幸福，是在与爱的人一起，度过平凡的每一天。无论是吃饭，还是坐在沙发上看电视，只要彼此陪伴，就是最好的幸福。#平凡的幸福#,0.0,0.0,0.98,0.0,0.0,0.0
有些梦想，虽然很远，但我依然会一步步走向它。或许，这条路不易走，但正是走下去，才是值得的。#追逐梦想#,0.0,0.0,0.9,0.05,0.0,0.0
每一次的重生，都需要放下过去的自己。放下那些不属于自己的东西，才能更好地迎接未来的光明。#放下与重生#,0.0,0.0,0.64,0.33,0.17,0.0
偶尔，我也会有些迷茫。突然觉得，人生有时候并不需要那么明确的目标，走着走着，终会找到自己的方向。#迷茫与前行#,0.0,0.09,0.34,0.11,0.43,0.09
每个人的心中都有一片未曾触及的海洋，那里藏着最真实的自己，最深沉的梦想。#内心的海洋#,0.0,0.0,0.59,0.29,0.1,0.06
生活总是充满了挑战，但每一次的跨越，都会让我更加坚强。感谢每一次的跌倒，它们让我更加懂得珍惜。#挑战与成长#,0.0,0.08,0.96,0.0,0.0,0.0
爱情，不是两个人的完美契合，而是两个人在彼此的缺点中，依然愿意相互包容，携手走下去。#爱情的真谛#,0.0,0.0,0.86,0.17,0.0,0.06
曾经，我也以为爱情是寻找另一个自己，但后来才发现，爱情更像是两颗心的交汇，不是合并，而是彼此的独立与尊重。#爱情的独立#,0.0,0.0,0.59,0.25,0.13,0.15
每当我感到疲惫，总会想起那些温暖的回忆，它们给我带来力量，让我不再畏惧前方的路。#回忆与力量#,0.0,0.09,0.95,0.0,0.13,0.0
有些事情，不必强求，只需顺其自然。有些人，不必留恋，只需放手。人生，终究是一场放手的艺术。#放手与顺其自然#,0.0,0.0,0.68,0.38,0.09,0.0
生活中的每一次选择，都需要勇气。而真正的勇气，不是无所畏惧，而是知道害怕仍然选择前行。#勇气与选择#,0.0,0.14,0.7,0.31,0.0,0.0
我喜欢那些安静的日子，虽然没有热烈的故事，但有着温暖的陪伴和宁静的时光。#安静的时光#,0.0,0.0,0.96,0.07,0.0,0.0
时间教会我最重要的事：无论遇到什么困境，都不要放弃自己。因为只有坚持自己，才能找到真正的出口。#坚持与希望#,0.0,0.0,0.85,0.13,0.0,0.0
每一次和朋友的聚会，都是一次温暖的疗愈。在相伴的时光里，我学会了更多地去爱自己，去理解他人。#朋友与疗愈#,0.0,0.0,0.94,0.11,0.0,0.0
每个人都有自己的人生剧本，而我们最应该做的，是在剧本之外，找到属于自己的真实生活。#真实与生活#,0.0,0.0,0.55,0.44,0.0,0.06
人生的美好，不在于追求完美，而在于享受那些微小的幸福，它们就像星星一样，在黑暗中闪烁。#微小的幸福#,0.0,0.0,0.92,0.0,0.0,0.06
人生就是一场不断适应的过程。每一次的变化，都是为了让我们变得更好。#适应与成长#,0.0,0.0,0.81,0.26,0.0,0.0
也许，我们永远无法避免孤独，但我们可以在孤独中找到自己，学会与自己相处。#孤独与自我#,0.0,0.06,0.54,0.35,0.19,0.09
我相信，每个相遇都有它的意义。即使是最短暂的相遇，也会在我的生命中留下痕迹，成为我成长的一部分。#相遇与成长#,0.0,0.0,0.83,0.17,0.07,0.07
有时候，生活会给我们带来沉重的负担，但正是这些负担，才让我们变得更加坚强。#负担与坚强#,0.0,0.08,0.7,0.2,0.21,0.0
你不必成为别人眼中的完美，只要做一个真实的自己，生活自然会向你投来微笑。#做真实的自己#,0.0,0.0,0.85,0.17,0.0,0.0
爱情不仅仅是甜蜜的约会，它也包括了彼此的支持与理解。两个人走到一起，是彼此共同的努力。#爱情的努力#,0.0,0.0,0.93,0.15,0.0,0.0
有时，我也会怀念那些简单的日子，没有太多的压力，只是轻松地度过每一天。#简单的日子#,0.0,0.05,0.67,0.1,0.24,0.06
生活有时会让我迷失方向，但每次回望过去，我总能找到自己走过的痕迹，知道自己走到了哪里。#迷失与回归#,0.0,0.09,0.55,0.17,0.32,0.09
有些事，不必纠结。放手之后，才会发现，其实最好的选择是顺其自然，拥抱未来。#放手与自然#,0.0,0.0,0.68,0.23,0.07,0.09
每个人都在寻找幸福，但我相信，真正的幸福，来自内心的平静与满足，而非外界的认可。#内心的幸福#,0.0,0.0,0.8,0.17,0.0,0.08
如果你感到迷茫，停下来，深呼吸。给自己一点时间，你会找到属于自己的路。#迷茫与清晰#,0.0,0.05,0.58,0.32,0.18,0.0
我不怕失败，因为每一次的失败，都是我走向成功的垫脚石。#失败与成功#,0.0,0.1,0.72,0.24,0.09,0.0
每一次的努力，都会有回报。无论是工作、感情，还是生活中的点滴努力，最终都会化作一份丰厚的成果。#努力与回报#,0.0,0.0,0.98,0.09,0.0,0.0
人生就是一场不断的选择，而最好的选择，往往是在最平凡的日子里，和最重要的人一起度过。#选择与平凡#,0.0,0.0,0.64,0.27,0.12,0.1
