posts,angry,fear,happy,neutral,sad,surprise
终于从漫长的四月雨季中解脱，天空罕见的放晴，路边的落叶在阳光下散发着湿润的气息。走在街头，脑中无意识地回荡着那些诗句，仿佛这一刻是属于春天的赠礼。 #春日 #雨后,0.0,0.0,0.68,0.08,0.14,0.07
清晨，站在窗前，鸟鸣清脆，阳光洒在树叶间，想起曾读过的诗句：“人生若只如初见。” 是的，若生活能常常如此清新、宁静，我愿意停留在此。 #清晨 #静谧,0.0,0.0,0.77,0.12,0.09,0.0
昨晚的梦境模糊而迷人，似乎是另一时空中的自己，正走在与现实迥异的街道上。是否每个人的内心，都藏着另一个平行的我？ #梦境 #平行时空,0.0,0.13,0.14,0.46,0.26,0.25
在这个迟暮的春天，我捡起一片飘落的叶子，细细端详。它微微泛黄，却依旧保持着生命的坚韧。这让我想到，或许生活就是在不断地变化和坚守中前行。 #春天 #生命,0.0,0.0,0.77,0.11,0.07,0.0
读到一段话：“即使在今天，歌德也会毫无疑问地捍卫当下的价值。” 是啊，或许我们过于迷恋过去，却忽略了当下的珍贵。 #哲思 #歌德,0.0,0.0,0.42,0.41,0.2,0.0
今天，在街头看到一只猫咪懒洋洋地晒着太阳，四周的世界依然匆匆。突然想，这就是我一直追寻的宁静吧——不被时间的洪流所打扰。 #猫咪 #宁静,0.0,0.08,0.79,0.1,0.08,0.1
最近读到玛格丽特·阿特伍德的诗：“你就是生活的法则，多多少少。” 有时，我也在想，生活是否真有那么简单的法则，只是我们未曾真正理解它的模样？ #玛格丽特·阿特伍德 #诗,0.0,0.0,0.25,0.4,0.26,0.15
这场春雨似乎永远也不曾停歇，每一滴都承载着回忆与期盼。走在街上，路面上的水洼倒映着人们匆忙的身影，我仿佛看见了一些不为人知的情感。 #春雨 #情感,0.0,0.09,0.5,0.24,0.24,0.0
无意中翻到一首旧诗，写的是曾经的自己。如今再读，却觉得那些字句仿佛是另一个人的心声。我已不再是那个站在文字里的我。 #诗 #变迁,0.0,0.0,0.13,0.16,0.75,0.0
今日午后，阳光透过窗帘洒在书页上，温暖的光线让我忍不住想起某些久远的往事。书本仿佛是时光的桥梁，带着我回到了曾经。 #午后 #时光,0.0,0.07,0.7,0.23,0.18,0.0
夜深人静，偶尔翻开一本旧书，字里行间传来的那份熟悉感，仿佛又回到那段单纯的时光。每次翻阅，总能发现新的感悟。 #书 #时光,0.0,0.0,0.77,0.14,0.14,0.05
想起小时候常常幻想自己能飞翔，飞越城市的边界，去看不一样的风景。或许，成年后的我已经忘了那些幻想，但内心的渴望依旧未曾改变。 #童年 #梦想,0.0,0.08,0.59,0.0,0.26,0.05
每次走进这座城市的书店，总能发现某些久违的书籍，它们是我和这座城市之间的默契，仿佛它们的存在就是为了让我停下来，思考一些未曾想过的事。 #书店 #思考,0.0,0.05,0.56,0.23,0.16,0.11
日复一日，年复一年，生活似乎进入了一种平淡的节奏，但总有一些瞬间，会让我不自觉地停下脚步，去感受那些细微的变化。 #生活 #瞬间,0.0,0.08,0.56,0.15,0.21,0.13
昨夜读到一段话：“真正的诗人，不是用笔写诗，而是用生活写诗。” 我想，也许生活本身，就是一首未完的诗，我们每个人都是其中的诗人。 #诗人 #生活,0.0,0.0,0.45,0.48,0.11,0.0
在这个繁忙的城市，偶尔我也会感到迷茫和疲惫。但每当我走到安静的小巷，眼前的景象总能让我感到一丝宁静，这种宁静像是心灵的避风港。 #城市 #宁静,0.0,0.07,0.68,0.36,0.08,0.0
看完一场电影，心中久久不能平静。那些虚构的故事，总是能在某个瞬间，触动我们内心最柔软的地方，留下深深的印记。 #电影 #触动,0.0,0.12,0.58,0.06,0.33,0.06
周末午后的阳光透过窗帘洒在地板上，暖洋洋的。坐在书桌前，手中翻动着一本诗集，恍若回到了那段简单却充满梦想的岁月。 #诗集 #阳光,0.0,0.0,0.85,0.13,0.0,0.0
今日一场突如其来的暴风雨，打乱了我的计划。可雨过天晴后，发现世界竟然变得格外清新，仿佛一切都有了重新开始的可能。 #暴风雨 #新生,0.12,0.09,0.6,0.0,0.2,0.22
早晨，街道空荡荡的，唯有清晨的风和街角的咖啡香让我停下脚步。生活的点滴，恰似一首轻柔的歌，总在不经意间，悄然响起。 #清晨 #生活,0.0,0.07,0.66,0.22,0.23,0.0
在那个温暖的午后，我捡起一片落叶，轻轻将它夹在书本里。每次翻阅，它都会提醒我那些流逝的时光。 #午后 #记忆,0.0,0.08,0.53,0.18,0.28,0.0
走在街上，忽然想起了一句诗：“我们在生活中迷失，但总能在某个角落找回自己。” 是的，或许迷失才是我们找到真实自我的过程。 #迷失 #自我,0.0,0.06,0.32,0.27,0.32,0.08
夜晚的灯光总是那么温柔，仿佛是为了抚平一天的疲惫。偶尔静静坐在窗前，看到街角的灯火，不禁想起那些走过的岁月。 #夜晚 #回忆,0.0,0.0,0.7,0.09,0.27,0.0
人生的某些时刻，就像是一场突如其来的暴风雨。我们无法预料它的来临，但总能从中找到新的意义。 #人生 #暴风雨,0.0,0.13,0.48,0.33,0.22,0.0
每次翻开书本，我总能感受到某种久违的力量。它让我知道，无论何时，文字总能给我们提供一个安静的庇护所。 #书籍 #力量,0.0,0.06,0.89,0.12,0.0,0.0
看到一句话：“人生是一场没有彩排的演出。” 突然意识到，每一次的选择，都是我们自己的剧本。 #人生 #选择,0.0,0.0,0.45,0.28,0.25,0.1
与其追求那些外在的闪光，倒不如在平凡的日子里，找到属于自己的光亮。 #平凡 #光亮,0.0,0.0,0.72,0.31,0.0,0.0
遇到一首诗：“我爱你，仿佛爱一个孤独的星球。” 突然意识到，也许每个人内心深处，都是一个孤独的星球。 #孤独 #星球,0.11,0.11,0.25,0.24,0.41,0.09
春天的清晨，走在乡间的小路上，四周的草木散发着生机。突然想起，生活的意义，或许就在这些不经意的瞬间。 #春天 #生机,0.07,0.05,0.68,0.14,0.11,0.12
一切都在变，唯有自己，始终如一。 #变 #自我,0.0,0.0,0.72,0.29,0.0,0.1
每一次的相遇与离别，都是生活给予我们的礼物。 #相遇 #离别,0.0,0.05,0.43,0.32,0.42,0.0
读到一段话：“生命中总会有一些过客，他们给了我们一段美好的回忆。” 是的，生活的美好，或许就在这些过客的身影中。 #回忆 #过客,0.0,0.0,0.67,0.23,0.18,0.05
生活有时像是一本未完的书，而我们每个人，都是其中的一页。 #生活 #书籍,0.0,0.0,0.32,0.56,0.22,0.07
有时候，简单的微笑，就能让人感到温暖。 #微笑 #温暖,0.0,0.0,0.91,0.13,0.0,0.0
走在大街上，看到那些匆匆的身影，我总是会想，他们每个人的心中，是否也藏着一段未曾诉说的故事？ #故事 #心情,0.0,0.0,0.17,0.24,0.53,0.11
如果每个人都能静下心来，去感受生活中的小确幸，或许这个世界会变得更加美好。 #生活 #小确幸,0.08,0.0,0.92,0.09,0.0,0.05
在这个喧嚣的世界，偶尔的安静时刻，才是我们最宝贵的礼物。 #安静 #世界,0.0,0.0,0.74,0.24,0.06,0.0
忽然意识到，生活并不是一场终点赛，而是一个不断前行的旅程。 #旅程 #前行,0.0,0.07,0.66,0.2,0.11,0.06
每一片落叶，都承载着一个秋天的故事。 #秋天 #故事,0.0,0.0,0.39,0.53,0.1,0.0
思绪乱飞，像一只迷失的鸟。 #思绪 #迷失,0.08,0.21,0.0,0.24,0.6,0.0
明天将是另一天，带着全新的希望和梦想。 #明天 #希望,0.0,0.0,0.9,0.0,0.0,0.0
今天听到一句话：“每一次的跌倒，都是向前的一步。” 是的，生活中的每一个挫折，都在教我们成长。 #挫折 #成长,0.0,0.0,0.74,0.17,0.09,0.0
生活总是充满未知，但正是这些未知，构成了我们人生的精彩。 #未知 #精彩,0.0,0.1,0.81,0.15,0.0,0.1
春天的空气中弥漫着泥土的芳香，让人不自觉地感到心灵的宁静。 #春天 #芳香,0.0,0.0,0.6,0.44,0.0,0.0
在那些寂静的夜晚，我常常沉浸在自己的思考中，仿佛整个世界都安静了。 #夜晚 #思考,0.0,0.1,0.31,0.29,0.33,0.06
时光流转，每一个瞬间，都值得珍惜。 #时光 #珍惜,0.0,0.0,0.8,0.17,0.14,0.0
有时候，放下手中的所有，静静地看一场夕阳，也是一种美好的生活方式。 #夕阳 #生活,0.0,0.0,0.86,0.23,0.0,0.0
不必追求完美，生活中的小缺憾，才是最动人的部分。 #缺憾 #动人,0.0,0.07,0.8,0.15,0.19,0.0
生活的每一段旅程，都有它独特的意义。 #旅程 #意义,0.0,0.0,0.51,0.61,0.0,0.0
看着窗外的夜色，我开始思考，人生的意义，或许就是在这些细小的瞬间中找到属于自己的答案。 #夜色 #人生,0.07,0.0,0.54,0.2,0.23,0.14
