posts,angry,fear,happy,neutral,sad,surprise
今天看到一段视频，想到自己小时候也曾如此天真地笑过，不知不觉时间已过去了那么久。回首那些日子，我时常在想，时间会带走一切，但内心的那个自己总会保留些许痕迹。#生活点滴#,0.0,0.0,0.52,0.08,0.41,0.1
今天又去逛了那家小店，店主是个喜欢讲故事的老人，每次都能听到他讲的旧时光里的奇闻逸事。每次离开时，我总觉得仿佛从另一个世界回来，心里满是温暖。#偶遇的故事#,0.0,0.0,0.93,0.0,0.0,0.07
和朋友一起去看展览，展厅里的每一幅画似乎都在诉说着一个被岁月沉淀下来的故事，静静地观赏时，心中满是共鸣。艺术，总是如此触动心灵。#艺术的力量#,0.0,0.0,0.86,0.1,0.0,0.1
昨天晚上做了一个梦，梦见自己在大海边走着，迎面吹来凉爽的海风，心情意外的放松。醒来后，依然能感受到那份宁静。或许生活中的静谧时光，才是最值得珍藏的。#梦境的回响#,0.0,0.0,0.81,0.11,0.06,0.05
每当夜幕降临，城市的喧嚣渐渐远去，我喜欢静静地坐在窗前，看着灯光一点点亮起，心里却总是有种说不出的宁静。生活中的每一个夜晚，都是温柔的陪伴。#夜的温柔#,0.0,0.0,0.95,0.05,0.0,0.0
又是一年樱花开，去年在这条街道上走过一次，心里默默许下愿望。今年，我依然在这里，愿望依旧未变，心情却不再是那时的模样。时光过得真快，自己也变了很多。#樱花下的思绪#,0.13,0.0,0.67,0.0,0.34,0.0
走进图书馆，拿起一本不知为何吸引我的书，翻开每一页，字里行间仿佛与自己心底的某个部分产生了共鸣。阅读的时光，似乎总能治愈内心的一些创伤。#书的世界#,0.06,0.0,0.65,0.14,0.15,0.07
今天去看了场电影，虽然情节简单，但结尾处的那个眼神，仿佛触碰到我的内心深处。其实，我们每个人都在寻找一个能理解我们的人。#电影感悟#,0.0,0.0,0.68,0.27,0.06,0.06
闺女问我，如果未来能过上简单的生活，你愿意吗？我想了想，答道：“愿意。”不必奢华，不必复杂，只需一份安宁和温暖。#简简单单的幸福#,0.0,0.0,0.77,0.15,0.05,0.07
跟朋友聊起了曾经的梦想，发现那些青涩的愿望已经悄然变化。成长的过程，真的是一个不断修正的过程，直到你找到了最真实的自己。#成长的痕迹#,0.0,0.0,0.88,0.0,0.1,0.06
看到一篇诗歌，字里行间似乎勾画出了一幅画，静静地放在心里。每个人心中都有一片未被诉说的土地，那里有你所有的情感和梦想。#心灵的诗篇#,0.0,0.0,0.75,0.26,0.08,0.0
一个人去散步时，总能感受到一种莫名的宁静。穿过街角的那条巷子，脚步声和风声交织成一曲无声的旋律。或许，这就是生活最美的节奏。#孤独的步伐#,0.08,0.0,0.68,0.2,0.13,0.0
有时，我们常常低头忙碌，忘记抬头看看天空。今天终于抬起头，看到了那片湛蓝的天，心里莫名感到安慰。原来，生活中，最美的事物总是最简单的。#仰望天空#,0.0,0.0,0.85,0.0,0.1,0.07
最近在家里养了一盆兰花，每次看着它安静地绽放，心里总是有种说不出的平静。或许，生活就像这盆兰花，默默绽放在我们不经意的角落里。#安静的成长#,0.0,0.0,0.82,0.14,0.09,0.07
回想起去年旅行的点点滴滴，每个风景都那么鲜明，仿佛还在眼前。或许，真正的旅行，不仅是走过的地方，更是心灵的触动。#旅行的意义#,0.0,0.0,0.84,0.1,0.0,0.12
今天和闺女一起做饭，厨房里充满了欢笑和香气。那些简单的时光，总是最温暖的记忆。每次回忆起来，都觉得特别幸福。#厨房里的温暖#,0.07,0.06,1.0,0.0,0.0,0.0
今天做了个梦，梦到自己在一片金黄的稻田里奔跑，阳光洒在身上，风拂过发梢，心情特别好。醒来后，依然记得那份自由和轻松。#梦中的田野#,0.08,0.0,0.93,0.0,0.0,0.0
看着窗外的雨，静静地思考一些事情。生活总是充满变数，但无论怎样，我们总要坚持自己的信念，继续前行。#雨中的思索#,0.0,0.0,0.79,0.1,0.07,0.0
听了一首老歌，突然间感觉自己回到了从前。那些往事像是电影片段，一幕幕浮现在眼前。每个瞬间，都那么鲜活。#怀旧的旋律#,0.06,0.0,0.84,0.0,0.12,0.08
这个周末，打算去山里走一走，呼吸新鲜空气，放松一下身心。偶尔放慢脚步，感受大自然的馈赠，真的很治愈。#山间的清新#,0.0,0.0,0.92,0.07,0.0,0.0
最近在看一本心理学书籍，读到一段话让我深思：“我们内心的伤痕，只有自己能治愈。”或许，时间真的是治愈一切的良药。#内心的治愈#,0.0,0.0,0.4,0.43,0.33,0.0
想到一件事情，不禁微笑。原来自己一直在不经意间变得坚强，过去的那些困难，仿佛变成了养分，滋养着现在的自己。#成长的力量#,0.0,0.0,0.98,0.0,0.06,0.06
昨天晚上跟朋友聊到了未来，我们都说，未来没有那么可怕。重要的是，活在当下，做最真实的自己。#活在当下#,0.0,0.15,0.72,0.15,0.0,0.07
和闺女一起在公园里散步，看到她开心的笑容，心里也跟着温暖起来。生活中，有那么多值得珍惜的瞬间，不是吗？#亲情的温暖#,0.0,0.0,1.0,0.0,0.0,0.0
那些年少时的梦想，如今或许已经发生了变化，但有些东西依然未曾改变。就像那颗永不熄灭的星辰，指引着我们走向未来。#梦想与现实#,0.0,0.0,0.84,0.09,0.0,0.08
和朋友一起喝咖啡，聊到了我们喜欢的那些电影和书籍，突然意识到，生活中的小小喜好，竟能让我们找到如此多的共鸣。#分享的快乐#,0.07,0.0,0.87,0.0,0.0,0.18
每次坐在窗前，看到外面的世界，心里都会有一股莫名的感动。每个人都有属于自己的节奏，虽然偶尔会迷失，但总能找到回归的方向。#人生的节奏#,0.0,0.0,0.96,0.0,0.0,0.07
最近在想，或许我们生活中最缺少的就是一份简单的满足。太多时候，我们追求的东西太多，忘记了停下来，欣赏眼前的美好。#简单的满足#,0.0,0.0,0.74,0.0,0.26,0.08
今天去了一个小小的咖啡店，静静地坐在那里，喝着热腾腾的咖啡，看着窗外的街景。突然意识到，生活其实并不复杂。#咖啡时光#,0.0,0.0,0.67,0.2,0.13,0.15
和闺女一起去逛市场，看到那些新鲜的水果和蔬菜，突然觉得生活真是美好。每一份食材都承载着大自然的馈赠。#生活中的小确幸#,0.0,0.0,1.0,0.0,0.0,0.09
今天去了一家安静的小书店，坐在角落里翻开一本书，世界仿佛瞬间安静了下来。这样的时光，才是最治愈的。#书店的安宁#,0.0,0.06,0.78,0.24,0.0,0.05
今天去散步，经过了一片花园，里面的花都开得正艳。看着它们在风中摇曳，心里不禁涌上一股温暖的情感。#花园里的感动#,0.06,0.0,0.91,0.0,0.05,0.0
有时，我们都在寻找一种生活的平衡。既想自由自在，又需要稳定的脚步。生活中的每个选择，都在塑造我们的人生。#人生的选择#,0.0,0.0,0.54,0.39,0.08,0.1
昨天看了部电影，结尾让人有点不舍。原来每个故事都有它的终点，我们也应该学会接受并珍惜那些过往。#电影的余韵#,0.0,0.0,0.42,0.17,0.48,0.0
今天早上，阳光透过窗帘洒进房间，温暖的光线让我心情变得特别好。生活中的小小细节，真的能带来意想不到的快乐。#阳光里的温暖#,0.09,0.0,1.0,0.0,0.0,0.0
今天终于完成了一个长时间的计划，心里无比满足。原来，一步一步坚持下去，终究会看到努力的成果。#努力与回报#,0.0,0.0,1.0,0.0,0.0,0.0
看到一段话：“最美的时光，是你现在正在经历的。”是啊，往往在我们追逐的过程中，忽略了眼前的美好。#珍惜现在#,0.0,0.0,0.39,0.13,0.59,0.0
最近一直在整理老照片，回忆起那段时光，竟然有些许感动。生活中的每一个瞬间，都是岁月送给我们的礼物。#时光的印记#,0.0,0.0,0.86,0.0,0.0,0.12
今天又在花店买了几盆植物，心里想着，生活不就是由这些细碎的小美好组成的吗？每一朵花，都在诉说着它的故事。#花店里的故事#,0.06,0.0,0.68,0.2,0.13,0.12
最近在尝试冥想，感受内心的宁静。有时，停下来静静思考，反而能找到更多的答案。#冥想时光#,0.0,0.0,0.62,0.32,0.1,0.0
每当我迷失时，总会在一些温暖的记忆中找到方向。生活中，最重要的是始终保持内心的光亮。#迷失与找到#,0.0,0.0,0.83,0.11,0.09,0.0
在闷热的午后，突然感到一阵微风吹过，瞬间清凉。生活中的这些小意外，总是能带来莫名的惊喜。#微风拂面#,0.06,0.0,0.83,0.06,0.0,0.16
那天在公园里看到一只小狗，它跑得那么快，尾巴摇得特别欢。看着它，我突然觉得，我们也可以像它一样，勇敢地追逐自己的梦想。#小狗的奔跑#,0.0,0.0,0.91,0.0,0.0,0.0
昨天去吃了一家小餐馆，虽然环境简单，但味道却格外好。或许，有时最简单的东西，才最能触动心灵。#简单的美好#,0.0,0.0,0.86,0.08,0.0,0.15
看着窗外的夕阳，心里充满了宁静的感动。生活就是这样，有时匆忙，有时慢下来，享受每个瞬间。#夕阳下的思考#,0.0,0.0,0.89,0.08,0.06,0.05
和朋友聊起过去的事，我们都笑了。时间真是个神奇的东西，它让我们学会了原谅，学会了放下。#过去的回忆#,0.0,0.0,0.83,0.0,0.12,0.1
有时候，安静地坐在角落里，听听音乐，看看书，时间就这么静静流淌。生活中的静谧，给了我们最多的治愈。#安静时光#,0.0,0.0,0.88,0.18,0.08,0.0
这几天特别喜欢去公园走走，闻闻花香，看看绿意。大自然，总是能给人一种心灵上的抚慰。#自然的力量#,0.0,0.0,1.0,0.08,0.08,0.0
今天去逛街，看到一家很有趣的小店，满是手工艺品。每一件作品都充满了创造力，让人感到温暖和欣赏。#手工艺术#,0.0,0.0,0.88,0.21,0.0,0.0
和闺女一起看书，她突然问我：“妈妈，你喜欢什么样的生活？”我想了想，回答：“我喜欢平静、充实的生活。”#亲子对话#,0.0,0.0,0.43,0.45,0.11,0.19
