posts,angry,fear,happy,neutral,sad,surprise
没有什么比在雨后清新的空气中漫步更让人感到内心平静了。虽然生活常常充满了不确定性，但正因为如此，我们才更能感受到每一个小确幸的珍贵。也许，我们要学会让自己与生活和解。,0.0,0.0,0.88,0.12,0.0,0.0
今天在书店翻到一页自己曾经读过无数次的诗，竟然还会有新的感悟。每一次回望，都是自己成长的痕迹。生命的美好就在于，它总能在每个时刻给予我们新的启发。,0.0,0.0,0.96,0.0,0.0,0.09
夏日的午后，总觉得时间流得太慢。喜欢这样静静地坐着，听窗外的蝉鸣，偶尔瞥一眼满墙的绿意，心里充满了简单的幸福感。也许，这就是生活最原始的美好。,0.0,0.0,1.0,0.0,0.0,0.0
看电影时，总是被情节的力量深深吸引，那种从内心生出的共鸣，仿佛每一个镜头都是自己灵魂的投射。或许，艺术的最大魅力，就是它能让我们触摸到自己最真实的情感。,0.0,0.0,0.78,0.22,0.0,0.05
有时候，我们的内心需要一场突如其来的安静，来梳理一切复杂的情感。或许，这就是为什么我会喜欢在喧嚣的城市中寻找那一份属于自己的宁静。,0.0,0.0,0.44,0.34,0.24,0.0
突然明白了，生活的意义或许就在于，能在每一个平凡的日子里找到属于自己的光芒。无论多么微小，那些瞬间都能成为我们内心深处的一部分。,0.0,0.0,0.82,0.07,0.0,0.06
这些年，学会了不再强求完美。生活有时就像那朵盛开的野花，不需要过多修饰，天然的美好最能触动人心。也许，这就是我对生活最深的理解。,0.0,0.0,0.93,0.07,0.0,0.0
有些日子，我们总是被一堆琐事困住，忘记了去感受生活的美丽。今晚就让自己放松，看看夜空，或许会找到一些久违的宁静和力量。,0.0,0.0,0.81,0.12,0.2,0.0
在这个充满匆忙的世界里，我总是在寻找那一份属于自己的悠闲与宁静。偶尔停下来，回望自己走过的路，才发现，内心的平和从未离开过。,0.0,0.0,0.47,0.22,0.37,0.06
喜欢那种一个人独处的感觉，带着音乐走进自己的世界，慢慢品味着生活的点滴。也许，只有在这样的时刻，才能找到自己最真实的声音。,0.0,0.0,0.95,0.11,0.0,0.0
每次看书时，总会被那种文字的力量深深吸引。它们就像是带我穿越时空的钥匙，让我走进那些未曾经历过的故事，感受到不同的人生。,0.0,0.0,0.89,0.11,0.0,0.0
有时我会感叹，自己身边的一切似乎都在变化，而我依然在原地默默观察、沉淀。或许，这就是我对生活最真切的感悟——学会静静地观察，才能发现最美的风景。,0.0,0.0,0.81,0.13,0.14,0.07
想起了那些年在校园里无忧无虑的日子，那个时候的我总是怀揣着无限的梦想，期待着未来的每一个惊喜。如今，尽管时光流转，心中的那份纯粹却依旧未曾改变。,0.1,0.0,0.69,0.0,0.27,0.06
有时会想，生活中的那些琐碎并不是束缚我们的一根绳索，而是给我们带来的一种莫名的温暖。也许，正是这些琐事，塑造了我们坚韧的内心。,0.0,0.0,0.65,0.16,0.22,0.0
不知道为什么，每次看到夕阳西下，总会有种说不清的情感涌上心头。或许，那正是时间带来的无奈和思考，它提醒我们珍惜每一个当下。,0.0,0.0,0.43,0.16,0.43,0.0
今天偶然翻到一张老照片，那时候的我似乎还是那么年轻，充满了无数的梦想和期待。岁月如流水，但那些美好的记忆依然是我心中的一部分。,0.0,0.0,0.86,0.0,0.12,0.05
每一次看完一场演出，都会有一种难以言喻的情感，仿佛艺术带走了我的一部分，也给了我新的力量。艺术的魅力，或许就在于它能触动我们最柔软的地方。,0.0,0.0,0.91,0.12,0.0,0.0
生活中的小确幸，总是在不经意间悄然降临。今天的清晨，阳光洒进房间，那一刻，我突然觉得，世界似乎变得温柔了许多。,0.07,0.0,0.86,0.07,0.0,0.08
一个人的孤独并不代表寂寞，而是一种与自己对话的方式。慢慢发现，独处时的那份宁静，反而能让我更好地找到自己的方向。,0.0,0.0,0.85,0.17,0.09,0.0
看着窗外的雨，突然明白了，生活的节奏并不总是匆忙。有时停下脚步，享受这片刻的安静，才是最值得珍惜的时光。,0.0,0.0,0.84,0.0,0.12,0.0
今天的心情，似乎有些沉重。生活中的每一次冲突与摩擦，都会让人感到疲惫。但我知道，经过这些挑战，我会变得更加坚强。,0.0,0.07,0.79,0.0,0.18,0.0
今天在街头漫步，突然被一首老歌打动。原来，很多回忆都藏在那些简单的旋律里，听到时，总能激起内心的涟漪。,0.0,0.0,0.8,0.08,0.09,0.0
生活给了我很多挑战，但也赐予了我坚持的勇气。无论前方的路如何，我都会以平和的心态，走自己的路，去迎接每一个晨曦。,0.0,0.0,0.95,0.09,0.0,0.0
每当我在午夜静静地写下思绪时，总会感觉自己与世界的连接变得更加深刻。文字，是我与外界沟通的桥梁，也是一种自我疗愈的方式。,0.0,0.0,0.82,0.3,0.0,0.0
夜深了，独自坐在窗前，忽然觉得自己好像能够听到内心深处的声音。这种安静，原来是如此珍贵，仿佛能够听到宇宙的低语。,0.0,0.0,0.78,0.12,0.1,0.07
我们常常在迷茫中寻找方向，却忘了停下来聆听自己的声音。或许，内心的指引才是我们最可靠的指南针。,0.0,0.0,0.43,0.33,0.33,0.0
每当我看到身边的朋友们努力追求梦想时，我总会不由自主地感到鼓舞。也许，生活的美好就在于，我们都在不断向前，不断超越自己。,0.07,0.0,0.95,0.0,0.0,0.0
最近常常在想，生活中的每一次跌倒，都是一种成长。没有人能永远顺风顺水，重要的是，我们能从每一次失败中学到些什么。,0.0,0.0,0.59,0.09,0.3,0.0
每当走进书店，我总会被那种安静的氛围吸引。翻阅着那些书籍，心灵仿佛得到了洗涤。书籍是最好的朋友，它们能陪伴我度过每一个孤独的夜晚。,0.0,0.0,0.95,0.12,0.0,0.0
有些时刻，静静地坐着什么都不做，反而是最充实的。生活不总是需要不停地奔波，有时放慢节奏，反而能看清更多的美好。,0.0,0.0,0.94,0.07,0.0,0.0
今天去看了一场话剧，虽然剧情有些复杂，但每个演员的表演都让我感到震撼。艺术总是能够带给我们不一样的感动，无论形式如何。,0.0,0.0,0.89,0.09,0.0,0.06
今天的心情有些低落，但也不想让它影响整个一天。生活中总有一些小困扰，但只要自己愿意，随时都能找到重新站起来的力量。,0.0,0.0,0.89,0.0,0.0,0.0
每天看着窗外的阳光洒满大地，总会忍不住想，生活其实也很简单。就像这阳光一样，温暖而宁静，只要我们用心去感受。,0.0,0.0,0.97,0.0,0.0,0.0
最近常常在反思自己，发现自己其实还缺少很多东西。成长的过程，原来并不是一帆风顺的，但我依然愿意勇敢地前行。,0.0,0.0,0.85,0.0,0.07,0.0
看过一本书，里面写到“人活一世，最重要的就是要找到自己真正的兴趣。”我也在寻找自己的兴趣，它就像是我灵魂的指引，让我在迷茫中看见光明。,0.0,0.0,0.69,0.34,0.0,0.0
有时会觉得，生活的美好并不在于拥有多少，而在于拥有的每一件事物都能给我们带来平静与满足。今天的心情，算是充实的吧。,0.06,0.0,0.95,0.0,0.0,0.0
今天走在路上，忽然间被那片枫叶吸引。生命的美好就在于，它总是能在不经意间给你带来小小的惊喜。,0.0,0.0,0.95,0.0,0.0,0.06
看着窗外的星空，忽然觉得生活的每一个小片段都那么美好。即使是最平凡的时光，也能带来无尽的回忆。,0.0,0.0,1.0,0.0,0.0,0.0
每当面对困难时，总会有一股力量激励我继续前行。或许，那股力量来自内心深处的信念，让我相信，前方的路总是充满希望的。,0.0,0.0,0.97,0.0,0.0,0.0
生活就像是一本未完成的书，每一页都充满了未知的故事。我期待着，每一次翻开，都会遇见一个全新的自己。,0.06,0.0,0.9,0.06,0.0,0.0
今天的早晨，阳光洒进房间，空气清新。感受到那一份从容与宁静，才意识到，真正的幸福，原来是如此简单。,0.0,0.0,0.89,0.0,0.0,0.1
或许，我们都不必去追求完美，而是去欣赏那些不完美的瞬间。每一个不完美的自己，才是最真实、最值得珍惜的。,0.0,0.0,0.85,0.13,0.06,0.0
有时，生活真的太复杂了。总有许多不期而至的挑战。但我相信，保持内心的平静，总能找到前行的道路。,0.0,0.0,0.76,0.12,0.08,0.0
一个人的世界里，时常会有孤独，但更多的却是自我探索和成长。在这种宁静的时光里，我学会了如何面对自己，如何面对生活。,0.0,0.0,0.83,0.18,0.0,0.0
今天走在街上，偶然听到一首熟悉的歌，心里不禁泛起了涟漪。那些年少时的回忆，总是在不经意间回到我们身边。,0.07,0.0,0.54,0.08,0.39,0.0
生活总是充满不确定性，但也正是这些不确定，成就了我们不一样的故事。每一步的选择，都是一种独特的体验。,0.0,0.0,0.84,0.25,0.0,0.06
每当我感到迷茫时，总会选择放下手中的事，静静地走一走。大自然的美景，总能让我找回那份久违的宁静。,0.0,0.0,0.87,0.11,0.2,0.0
今晚的月亮特别明亮。站在窗前，静静看着它，我觉得所有的烦恼和不安都消失了。大概就是这样，心里有光，眼里有星。,0.0,0.0,0.9,0.09,0.06,0.0
生活中的每一份感动都值得铭记。今天看到街头那位小女孩的笑容，心里莫名觉得温暖。她的笑就像是生活送给我的小礼物。,0.07,0.0,0.99,0.0,0.0,0.0
我们总是习惯去回忆过去，却忘了享受当下的美好。今天，决定放下所有的压力，去做自己喜欢的事，享受生活中的每一刻。,0.06,0.0,0.81,0.09,0.09,0.0
