posts,angry,fear,happy,neutral,sad,surprise
总有一些瞬间让我想起那些年逝去的时间，曾经我们无所畏惧，但今天却不敢正视内心的虚无。或许，成长就是不断与自己对话，慢慢懂得放下。,0.0,0.06,0.48,0.13,0.46,0.0
在春天的雨中站立，仿佛听到大地在低语。或许，生活的意义就在这些细微的瞬间里，每一滴雨都是一段未曾触及的故事。,0.0,0.0,0.66,0.2,0.2,0.0
有些人离开之后，我才知道，原来爱并不是一定要拥有，而是学会如何放手。放手之后，才会明白，爱过的意义。,0.0,0.0,0.29,0.16,0.63,0.11
夕阳下，街角的小店依旧亮着昏黄的灯。无数人匆匆而过，可我却停下了脚步。也许，生活的美好就是停下来，听听心底的声音。,0.09,0.0,0.54,0.14,0.39,0.0
今天在图书馆翻开一本旧书，书页微微泛黄，字里行间透着曾经的温度。时间啊，真的能把所有的记忆都变成一种温柔的怀念。,0.0,0.0,0.74,0.0,0.31,0.0
生活不就是这样么？有时快乐与悲伤就像天上的云，飘然而至，却也终将离去。最重要的是，学会如何在这其中找到自己的位置。,0.07,0.0,0.44,0.18,0.46,0.0
你有没有发现，许多我们追寻的东西，最终并没有给我们带来想象中的满足。或许，真正值得追求的，是内心深处的平和与宁静。,0.0,0.0,0.48,0.29,0.24,0.05
某些夜晚，灯火阑珊，我独自走在空无一人的街道上。突然意识到，孤独并不可怕，反而是一种让人重新认识自己的机会。,0.07,0.18,0.52,0.18,0.22,0.06
我不想再追寻完美了，生活中的裂缝与不完美，正是让我们看到真实的地方。也许正是这些缺憾，才是最美的存在。,0.0,0.0,0.73,0.07,0.25,0.0
春风拂过脸庞，那一瞬间我忽然感受到一种温暖，它不像阳光那样耀眼，却又是最柔软的触感。大概，生活的意义就藏在这些细腻的瞬间吧。,0.0,0.0,0.92,0.0,0.0,0.09
我开始意识到，每一段关系，无论是深刻的还是短暂的，都在教会我如何爱与被爱。或许，爱的意义就是在不断试错中找到那个正确的自己。,0.0,0.0,0.75,0.2,0.09,0.0
今天跟朋友聊到未来，我们不再讨论远大的梦想，而是开始思考如何在当下找到平静。大概，这就是成长的过程吧。,0.0,0.0,0.74,0.24,0.0,0.08
每次看《她》，总是会想到自己。那种深深的孤独感，仿佛在提醒我：我也曾在寻找自己，而那条路，有时比想象的更长。,0.0,0.06,0.0,0.18,0.81,0.0
站在这座城市的最高点，我看到的是无数交织的灯火。每盏灯背后都有一个故事，而我不过是其中一个过客。,0.0,0.0,0.24,0.52,0.23,0.08
不知道从什么时候开始，我不再想逃避痛苦。反而，我开始接纳它，因为痛苦让我更加清晰地看见自己。,0.0,0.0,0.73,0.08,0.26,0.0
今天和朋友讨论关于梦想的意义，我们都明白了一个道理：梦想并不需要完美，它只是让我们在前行的过程中不至于迷失。,0.0,0.0,0.58,0.43,0.0,0.0
不懂得珍惜当下的人，最后会被时间带走。而那些懂得停下脚步的人，往往能在最简单的日子里找到生活的美好。,0.0,0.0,0.76,0.24,0.12,0.0
有些话，留在心里永远比说出来更珍贵。就像一些感情，沉淀下来，反而更加深刻。,0.0,0.0,0.83,0.17,0.21,0.0
人生的转折点，总是在我们最不经意的瞬间出现。也许，重要的不是选择本身，而是我们如何接受这些选择后的一切。,0.0,0.0,0.41,0.4,0.26,0.1
最近总喜欢看那些黑白的老电影，它们没有如今的光鲜，却总能触动内心最柔软的地方。也许，经典的力量就在于它能跨越时间与空间。,0.0,0.0,0.84,0.11,0.11,0.0
每当夜深人静时，我总是会想，是否曾经错过了些什么。然后意识到，其实每个选择都带来了自己的意义。,0.0,0.0,0.1,0.21,0.67,0.07
有时候，最痛苦的并不是失去，而是从未真正拥有。可奇妙的是，正是这种空缺，让我开始重新审视自己的内心。,0.0,0.06,0.13,0.13,0.63,0.15
喜欢在街角的小店里喝一杯热茶，那种温暖流进心里，让我觉得自己还活着，依然能感受到世界的温度。,0.0,0.0,1.0,0.0,0.0,0.0
今天走在街上，看到一位老人静静地坐在路边，看着远方。突然意识到，人生的意义，也许就是不断地在流逝的时光中找到自己。,0.0,0.0,0.63,0.16,0.26,0.06
我喜欢那种宁静的时刻，无需言语，心与心之间的默契。生活其实并不复杂，它只是需要我们学会感知。,0.0,0.0,0.91,0.19,0.0,0.0
我们常常在未来的假设中迷失，却忽略了眼前的每一个瞬间。今天开始，我决定活在当下，去享受每一个当下的温暖。,0.07,0.0,0.8,0.1,0.05,0.07
看着窗外的风景，心情莫名平静。也许，生活的智慧就在于，不去强求什么，顺其自然，反而能找到最合适的方向。,0.0,0.0,0.85,0.12,0.05,0.0
随着年龄的增长，我开始懂得，真正的自由并不是逃避责任，而是能够面对生活中的一切，毫不惧怕。,0.0,0.14,0.76,0.22,0.0,0.0
最近读到一句话：“人生就是一个不断修补的过程。”我突然明白了，只有接受自己的不完美，才能在碎片中找到完整。,0.0,0.0,0.54,0.23,0.22,0.0
有时候，我们的眼睛太过聚焦未来，以至于错过了眼前的美好。今天，我决定停下脚步，感受每一丝清风，享受这一刻的宁静。,0.0,0.0,0.62,0.19,0.3,0.0
今天看到一则新闻，说世界上最美的事物是“宁静”。我想，是的，内心的宁静，才是最值得追求的美好。,0.0,0.0,0.72,0.19,0.0,0.07
刚刚看完一部电影，结局让我深思。也许，人生就像这部电影一样，虽然有许多不确定，但最终我们都在寻找属于自己的意义。,0.0,0.0,0.67,0.17,0.17,0.0
走过的每一段路，遇见的每一个人，都在默默塑造着现在的我。也许，正是这些经历让我学会了如何与自己和解。,0.0,0.0,0.76,0.15,0.13,0.0
昨天在公园里看到一棵树，枝干弯曲，却依然坚韧。那一刻，我突然明白了生活的意义，或许就是无论如何都要站得稳，活得不屈。,0.0,0.0,0.91,0.0,0.0,0.0
每当我看见孩子们天真的笑容，我会想起曾经无忧无虑的自己。也许，我们都曾经是那个纯真的孩子，只是生活慢慢改变了我们。,0.0,0.0,0.72,0.05,0.33,0.0
最近有点迷茫，不知道自己在追求什么。但我知道，无论多么混乱，终会有一天，我会找到自己真正的方向。,0.0,0.0,0.7,0.11,0.07,0.0
每一首歌都有它的故事，每一个旋律都有它的心情。我喜欢在歌曲中找到自己，而那种共鸣，正是我与世界最真实的联系。,0.0,0.0,0.83,0.25,0.0,0.0
今天走进一间书店，书香扑面而来。突然发现，我已经很久没有静下心来阅读了。也许，我们总是在寻找外界的答案，却忽略了内心的声音。,0.06,0.0,0.15,0.22,0.6,0.14
生命中最美的风景，总是那些被遗忘的瞬间。它们不会发光，但它们无声地存在，在每个人的心底。,0.0,0.0,0.7,0.26,0.17,0.0
今天走在街头，看见一位陌生人静静地笑着。我想，那一定是他找到了属于自己的幸福，而我，也在寻找着属于我的。,0.0,0.0,0.76,0.08,0.13,0.07
曾经总是想着如何改变这个世界，后来发现，世界的改变其实来源于内心的觉醒。只有改变自己，才能影响周围的一切。,0.0,0.0,0.66,0.29,0.06,0.1
每次旅行，都会看到不同的风景。其实，最大的收获不是看到的风景，而是旅途中的自我发现。,0.0,0.0,0.87,0.23,0.0,0.0
对我来说，最美的地方不是远方，而是眼前的每一片叶子，每一缕风。生活中的美好，其实就在这些微小的细节里。,0.0,0.0,0.88,0.12,0.0,0.0
最近喜欢独自一人去散步，走在安静的小路上，想一些不着边际的事情。这种安静的时刻，让我感到一种久违的平和。,0.0,0.0,0.88,0.15,0.0,0.05
每一次的心灵震动，都像是风中飘动的花瓣。虽然轻盈，却足以让我的内心涌起波澜。,0.0,0.0,0.71,0.14,0.11,0.0
生活不需要过多的规划，走一步算一步，偶尔也可以停下脚步，去感受周围的美好。,0.0,0.0,0.86,0.2,0.0,0.0
有时我会想，或许我们每个人都是宇宙中的一颗小星星。尽管微小，却也有属于自己的光芒。,0.0,0.0,0.58,0.24,0.18,0.11
今天又看见了那条熟悉的老街，街角的茶楼依旧飘着茶香。时间让我们变了模样，但那份熟悉却永远未变。,0.05,0.0,0.56,0.14,0.41,0.08
我常常在夜晚沉思，关于未来，关于生命的意义。也许，真正的答案从未远离，只是在我们安静下来时才能听到。,0.0,0.0,0.22,0.32,0.51,0.0
有时候，我想，生活就像一场游戏，不必太过计较输赢，重要的是，在过程中学会感恩和成长。,0.0,0.0,0.86,0.13,0.07,0.0
