posts,angry,fear,happy,neutral,sad,surprise
#苏打绿# 演唱会真的很美，每一首歌都像是从心底流出来的声音。今天的天空，今天的歌，我会一直记得。🌥️ #成都,0.0,0.0,0.93,0.0,0.05,0.0
#演唱会# 那一刻，当苏打绿的旋律响起，我觉得自己和所有的陌生人都在同一个频率上。是的，我是一个被音乐感动的灵魂。🎶 #武汉,0.0,0.0,0.81,0.14,0.0,0.12
语言真的很神奇，rompecabezas的拼图游戏告诉我，破坏和脑袋的关系，数学和考后感受也有异曲同工之妙。学到新东西真好！📚 #dele,0.06,0.0,0.98,0.0,0.0,0.08
#旅行# 好久不见，闪闪发光的每一位！每次离开城市，心中总是涌起一种不舍的情感。每一次重逢，都是心底最柔软的地方。#郑州,0.0,0.0,0.8,0.0,0.22,0.07
成都，凤凰山的那一场演唱会，真的让我想起了曾经的自己。热泪盈眶，只因为苏打绿的歌，依旧那么动人。🎶 #成都,0.0,0.0,0.81,0.0,0.24,0.0
生活中的偶然，恰好实现了两个愿望。今天终于能看到苏打绿的演唱会，我的心像是被他们的音乐治愈了。❤️ #演唱会,0.0,0.0,0.94,0.0,0.0,0.06
今年的旅行，走过了不少地方，祖国的山河美得让我感动。从东北到西南，每个地方都有它独特的韵味。🌍 #旅行,0.0,0.0,0.94,0.07,0.0,0.0
工作日里，自己不再沉迷于时间的流逝，而是开始享受每一刻的宁静。每个周五，都是我和自己的小约会。💼 #周五,0.0,0.0,0.87,0.13,0.07,0.0
#duolingo# 和伙伴们一起学外语的日子真是充实又有趣，每次交流都是一次心灵的碰撞。学习语言，不只是为了说话，更是为了理解世界。🌍,0.0,0.0,0.92,0.0,0.0,0.0
#京剧# 看到第一次京剧表演，哭笑不得，真的被他们的表演深深吸引。每个表情、每个动作，都带着浓浓的文化气息。🎭,0.0,0.0,0.74,0.19,0.06,0.07
旅行的意义，不止在于到达的地方，更多的是在途中遇到的那些不经意的风景。每一条街，每一盏灯，都充满了故事。🌿 #旅行,0.0,0.0,0.82,0.19,0.0,0.05
今天的演唱会，看到他们的舞台表现，我突然明白了，生活也是一场演出，尽管艰难，我们依旧要在台上尽情演绎。🎤 #演唱会,0.0,0.0,0.85,0.09,0.0,0.07
第一次看到如此壮丽的马德里，这座城市的气氛，让我感觉自己仿佛融入了历史的长河。每一处街角，都有故事等着你去发现。🇪🇸 #马德里,0.0,0.0,0.78,0.18,0.0,0.09
上海的夏天总是那么温暖，坐在喷泉旁看世界慢慢流转，觉得自己也在这片温暖的光芒中重新找到了自己。🌞 #上海,0.0,0.0,1.0,0.0,0.0,0.06
#多邻国# 新版本的体验有点复杂，但又觉得它的挑战性让人不禁想要继续坚持下去。语言的学习，像一场耐力赛，每一步都值得庆祝。📚,0.0,0.0,0.91,0.09,0.0,0.0
#旅行# 每次去新的城市，心中总是有种归属感，似乎那里会成为我未来的一个家。每次离开，都带着不舍和期待。🛤️,0.0,0.06,0.61,0.06,0.3,0.0
最近看了《涪陵》，自然的风光、人文的气息都让我沉浸其中。翻完那本《科普之旅》，真的想带一本回家收藏。🌿 #文旅,0.0,0.0,0.72,0.19,0.1,0.0
今天的自己，像一颗沉静的星星。和自己相处的时光，或许是最真实的生活。我愿意静静地感受每一份平静与安宁。✨ #内心,0.0,0.0,0.86,0.13,0.0,0.0
上海的街头，偶遇了一位老朋友，久违的笑容让我感到温暖。每一次的相遇，都是时光的馈赠。💫 #相遇,0.0,0.0,0.92,0.0,0.07,0.0
有些人说，不是每段关系都需要重新开始，但每个新的旅程，都能让我们成为更好的人。#旅行 #人际关系,0.0,0.0,0.61,0.35,0.11,0.05
今天的京剧表演让我对中国传统文化有了更深的认识。那种强烈的情感表达，真的让我深深感动。🎭 #文化,0.0,0.0,0.81,0.17,0.0,0.0
假期时，去了故宫，看着那些古老的宫殿，突然明白，历史并不是过去的回忆，它活在我们每一个人的心里。🏰 #历史,0.0,0.0,0.52,0.23,0.15,0.15
今天在路上听到一首歌，突然间感觉它就是我此刻的心情写照。音乐的魔力就是这样，不需要言语，直接触动内心。🎶 #音乐,0.0,0.0,0.84,0.11,0.0,0.08
看到小猫在办公室安静地待着，我也开始羡慕它们的生活。没有压力，只有阳光和午后的慵懒。🐱 #生活,0.0,0.0,0.93,0.0,0.0,0.0
马德里的街头，好像每个角落都藏着历史的回音。在这座城市，每一个瞬间都能让你想起过去的自己。🇪🇸 #旅行,0.0,0.0,0.7,0.24,0.06,0.1
#周五# 突然发现自己已经习惯了这种工作日和周末交替的生活，但内心还是渴望更自由的时光。💼 #思考,0.0,0.0,0.58,0.0,0.26,0.05
#音乐节# 站在那片人海中，我突然意识到，音乐是能够让不同的灵魂互相交汇的媒介。在这里，大家是一样的心跳。🎵,0.08,0.0,0.76,0.13,0.0,0.12
有些旅行，并不是为了去哪里，而是为了重新认识自己。在陌生的城市里，自己反而更加清晰。🌍 #旅行,0.0,0.0,0.7,0.23,0.16,0.0
今天和同事聊到信佛的事，心里有些复杂。她说，面对伤害我们的人，也要心怀祝福。我觉得，这真的是一种很高的境界。🙏 #宽容,0.0,0.0,0.74,0.2,0.08,0.0
生活中，总有一些难以言喻的情感，像是被一首歌拉扯的旋律，总是能轻易触动我内心最柔软的部分。🎶 #情感,0.0,0.09,0.51,0.22,0.27,0.0
在机场的等待中，看到一位小女孩用她那纯真的笑容感染了我。她的笑像阳光一样，温暖了我整个心情。☀️ #心情,0.0,0.0,0.86,0.09,0.0,0.0
从上海到郑州，每一程的旅途都有不一样的风景和故事。这是属于我自己的故事，渐渐拼凑成一幅美丽的画。🚂 #旅行,0.0,0.0,0.84,0.14,0.1,0.0
每次旅行回来看旧照片，总会想起那些瞬间的感动。也许，旅行的意义就在于，它让我们感受到那一刻的美好。🧳 #回忆,0.0,0.0,0.84,0.0,0.14,0.06
生活中并不是每个人都会理解你，但那些懂你的人，足够让你温暖。今天又遇到了一位懂我的人，真好。🌸 #心灵共鸣,0.07,0.0,0.96,0.0,0.0,0.0
每次写东西，脑海中都会涌现出一篇篇未完成的故事。生活本身就是一个大写的故事，我希望我能用心去书写它。📖 #写作,0.0,0.0,0.73,0.21,0.07,0.0
在上海的这个冬天，看到雪花飘落，突然有些感慨，岁月的流转总是如此无情，而我们能做的，就是珍惜眼前人和事。❄️ #冬天,0.0,0.0,0.62,0.0,0.3,0.0
每次和朋友一起旅行，都会有许多笑声和回忆，仿佛这些小小的瞬间，就是我们生活中最珍贵的宝藏。👯‍♀️ #友情,0.0,0.0,0.91,0.0,0.0,0.0
看着外面飘着的雨，突然想到那首歌：“雨滴洒落在我心上”。有些思绪，真的只能通过音乐来表达。🌧️ #思绪,0.0,0.06,0.13,0.18,0.65,0.0
和朋友一起走过的每一条街，都是我们共同编织的回忆。旅行，不只是看风景，更多的是遇见那个更好的自己。🚶‍♂️ #旅行,0.0,0.0,0.91,0.08,0.0,0.0
#人生感悟# 每一次的失败，都让我更加明白生活的意义。只要坚持，终会找到属于自己的光。🌟 #成长,0.0,0.0,0.93,0.07,0.09,0.0
今天的晚霞格外美丽，仿佛是天际为我写下的诗。每一天，都会有不同的风景，只要你用心去看。🌅 #晚霞,0.07,0.0,0.86,0.15,0.06,0.0
总觉得，生活中的每一段旋律，都是时间给予我们的礼物。即使过去，仍然会留下一些温暖的回忆。🎶 #音乐,0.0,0.0,0.86,0.09,0.09,0.0
看着窗外的景色，心里涌起一种说不清的情感。每个地方都有它独特的味道，而这些味道，总是和我们内心的情感息息相关。🌿 #旅行,0.0,0.0,0.62,0.29,0.09,0.08
今天和朋友一起去看京剧，虽然不太懂，但依旧被他们的演技和歌声深深吸引。艺术的魅力，是无可比拟的。🎭 #京剧,0.0,0.0,0.83,0.15,0.0,0.06
今天在街头，看到了一对老夫妇牵手走过，心里暖暖的。这就是生活中最美的风景吧，简单而真实。💑 #爱情,0.0,0.0,1.0,0.0,0.0,0.0
每次走过那个熟悉的小巷，都会想起那些曾经一起走过的日子。人来人往，但那些记忆永远不会褪色。🌿 #回忆,0.0,0.0,0.51,0.1,0.48,0.0
旅行让我学会了很多，但最重要的是，我学会了去珍惜眼前的每一刻。每次出发，都带着对生活的热爱。🧳 #旅行,0.0,0.0,0.92,0.0,0.0,0.0
今天看到一只猫咪，安静地躺在窗台上，突然明白，生活有时候就是这样，静静等待，安静享受。🐱 #生活,0.0,0.0,0.84,0.07,0.0,0.1
旅行的意义不在于到达了哪里，而是在于自己从中找到了什么。每一段旅程，都是内心深处的一次探索。🌍 #旅行,0.0,0.0,0.66,0.34,0.0,0.07
每一场演出，都是一次心灵的旅行。今天在舞台上看到的，不仅仅是演员的表演，更是他们与世界的对话。🎭 #演出,0.0,0.0,0.77,0.26,0.0,0.07
