posts,angry,fear,happy,neutral,sad,surprise
最近终于明白，人生并不是一直要有目标，有时候就让自己安静地漂浮一下，反而能更清晰地看到远方的路。#感悟#,0.0,0.0,0.79,0.06,0.09,0.08
清晨的光线透过窗帘，世界一切都那么宁静，我突然想起了那些已经不再联系的人。时间有多冷酷，感情就有多温暖。#怀念#,0.0,0.12,0.5,0.0,0.5,0.0
遇到那种让你心情骤然明朗的歌，每一秒都像是心跳的回声。生活真的需要些小确幸，才能继续走下去。#音符中的温暖#,0.05,0.0,0.99,0.0,0.0,0.0
每个人都有自己的节奏，我从来都不急着赶路，因为沿途的风景，才是我真正想要的。#生活的节奏#,0.0,0.0,0.84,0.16,0.0,0.07
这么久过去了，还是不能忘记那些曾经的日子。每次回忆，它们都像一首慢歌，细腻而悠长。#时光流转#,0.0,0.0,0.61,0.12,0.42,0.0
昨天重新看了《无名》，才明白有些东西，只有通过反复琢磨，才能触及心底最柔软的地方。#电影心得#,0.0,0.0,0.53,0.25,0.22,0.07
每个人的生命中，都会有那么一段迷茫期。其实，我知道，黑暗过后，总会有一片光明。#等待光明#,0.0,0.0,0.6,0.24,0.16,0.07
雨天最适合呆在屋里，翻开那些陈旧的书，心情也会不自觉地沉淀下来。#心静如水#,0.0,0.0,0.72,0.31,0.13,0.0
人生就是一场孤独的旅行，有些人注定只是过客，但他们的存在却教会了我成长。#独行#,0.0,0.09,0.45,0.23,0.43,0.09
忘掉一些不值得的人和事，保持内心的纯粹，不论世界如何变化，我都不会迷失。#纯粹的自我#,0.0,0.0,0.85,0.17,0.0,0.0
生活有时候就像一道不完美的拼图，缺了角，裂了痕，但也正因如此，才变得独特。#完美不完美#,0.0,0.05,0.52,0.2,0.37,0.09
想要远行，去看那些从未见过的风景。但想了又想，终究，还是更爱这个熟悉的地方。#心之所向#,0.0,0.0,0.56,0.0,0.36,0.0
看到一条微博，突然意识到，不是所有的人都能理解我的世界，但我依然坚定做自己。#自我认知#,0.0,0.0,0.71,0.14,0.06,0.12
每个人都有自己的战斗。现在我只想做一个更好的自己，而不是为了迎合他人。#内心的声音#,0.08,0.0,0.73,0.22,0.0,0.0
昨天偶然翻到一张旧照片，突然意识到，原来自己也曾年轻过。时间过得真快，回不去了。#怀旧#,0.0,0.0,0.28,0.0,0.73,0.1
经常想，未来的我会是什么样？会不会依然是这样一个在理想和现实之间徘徊的我？#自我反思#,0.07,0.09,0.0,0.23,0.56,0.18
昨晚的星空美得不像话，我不禁想，如果我能飞上去，能不能找到心中的那个自己。#梦想#,0.06,0.0,0.68,0.0,0.19,0.09
每天都在学习放下，放下那些不属于我的事和人。这样，才有可能走得更远。#成长之路#,0.0,0.0,0.78,0.18,0.06,0.0
为什么我总是容易陷入情绪的漩涡，明明知道这只是暂时的，我却又那么执着。#自我挣扎#,0.12,0.0,0.0,0.12,0.9,0.06
一想到这些年走过的路，遇过的人，心中就会涌上一阵温暖。过去的故事，依旧在心里绽放。#回忆#,0.0,0.0,0.84,0.0,0.15,0.0
看着身边的人一个个成长，心里有点焦虑，也有点庆幸，至少我在这条路上走得踏实。#成长的焦虑#,0.0,0.24,0.3,0.09,0.57,0.09
有时候，宁静是一种力量。偶尔停下脚步，才发现原来自己一直没注意到的美。#细腻的生活#,0.0,0.0,0.82,0.12,0.08,0.11
你说我为什么会这样脆弱，总是在一个微小的波动中丧失平衡。可能是因为，我太容易相信人了吧。#脆弱#,0.15,0.18,0.0,0.23,0.63,0.08
有些人注定是我的过客，而我也会在他们的生命里留下某个微小的痕迹。#人生的交错#,0.0,0.0,0.22,0.38,0.51,0.06
被困在忙碌的日常里，有时候忘了停下来看身边的风景。每次提醒自己，才发现，生活真的很美。#生活的美好#,0.0,0.0,0.93,0.0,0.06,0.11
很多时候，我不想面对自己不愿意承认的缺点。可我知道，唯有面对，才能真正走向成熟。#成长的痛#,0.0,0.1,0.2,0.13,0.78,0.0
这个冬天的阳光格外温暖，它让我想起了小时候那些无忧无虑的时光。#温暖回忆#,0.0,0.0,0.89,0.05,0.07,0.0
去年的我，和现在的我已经不太一样了。时间总会带走一些东西，但也总会给我一些新的东西。#时间的馈赠#,0.0,0.0,0.79,0.08,0.2,0.09
从未想过自己会如此喜欢安静的生活。大概是因为，只有在寂静中，我才能真正听到自己心里的声音。#安静的力量#,0.0,0.0,0.73,0.19,0.08,0.08
最近在想，生命中有多少机会是我错过的？但我也知道，错过的，是不是必然错的呢？#错过与选择#,0.0,0.05,0.0,0.2,0.7,0.16
偶尔会想，自己是不是过于敏感了？有时候，一个小小的变化，就会让我无端的心情跌宕起伏。#情绪波动#,0.14,0.15,0.0,0.21,0.58,0.08
今天是个适合反思的日子。每次感到迷茫时，我总会问自己，心中最初的那份渴望还在吗？#自我对话#,0.0,0.05,0.52,0.18,0.29,0.0
有些问题，答案不重要，重要的是，能在寻找答案的过程中，找到属于自己的那份宁静。#追寻答案#,0.0,0.0,0.71,0.24,0.08,0.0
看到别人的努力和奋斗，心里不禁感到一丝惭愧。我是否也足够努力，去实现自己的梦想呢？#自我激励#,0.0,0.06,0.66,0.1,0.27,0.0
昨天去了图书馆，发现书架上的书比我记得的还多。总有些书，等待着某一天，能和我相遇。#书香生活#,0.0,0.0,0.84,0.07,0.11,0.1
一天又一天，偶尔静下心来，才发现自己已经有很久没认真思考过未来了。时间，总是悄悄溜走。#思考未来#,0.0,0.08,0.23,0.12,0.66,0.07
最近常常在想，人是否永远都在追逐一个无法抵达的目标呢？如果放慢脚步，是不是能看到更多呢？#目标与追寻#,0.0,0.0,0.19,0.27,0.38,0.17
从未想过自己会如此珍惜这些平凡的日子。每天的日出日落，每一次心跳，都让我觉得温暖。#日常的美好#,0.09,0.0,1.0,0.0,0.0,0.08
刚刚听了一首歌，歌词中有一句“不去迎接，终究会错过。”那一刻，我好像懂了什么。#歌中故事#,0.06,0.0,0.39,0.2,0.4,0.0
生活并不总是如意，但我始终相信，跌倒后，再爬起来的力量，来自于内心深处那份不放弃的坚持。#坚持#,0.0,0.0,0.93,0.0,0.0,0.0
有时候，想要放弃所有烦恼，去做个简单的人。或许，简单的生活才是最美的吧。#简约生活#,0.0,0.0,0.71,0.25,0.06,0.09
想念那个曾经无所畏惧的自己，可能是年少的时候，我太天真，以为自己可以改变整个世界。#青涩年华#,0.0,0.14,0.14,0.0,0.83,0.0
这段时间一直在考虑，自己的方向对不对。或许，最重要的不是方向，而是走下去的勇气。#方向与勇气#,0.0,0.0,0.46,0.32,0.19,0.06
心情低落时，我总会想起那些让我微笑的时刻。或许生活就是如此，总有黑暗，但也会有光明。#黑暗与光明#,0.0,0.0,0.67,0.17,0.23,0.06
其实，我一直都知道，自己不完美。可是，没关系，慢慢来，总有一天会遇到属于我的光。#不完美的自己#,0.0,0.05,0.43,0.1,0.48,0.0
有些感情，注定无法继续。可即使如此，我依然珍惜曾经的温暖，因为那是我生命中的一部分。#珍惜过去#,0.0,0.05,0.72,0.08,0.32,0.0
不知道什么时候开始，我变得不再害怕孤独。孤独也许只是成长路上的必经之地。#孤独的成长#,0.0,0.23,0.36,0.19,0.49,0.0
只是觉得，人与人之间的关系有时候很脆弱。可是，我依然相信，真挚的感情能够经得起时间的考验。#人际关系#,0.06,0.0,0.55,0.15,0.4,0.0
想到未来的自己，心中莫名的期待。是否我会像那些老人一样，依然拥有一颗年轻的心？#未来的我#,0.08,0.08,0.66,0.0,0.18,0.16
生活总会有些不如意的时刻，但我知道，只要内心没有放弃，就一定会有重新开始的机会。#永不放弃#,0.0,0.0,0.84,0.1,0.09,0.0
