posts,angry,fear,happy,neutral,sad,surprise
今天在路上看到一只小狗，笑得好开心。突然觉得，生活里最简单的东西也能让我感到无尽的幸福。🐶,0.06,0.0,1.0,0.0,0.0,0.0
终于看完了一本书，满脑子都是故事的余韵。有没有这种感觉？那些文字好像突然活了，融进了自己。,0.0,0.0,0.94,0.0,0.0,0.06
生活真的有时候像过山车，起伏不定。希望自己能学会在风雨中微笑，不管前方是狂风还是阳光。,0.0,0.0,0.71,0.06,0.24,0.0
"女儿说，""妈妈，我不喜欢哭，但有时候我忍不住。"" 我突然觉得，她长大了，也开始懂得自己的情感了。💧",0.0,0.0,0.76,0.16,0.27,0.0
想起小时候常常躺在床上看天花板，幻想自己能飞，能去任何地方。长大后，偶尔会怀念那种单纯的梦想。,0.0,0.0,0.29,0.0,0.57,0.0
有时候觉得自己像个旅行者，走在一条没人走过的路上。每一步都充满未知，但也充满了自由。,0.0,0.0,0.51,0.2,0.27,0.0
偶尔静下心来，听一首老歌，就会觉得那时的自己有些纯粹，有些不那么被世俗吞噬的纯真。🎶,0.0,0.0,0.66,0.13,0.26,0.0
明天又是一场无尽的忙碌，今天我想静静地待在角落，想想那些温暖的回忆，给自己一点喘息的空间。,0.1,0.0,0.39,0.17,0.51,0.0
你有没有过这样的瞬间，觉得自己和整个世界都是那么不一样，但又感觉那种不一样让你更特别。,0.06,0.0,0.56,0.2,0.25,0.16
看着女儿捏泥巴玩得不亦乐乎，我突然想，这就是她的世界，简单、快乐、不加掩饰。🌱,0.0,0.0,0.94,0.06,0.0,0.09
被自己的懒惰气到了，明明知道可以做得更好，却还是一拖再拖。嗯，也许明天会是更好的开始。,0.19,0.0,0.3,0.1,0.58,0.0
偶尔也会感到孤独，可是，孤独也是一种自由，让我有机会倾听自己内心最深处的声音。🖤,0.0,0.0,0.63,0.16,0.28,0.0
春天来了，花开的声音就像是微风拂过耳畔，温柔得让我不忍打破这份宁静。🌸,0.0,0.0,0.81,0.09,0.16,0.0
今天重新翻看了旧相册，发现自己的笑容好像没怎么变，而那些曾经的烦恼，现在看来却如此微不足道。,0.12,0.0,0.4,0.0,0.56,0.12
走在这条街上，突然觉得每个人的故事都是那么复杂、那么独特。如果能听到他们的心声，一定很有趣吧。,0.1,0.0,0.8,0.15,0.0,0.06
昨天看了一部电影，结局让我沉默了很久。人啊，活着就像是一个谜，永远都解不开的谜题。,0.0,0.0,0.0,0.18,0.78,0.09
有时候，最温暖的时光就是躺在床上，什么也不做，只是听着窗外的雨声，任自己沉浸在那片安静里。,0.0,0.0,0.74,0.16,0.12,0.0
偶然和一个陌生人对视，那一瞬间心里涌起一种莫名的情感，仿佛我们曾经是最亲密的人。,0.0,0.0,0.5,0.11,0.23,0.15
女儿问我，为什么天空那么大，我说：“因为它装不下我们所有的梦想。”她笑了，继续画她的天使。,0.0,0.0,0.57,0.27,0.22,0.11
坐在窗前，看着晚霞一点点染红天边。那些色彩好像是天在给我写的一封信，每个字都是温暖的。,0.0,0.0,0.97,0.0,0.0,0.0
突然觉得，人生好像是一场漫长的旅行，而每个人都在路上，寻找自己的目的地。🌍,0.0,0.0,0.37,0.14,0.39,0.13
今天和女儿一起种下了一棵小树，想着它慢慢长大，就像她一样，成长的过程有时候充满未知和挑战。,0.0,0.0,0.8,0.05,0.16,0.0
有些时候，我觉得自己像是一只孤独的鸟，飞翔在无边的天空中。每一次起飞，都充满了期待与恐惧。,0.0,0.37,0.07,0.13,0.56,0.0
每次回家，我总是先去看窗外的那棵老树，感觉它和我一样，静静地等待着，守着那份属于自己的平和。,0.0,0.0,0.87,0.14,0.09,0.0
生活总是充满了起起落落，但每个低谷都让我学会了如何走得更稳。或许，这就是成长吧。,0.0,0.0,0.92,0.0,0.0,0.0
女儿开始学会自己穿衣服了，站在镜子前看自己，嘴角微微上扬。我在一旁默默感叹，她真的是长大了。,0.0,0.0,0.76,0.09,0.11,0.13
看着窗外的大雨，突然觉得世界上的一切都变得柔软。雨水轻轻拍打窗玻璃，像是给我的心灵洗尘。,0.09,0.0,0.73,0.19,0.18,0.0
看完一本书后，心里久久不能平静。那些人物仿佛走进了我的生活，陪我走过了最难忘的时光。,0.0,0.0,0.54,0.1,0.42,0.0
偶尔会觉得自己太敏感，眼泪总是那么容易掉下来。但我知道，这也是我感知世界的方式。,0.0,0.0,0.3,0.21,0.58,0.0
今天的阳光刚刚好，温暖而不炙热。我坐在阳台上，闭上眼，感受这一刻的宁静与安详。,0.0,0.0,0.88,0.19,0.0,0.0
和朋友聊到未来，我突然觉得，未来是个未知的谜题，我们每个人都是那份谜题中的一部分。🔮,0.0,0.06,0.16,0.45,0.24,0.22
看着女儿画画，突然觉得，她的世界真简单、真纯粹。而我，已经渐渐忘记了那种无忧无虑的时光。,0.09,0.0,0.5,0.08,0.55,0.0
今天走在街头，看到一只小猫蜷缩在角落，眼神透着孤独。我不禁停下来，心里涌上一阵温柔的怜悯。,0.1,0.15,0.22,0.24,0.58,0.0
每个夜晚都会有一些思绪在脑海中打转，明明知道明天又是新的开始，但有些东西，总是难以放下。,0.0,0.0,0.0,0.14,0.95,0.0
人生有时候就像一场梦，醒来后，我们发现，曾经的那个自己，已经和现在的自己有了很大的不同。,0.0,0.0,0.18,0.27,0.61,0.11
突然觉得，自己好像很难放下过去的记忆。它们就像一片片落叶，随着风吹得越来越远，但又总是回到心头。,0.09,0.0,0.0,0.11,1.0,0.0
今天买了一个新书包，觉得它特别适合我的风格。生活中的小物件，总是能给我带来一些小确幸。,0.0,0.0,0.99,0.0,0.0,0.0
有些人，总是在不经意间进入你的生活，然后默默地改变了你的世界。感谢那些温暖的存在。,0.0,0.0,0.81,0.0,0.15,0.05
今天和老朋友喝茶聊天，聊了很多曾经的梦想。时间总是悄悄流逝，回头看看，曾经的那些梦依然清晰。,0.0,0.0,0.66,0.12,0.28,0.0
看着女儿在草地上跑来跑去，感叹她的纯真。她的世界，简单而真实，我希望她永远保持这份天真无邪。,0.0,0.0,1.0,0.0,0.0,0.0
生活有时就是这样，平凡而琐碎，但在这些琐碎的瞬间，我们发现了属于自己的美丽。,0.0,0.0,0.87,0.21,0.0,0.08
今天听了一首歌，歌词里唱到：“你总是要走一段路，才能找到自己。”我突然觉得，人生就是一段不断走下去的路。,0.0,0.0,0.47,0.16,0.32,0.0
那些未完成的梦想，像是空中的云彩，飘在我的心头。或许，我永远也抓不住它们，但它们一直在我心里。,0.09,0.0,0.68,0.08,0.22,0.0
和女儿一起看了一部动画片，结局让我泪目。原来，成长的过程就是一个不断学会放手的过程。,0.0,0.0,0.24,0.2,0.71,0.0
今天的心情有些复杂，不知道是因为压力还是因为太多的想法在脑海中交织。希望能找到一种平衡。,0.07,0.08,0.29,0.18,0.38,0.08
夜晚的城市有一种独特的宁静，街灯把我的影子拉得很长，仿佛我在寻找一个遥远的目标。,0.05,0.0,0.67,0.37,0.08,0.0
看着女儿在窗前看着外面的雪花飘落，我突然想到，她还这么小，眼前的世界对她来说充满了无限的可能性。,0.0,0.0,0.46,0.28,0.19,0.19
忽然觉得，生活中的每一个小确幸，都是生命赠与我们的礼物。我们只需要学会感恩，学会享受。,0.0,0.0,0.9,0.0,0.0,0.0
这几天的忙碌让我有些疲惫，但看到女儿的笑脸，我又觉得一切都值得了。她就是我生活的动力。,0.0,0.0,1.0,0.0,0.0,0.0
当我静下心来，去聆听自己内心的声音，我发现，原来我一直在寻找的，竟是一个简单而真实的自己。,0.0,0.0,0.62,0.14,0.0,0.27
