posts,angry,fear,happy,neutral,sad,surprise
今天听到一首歌，旋律温暖而悠长，像是从某个陌生的角落传来的一阵风，带着淡淡的忧伤。也许每个人的心里都有一个秘密的地方，只有在音乐中才能找到那个出口。🎶 #治愈,0.0,0.0,0.64,0.2,0.19,0.0
雨天里漫步，心里有些沉默。总觉得，人生就像这场细雨，不急不缓，洗净一切却依然悄无声息地继续。每个瞬间，都值得被珍藏。🌧️ #感悟,0.0,0.0,0.69,0.0,0.27,0.0
你有没有那么一瞬间，觉得自己像是迷失在森林中，四周都是浓密的雾霭，什么都看不清。可即便如此，心底依旧有种无法言喻的安静。🌲 #孤独,0.07,0.18,0.0,0.2,0.74,0.0
今天看到一对情侣手牵手走过，心里突然涌上一股温暖的情感。也许每一段关系，都是彼此在世界上找到了一个可以依靠的角落。💑 #爱情,0.0,0.0,0.85,0.0,0.09,0.0
最近常常想，人生中有没有某一刻，你突然意识到，所有的苦难和欢笑，都在引导你成为你现在的模样。也许这就是成长的意义吧。🌱 #人生,0.0,0.0,0.7,0.07,0.14,0.11
漫长的夜晚，总是特别容易让人想起过去的那些小细节。即便已经不再记得了，但那些微小的记忆碎片，依旧在心里占据一席之地。🌙 #回忆,0.0,0.0,0.42,0.11,0.51,0.0
今天读到一句话：“真正的旅行，是为了回到自己。”是啊，每一段旅程，都不仅是走向远方，更是走向内心深处的自己。🚶‍♀️ #旅行,0.0,0.0,0.79,0.13,0.0,0.08
看着窗外的夕阳，心里充满了复杂的情感。它那么温暖，却也总有些模糊不清的东西，让人无法触及。也许，这就是生活的魅力吧。🌅 #思考,0.06,0.06,0.67,0.12,0.22,0.08
很喜欢这样的夜晚，安静，微凉，心里也渐渐放空了。让一切纷扰远离，留下的只有这片刻的宁静和清新。🌙 #静谧,0.0,0.0,0.84,0.15,0.0,0.06
生活的细节总是最打动人心的。今天在街角看到一位老人慢慢走过，他的背影里有一种岁月沉淀的宁静。也许，岁月真的是最温柔的老师。👵 #岁月,0.0,0.0,0.9,0.1,0.06,0.0
有时觉得，人与人之间的相遇，可能只是短暂的瞬间，却能深深影响你的一生。每一次擦肩而过，都有它的意义吧。💫 #缘分,0.0,0.0,0.68,0.07,0.26,0.08
早晨的阳光透过窗帘洒进来，感觉世界突然变得温暖了。每天的开始，都是一个崭新的希望，不管昨天如何，今天依旧值得期待。☀️ #新的一天,0.08,0.0,1.0,0.0,0.0,0.0
今天在公园里散步，看到一群孩子在玩耍。那种无忧无虑的笑声，让人不由自主地想起曾经自己单纯的日子。也许，生活就是在这些简单的瞬间里找到最纯粹的幸福。👶 #童真,0.0,0.0,0.96,0.0,0.0,0.0
每个人的心中都有一片未曾触及的海洋，那里盛满了梦与希望。即使有时迷失方向，但也始终知道，自己终究会找到那片属于自己的海岸。🌊 #梦想,0.0,0.0,0.8,0.06,0.0,0.05
走在这条熟悉的小路上，突然想起了很多过去的事。每一段路，都是一段记忆。也许，回不去的只是过去，而不曾改变的是心里的那份感动。🍃 #怀念,0.0,0.0,0.28,0.0,0.76,0.0
有时候，我们总是想要逃避那些不开心的情绪。但其实，面对它们才是最勇敢的选择。毕竟，只有接受自己，才能真正找到前行的力量。💪 #勇气,0.0,0.08,0.79,0.16,0.0,0.0
秋天的风吹过，带着一丝凉意。坐在窗前，静静地看着落叶飘零。每一片叶子，都是时间的见证，都是岁月的低语。🍂 #秋意,0.0,0.0,0.66,0.18,0.2,0.0
听着喜欢的歌曲，心里突然涌上一种莫名的感动。也许，音乐就是这样一种神奇的存在，它能让我们触碰到内心最柔软的部分。🎶 #感动,0.0,0.06,0.88,0.0,0.0,0.12
每一次的旅程，都是一次自我探索的过程。无论是走向远方，还是走进内心，都是为了让自己变得更加完整。🚗 #成长,0.0,0.0,0.9,0.1,0.0,0.0
不知道为什么，最近总是感到一种莫名的孤独。或许，这就是生活的一部分，孤独是我们在追寻意义的过程中，不可避免的经历吧。🌙 #孤单,0.0,0.18,0.0,0.19,0.64,0.1
昨天看到了一张老照片，里面是小时候的自己。那时的笑容如此纯粹，眼神中没有任何的迷茫和困惑。是时候回归那份初心了吧。📸 #童年,0.0,0.0,0.86,0.0,0.1,0.0
生活里最美的，是那些微小而温暖的瞬间。今天看到一位陌生人微笑着对我点头，那一瞬间，我感到了一种莫名的温暖。🙂 #善意,0.0,0.0,0.93,0.0,0.0,0.09
每个人心中都有一个不愿触碰的角落，那里藏着曾经的伤痛和遗憾。但也许，正是这些未曾治愈的伤口，才让我们变得更加坚强。💔 #疗愈,0.0,0.07,0.65,0.17,0.28,0.0
今天在街头看到一场即兴表演。音乐与舞蹈交织在一起，带着一股自由与狂放的气息。那一刻，我感到自己也被感染了，仿佛可以放下一切，去追寻自己的梦想。🎤 #自由,0.0,0.0,0.85,0.12,0.0,0.0
深夜，心情复杂，想着未来，想着过去。每个人都在走自己的人生路，有时迷茫，有时清晰，但最终都得走下去。🌙 #人生,0.0,0.0,0.35,0.13,0.49,0.0
生活是不断的选择与放弃，像是永不停歇的流转。不知道每一次抉择背后的意义是什么，但我知道，自己必须不断向前。🚶‍♀️ #选择,0.0,0.0,0.73,0.12,0.1,0.06
风从窗外吹进来，带着点点凉意。夜晚总是让人不由自主地反思，回顾过往，展望未来。每一个夜晚，都是一种新生的开始。🌙 #反思,0.0,0.0,0.89,0.0,0.08,0.0
看到一条小狗在路边撒欢，突然明白，幸福其实很简单。或许，生活的意义就在于这些微小而温暖的瞬间。🐕 #简单,0.0,0.0,0.78,0.0,0.07,0.11
今天在书店里徘徊，突然发现，那些曾经陪伴我的书籍依旧散发着熟悉的气息。书籍，像是时间的容器，记录着我们每一个成长的瞬间。📚 #阅读,0.0,0.0,0.65,0.18,0.16,0.11
每一次的孤独，都是一种自我寻找的过程。也许，只有在孤独中，我们才能真正听见自己内心的声音，才能找到自己想要的生活方式。🌀 #自我,0.0,0.07,0.43,0.35,0.2,0.07
时光似水，岁月如歌。每一段往事，都如同岁月中的一朵花，悄然绽放，随风飘散。🌸 #时光,0.0,0.0,0.66,0.32,0.15,0.0
今天在咖啡馆里坐了很久，静静地看着窗外的人来人往。每个人的脸上，都写满了各自的故事。生活，其实就是这样，每个人都是主角。☕ #观察,0.0,0.0,0.62,0.29,0.17,0.08
生活的意义，不在于我们走过了多少路，而在于我们走得多么真实。每一段旅程，都是内心的一次洗礼。🛤️ #内心,0.0,0.0,0.77,0.27,0.08,0.0
清晨的阳光洒在书桌上，透过窗帘的缝隙，洒下斑驳的光影。是的，今天又是新的一天，带着希望与期待。☀️ #清晨,0.0,0.0,0.92,0.0,0.0,0.0
走过许多路，经历过许多事。现在的我，懂得了一个道理：最重要的，不是目的地，而是沿途的风景。🌄 #风景,0.0,0.0,0.69,0.24,0.14,0.0
独自一人走在街头，看着周围的人们匆匆忙忙，心里却有一种难以言喻的平静。也许，孤独本身就是一种美丽。🌌 #孤独,0.06,0.12,0.34,0.27,0.47,0.0
看了一部电影，结局让我哭了很久。每一部电影，都是一个关于人生的隐喻。我们每个人，都是这部电影的主角。🎥 #电影,0.0,0.0,0.2,0.22,0.73,0.0
天气有些阴沉，却感觉心情格外明亮。是不是每次遇到低谷，都会有一种渴望阳光的力量？🌥️ #阳光,0.0,0.07,0.91,0.0,0.0,0.0
今天的午后，阳光透过窗户洒在地板上，暖暖的。其实，生活的美好往往就在这些细节中。🌞 #生活,0.0,0.0,0.86,0.13,0.0,0.0
漫无目的地走在街头，忽然觉得，人生就像这条路，未知的尽头总是让人充满期待。🌍 #未知,0.06,0.0,0.64,0.0,0.24,0.05
每当夜深人静的时候，心里总会有一种渴望。渴望去追寻那个理想中的自己，去实现那些曾经埋藏的梦想。🌟 #梦想,0.0,0.0,0.64,0.08,0.07,0.0
今天突然觉得，时间是世上最公平的东西。它不会因为任何人停下脚步，只会不停地流逝。而我们能做的，就是珍惜每一刻。⏳ #时间,0.0,0.0,0.73,0.07,0.07,0.07
生活是一场漫长的修行，虽然不完美，但每一滴泪水和每一次微笑，都是成长的印记。🌿 #成长,0.0,0.06,0.91,0.07,0.11,0.0
秋风萧瑟，带着一丝凉意。我站在这片黄昏中，静静感受着生命的流转。🍁 #秋天,0.0,0.0,0.63,0.18,0.21,0.0
生活里，有些人注定要错过，有些事注定要遗憾。但正是这些错过和遗憾，才让我们更加珍惜眼前的每一刻。💫 #遗憾,0.0,0.09,0.39,0.14,0.55,0.08
喜欢在雨天里静静地读书，听雨声，闻书香。这种简单的幸福，是任何华丽的东西都无法替代的。📖 #雨天,0.0,0.0,0.86,0.06,0.06,0.0
每一段感情，都有它独特的意义。有些人，我们会陪伴一生；而有些人，则只能在记忆里相见。💭 #回忆,0.0,0.0,0.45,0.38,0.34,0.05
生活并不完美，但正因为它的不完美，才有了那么多让人感动的瞬间。🌈 #生活,0.0,0.0,0.88,0.0,0.09,0.09
有些人，注定只是过客；而有些事，却永远留在心里。也许，人生就是这样，一边前行，一边告别。🚶‍♀️ #告别,0.0,0.0,0.32,0.22,0.59,0.0
有时，我会突然想起小时候那些无忧无虑的日子。即使现在，生活依然充满挑战，但心底依然存着那份纯粹和希望。🎈 #纯真,0.0,0.0,0.9,0.0,0.06,0.0
