posts,angry,fear,happy,neutral,sad,surprise
有时候，爱是毫无保留的捐赠，而非投资。作为父母的那一刻才真正明白，爱是无偿的，只是自己永远都给不够。#爱是捐赠#,0.0,0.0,0.56,0.21,0.28,0.05
教育和医疗这两件事，让我深刻感受到了社会的冷酷与残酷。家庭背景，资源差距，真的是一个决定未来的关键。#社会现实#,0.05,0.18,0.19,0.34,0.26,0.06
这次带娃坐飞机，真是做好了所有准备，生怕小家伙哭闹被人指责。结果一路上充满了温柔与善意，谢谢这些陌生人。#善良的世界#,0.0,0.0,1.0,0.0,0.0,0.0
好像从初中起我就常常觉得生活没什么意思，那怎么办？能怎么办呢？大概就是不停前进，别停下来吧。#生活随意#,0.18,0.05,0.21,0.23,0.41,0.08
每天照镜子时都在想，成为母亲后我真的能承受这些变老的事实吗？突然感到无力，也许是生活给我的考验。#无尽的变老#,0.0,0.15,0.0,0.0,0.94,0.06
每次看小宝宝崩溃大哭，自己就会跟着崩溃，一种心痛与无助的交织，真是……母亲的心，太脆弱了。#妈妈的崩溃时刻#,0.13,0.21,0.0,0.0,0.84,0.0
带娃真的不容易，坐办公室反倒成了度假时光。突然觉得以前的“上班压力”完全不算什么，心情瞬间轻松了不少。#宝宝比工作难#,0.0,0.11,0.71,0.0,0.27,0.0
过年第一天，娃一哭我就不行了，心情跟着她一起摇摆。可是那份深深的爱意，还是让我满心感动。#年初的哭声#,0.0,0.09,0.62,0.0,0.47,0.0
早晨，宝宝哭得最狠，真心觉得自己要崩溃了，但却也能体会到这份父母责任的深重。#责任如山#,0.08,0.13,0.31,0.0,0.61,0.0
哺乳期没能睡个好觉，头痛欲裂，咖啡刺激也没用，睡不着，醒不来，真是个循环的折磨。#妈妈的深夜挑战#,0.31,0.16,0.0,0.0,0.72,0.0
每次在闲鱼看到了那些旧物二手奢侈品，心里就有种莫名的冲动，既省钱又能享受美好，生活的智慧就是如此。#二手时尚#,0.0,0.0,0.87,0.0,0.0,0.13
有时候想，身处这份工作环境，真的需要更高维度的智慧去保持思维的独立与清明。#独立思考#,0.06,0.0,0.34,0.32,0.19,0.07
面对妈妈的反复生病，我好心疼，宝宝还没吃上几天母乳，但我知道，我们都在努力坚持着。#妈妈的坚韧#,0.0,0.14,0.47,0.0,0.53,0.0
给别人借钱总是“老大”，但是到最后要收回时，自己就是个“孙子”。生活就是这么残酷。#借钱的代价#,0.31,0.12,0.07,0.11,0.58,0.0
真是不公平，男人无痛当爹，根本不懂怀孕和分娩的痛苦，这种不平衡感真让人难以忍受。#父母角色#,0.7,0.08,0.0,0.0,0.38,0.0
家人来上海短短两周，我已经开始被憋疯了……他们开始学唱歌、下象棋，简直是小型的“家庭剧场”。#父母的趣事#,0.13,0.12,0.42,0.1,0.26,0.19
怀孕的身体总是让你难受，胃酸、头痛、胸闷，做什么都不舒服，但总会有一小丝期待，宝宝就快来了。#孕期的辛酸#,0.11,0.15,0.28,0.0,0.71,0.0
宝宝一动，我就心跳加速，期盼着她健康平安。所有的疲惫瞬间消失，只剩下无尽的爱与责任。#爱从未停止#,0.0,0.09,0.93,0.0,0.11,0.0
明明身边已有一切，但为什么还是无法从内心感到满足呢？好奇怪，难道是自己太贪心吗？#内心的空虚#,0.06,0.11,0.0,0.06,0.58,0.42
社交圈子并不能解决孤独感，短暂的陪伴只会换来更多的寂寞，生活的真谛不在于身边的热闹，而是心灵的宁静。#孤独的思考#,0.0,0.06,0.5,0.31,0.27,0.07
总是觉得自己和别人不一样，很多人不理解自己的想法和情感，甚至觉得自己很陌生。可是，我依然活在自己的世界里。#自我矛盾#,0.06,0.07,0.09,0.17,0.73,0.09
为什么我每次都能经历一波又一波的失败？这些小概率事件总是偏偏发生在我最在意的事情上，难道真的是命运的捉弄？#命运的捉弄#,0.36,0.09,0.0,0.1,0.29,0.34
每天都面临各种身体不适，痛苦加倍，然而当我通过购物找点小开心时，又会感到自己不够高尚。是不是该放弃物欲呢？#物欲与快乐#,0.17,0.0,0.3,0.08,0.59,0.0
看了关于留守儿童的纪录片，心里堵得慌，眼泪止不住流，想为这些孩子做点什么，哪怕是微不足道的一点点。#留守儿童的故事#,0.11,0.2,0.22,0.09,0.52,0.0
刚做了捐款，给那名被窒息的小男孩捐了点钱，希望这微小的贡献能给他带去一点温暖，帮助他恢复健康。#小小的善举#,0.0,0.0,0.84,0.0,0.0,0.08
看着身边的朋友们过得越来越好，有时会不由自主地想，是不是自己也应该更加努力才行。比别人优秀，真的是这样每天都在努力。#努力的动力#,0.06,0.0,1.0,0.0,0.0,0.0
不知道为什么，尽管拥有很多，却始终无法内心感到真正的快乐。那究竟是哪里出了问题？#追求内心的平静#,0.1,0.0,0.0,0.22,0.59,0.24
突然间就发现自己被困在了无尽的焦虑里，失眠、头痛，生活中的这些小问题，成了我无法逃避的困扰。#失眠的困扰#,0.09,0.18,0.0,0.08,0.65,0.12
对不起，今天的我又是这么不理智，情绪不稳定，什么都不想做。是不是很不好？我真的是个不太成熟的人吧。#情绪的波动#,0.28,0.05,0.0,0.08,0.73,0.0
爸爸妈妈，陪我度过这段艰难的时光，你们的陪伴让我感到无比温暖和坚定。#家庭的力量#,0.0,0.0,0.98,0.0,0.0,0.0
看着身边的人在追求理想，我突然觉得自己也该有所作为。但当现实压力降临时，所有的动力都被消耗殆尽。#理想与现实#,0.11,0.09,0.24,0.16,0.57,0.0
今天又一次无法忍受生活中的一些人和事，开始怀疑自己是否足够坚强。是不是应该重新审视自己的人生方向呢？#自我反思#,0.1,0.14,0.1,0.15,0.68,0.0
总觉得生活被一个个小目标填满了，最后却没有时间去享受当下。是不是该放慢脚步，去体会每一分每一秒的意义呢？#慢下来#,0.17,0.0,0.25,0.2,0.55,0.0
和宝宝的每一刻都让我充满感激，看到她的笑容，所有的痛苦和疲惫都变得微不足道。#母爱无限#,0.0,0.05,1.0,0.0,0.08,0.0
生活总是充满了挑战，有时候真想停下来，什么都不做。但每一次停下，我都发现自己又离梦想更远了一步。#挑战与坚持#,0.0,0.1,0.45,0.13,0.4,0.0
每当看到自己小小的进步，我都会偷偷地为自己鼓掌。生活就是这样，一步步走向目标，虽然艰难，但依然值得。#自我鼓励#,0.0,0.0,1.0,0.0,0.0,0.0
发现自己越来越依赖小小的幸福感了，可能是因为这就是生活的真谛吧。无论是买个小物件，还是喝杯咖啡，都能让我开心一整天。#小确幸#,0.0,0.0,1.0,0.0,0.0,0.0
生活中最难的是做一个平衡者，在责任与自我之间找到合适的比例。可能这就是成熟的标志吧。#生活的平衡#,0.0,0.0,0.51,0.45,0.0,0.07
每次看新闻里那些不幸的孩子，我都会心如刀绞。我们能做的太少，但还是希望为他们点燃一线希望。#为孩子做点什么#,0.07,0.1,0.52,0.0,0.3,0.0
不知道为什么，总是感到一种莫名的焦虑和不安。可能是自己对未来没有明确的方向，迷茫中的自己有些不知所措。#迷茫与焦虑#,0.0,0.32,0.0,0.1,0.66,0.14
当我开始放下那些过于完美的期望，生活反而变得更轻松。也许不完美才是最真实的状态。#放下完美主义#,0.0,0.0,0.69,0.24,0.1,0.08
每天都在想，要不要改变一下自己的生活方式，做一些不一样的事情，或者改变一下自己的心态。#改变与成长#,0.09,0.0,0.4,0.32,0.18,0.12
在这个充满变数的世界里，唯一能让我坚持的就是爱。无论是对家人，还是对生活的热情，爱总是让我走下去。#爱的力量#,0.0,0.05,1.0,0.0,0.0,0.0
这些年我一直在逃避自己内心的痛苦，今天终于鼓起勇气面对它。原来，成长的过程就是如此艰难。#面对痛苦#,0.0,0.09,0.58,0.07,0.37,0.11
希望自己能够在繁忙的生活中保持一点温柔，给自己也给身边的人。温暖不是奢侈，它是生活中最宝贵的东西。#温暖生活#,0.0,0.0,0.94,0.1,0.0,0.0
看着父母渐渐老去，我突然意识到自己能为他们做的已经越来越少了。或许，最大的爱就是陪伴。#陪伴父母#,0.0,0.07,0.65,0.09,0.36,0.0
也许，所有的痛苦和困难，都是生活给我们的一份特别的礼物，让我们更强大。#生活的考验#,0.0,0.0,0.92,0.07,0.06,0.0
妈妈和爸爸不在身边的时候，我才真正意识到他们对我有多重要。人生中的每一个转折点，都是由他们的陪伴构成的。#父母的意义#,0.0,0.0,0.71,0.19,0.14,0.08
经历了一次又一次的失望，我开始学会宽容与放下。有些事，真的无需再追问。#放下过往#,0.0,0.0,0.54,0.16,0.4,0.0
生活就像一场不断变化的电影，而我们每个人都是其中的演员，最终的结局，谁都无法预料。#生活的未知#,0.0,0.12,0.26,0.41,0.29,0.14
