posts,angry,fear,happy,neutral,sad,surprise
今天看着小家伙用小脚丫蹦蹦跳跳地跑来跑去，突然意识到，孩子的世界真是那么简单而纯粹，只有笑声和梦。#童真之美#,0.0,0.0,0.94,0.0,0.0,0.12
小朋友在沙发上看我练瑜伽，突然告诉我：“妈妈，我在等耳朵呢。”哈哈哈，原来孩子的想象力真是无穷无尽！#耳朵的奇妙旅程#,0.0,0.0,0.81,0.0,0.0,0.22
早晨，小宝对我说：“妈妈，我的鞋子飞走了。”哈哈，她真的是生活的小奇迹，带给我无数的笑声。#孩子的无厘头#,0.0,0.0,0.96,0.0,0.0,0.08
其实，每一天忙碌的生活中，我最珍惜的，还是和家人在一起的那段平凡时光。陪伴，就是最好的礼物。#家庭时光#,0.0,0.0,0.86,0.1,0.09,0.09
最近的艾灸神器简直让我爱不释手，几分钟就能舒缓一天的疲惫，尤其是对妈妈来说，再也没有什么比这更珍贵的自我呵护了。#自我疗愈#,0.0,0.0,0.95,0.0,0.0,0.0
看着宝贝从婴儿到如今的独立小人，心中有种说不出的感动，生活就像是一本成长的书，每一页都那么精彩。#成长的速度#,0.0,0.0,1.0,0.0,0.0,0.0
突然心血来潮，决定去克罗地亚旅行，然而机票一查，哎呀，飞行时间太长，算了，先把这个梦留在心里吧。#旅行梦想#,0.0,0.13,0.13,0.12,0.5,0.16
每一次跌倒，每一次困境，都是生活的馈赠，它们让我们变得更强大。转念一想，一切都是必然的成长。#生活的磨砺#,0.0,0.0,0.96,0.0,0.0,0.0
作为妈妈，总有些时刻让我感受到深深的无力感，但更多的是感受到孩子带来的那份不求回报的爱。#做妈妈的滋味#,0.0,0.0,0.9,0.0,0.12,0.0
宝宝最近学会了一个新词：“妈妈，我要变得像你一样强！”心里暖暖的，这种时刻真是人生中最值得珍藏的回忆。#孩子的崇拜#,0.0,0.0,0.99,0.0,0.0,0.0
孩子的笑声是最治愈的良药，一天的疲惫都在那一声清脆的笑中烟消云散。#笑声的魔力#,0.0,0.0,0.81,0.26,0.14,0.0
最近看了一本书，《长安的荔枝》，虽然看过了电子版，但纸质版的书让我更加感受到其中的温度，文字里的岁月流转。#书的魅力#,0.0,0.0,0.83,0.21,0.0,0.0
昨天和宝宝一起看动画片，突然发现，孩子已经学会了“尊重”——原来，成长的每一步都值得庆祝。#教育点滴#,0.0,0.0,0.84,0.0,0.0,0.17
每当孩子对我说“妈妈，我今天很开心”，我的世界也因为她的快乐而变得完整。#孩子的幸福#,0.08,0.0,0.99,0.0,0.0,0.0
早晨坐在窗前，外面是清新的空气，内心却充满了忙碌的焦虑，可能每个人都是在生活中不断调整心态的吧。#心态调整#,0.09,0.0,0.3,0.3,0.24,0.12
最近有点累，但还好是心不累，身体也渐渐恢复了活力，生活中，总会有小确幸给你能量继续前行。#坚持下去#,0.0,0.08,1.0,0.0,0.0,0.0
每天忙碌，总会感觉时光飞快流逝，但最美的，依然是和家人一起吃饭、说话、笑着度过的简单时光。#家的温暖#,0.0,0.0,0.99,0.0,0.0,0.11
工作了一整天，回到家，看到宝宝笑得那么灿烂，一切疲惫都瞬间消失了。原来，这就是生活最美的馈赠。#家是温暖的港湾#,0.0,0.0,1.0,0.0,0.0,0.08
最近工作压力大，情绪有点低落，但每当我看到孩子天真无邪的笑容，心里的阴霾就一扫而空。#生活的小确幸#,0.0,0.0,0.94,0.0,0.0,0.0
孩子的心灵纯净，成年人却常常带着烦恼和疑虑，偶尔想，是否可以像孩子一样，简单地活在当下。#内心的平静#,0.06,0.0,0.59,0.23,0.13,0.09
最近有些想念以前的自己，那时的自己，不那么忙碌、焦虑，更多的是随性与自在。#怀念从前#,0.0,0.14,0.07,0.1,0.87,0.0
突然发现，其实并不需要那么多“完美”，生活中的每一刻，都是值得珍惜的，因为它们构成了我们的“完整”。#生活哲学#,0.0,0.0,0.71,0.16,0.11,0.09
每次和家人在一起，都会觉得幸福其实很简单。幸福，就是有爱的人在身边，有温暖的时光。#简单的幸福#,0.0,0.0,0.91,0.0,0.0,0.07
给孩子做的早餐，每一口都充满了爱的味道，虽然不完美，但是我能给她的最真实的陪伴。#妈妈的爱#,0.0,0.0,1.0,0.0,0.0,0.0
觉得生活忙碌到极点，但内心深处依然期盼有一天能去看看那些我一直梦寐以求的远方。#旅行的渴望#,0.05,0.08,0.69,0.0,0.23,0.05
每次看孩子认真做事的模样，总觉得她已经不再是那个依赖我的小宝贝，而是一个有自己思想的小小大人。#成长的脚步#,0.0,0.0,0.89,0.0,0.08,0.0
每天都在努力照顾家庭、工作、自己的健康，但在这些努力中，我也发现了生活的意义——就是陪伴与付出。#人生感悟#,0.0,0.0,0.85,0.09,0.0,0.05
生活中的每个小细节都充满了意义，今天看到宝宝把玩具摆得整整齐齐，心里突然觉得一切都那么有序。#生活的细节#,0.07,0.0,0.9,0.0,0.0,0.11
突然觉得，工作上的压力、生活中的疲惫，都是为了让自己变得更坚强，勇敢面对一切挑战。#勇气与挑战#,0.0,0.09,0.87,0.0,0.0,0.0
“妈妈，今天我学会了一个新词，它叫‘坚持’。”宝宝的话让我突然意识到，教育其实并不复杂，只有真心的陪伴。#教育的真谛#,0.0,0.0,0.84,0.12,0.06,0.0
最近练习瑜伽，每次做完都觉得自己像是重新找回了内心的平静，或许，这才是最好的自我调节。#瑜伽与心灵#,0.0,0.0,0.66,0.26,0.0,0.09
每天忙碌过后，躺在床上，突然想起孩子的笑容，心中充满了宁静和满足。#生活中的安宁#,0.0,0.0,0.85,0.09,0.0,0.05
最近一直在琢磨自己的人生方向，是否做得对，是否有遗憾？但终究，每一步都在构建我的故事。#人生探索#,0.0,0.07,0.6,0.22,0.19,0.07
生活中，总是有些不如意的事，但正是这些曲折和波折，才让人生更具深度与广度。#生活的复杂美#,0.0,0.0,0.66,0.34,0.09,0.11
每次看到宝宝对着镜子自信地笑，我也忍不住笑了出来。她教会了我，保持微笑，生活才会更加美好。#自信的力量#,0.0,0.0,1.0,0.0,0.0,0.0
最近在做些小改变，给自己更多的时间和空间，去做自己喜欢的事。每一天，都要为自己活一回。#生活的改变#,0.0,0.0,0.85,0.14,0.0,0.06
虽然每天都有些小小的烦恼，但每当看到孩子沉沉的睡脸，我心里就会充满感激，感谢这个简单而真实的生活。#生活的感激#,0.0,0.06,1.0,0.0,0.0,0.0
又是一个忙碌的夜晚，突然觉得自己有点累，但这份疲惫，也是一种成就，说明我活得有意义。#成就感#,0.0,0.0,1.0,0.0,0.0,0.0
和孩子一起做手工时，突然意识到，成长的过程里最重要的不是“快”，而是“享受”。#享受成长#,0.0,0.0,0.81,0.11,0.0,0.11
看着家里的小宠物趴在沙发上安静地睡觉，我也感受到了一种难得的宁静，或许生活真的就是这样的平凡美好。#平凡的美好#,0.0,0.0,0.99,0.0,0.0,0.12
在家的时候，宝宝经常会带着我一起做她的小游戏，每一次都能让我重新找回那些简单而纯粹的快乐。#生活中的纯粹#,0.0,0.0,0.96,0.0,0.0,0.06
工作再忙，也要抽出时间陪陪家人，今天下班时特地带娃去公园走了一圈，心里真的特别充实。#陪伴是最长情的告白#,0.0,0.0,1.0,0.0,0.0,0.0
最近特别喜欢下午的阳光，静静地坐在阳台上，看着外面的世界，心里充满了无限的想象。#阳光下的宁静#,0.0,0.0,0.91,0.1,0.0,0.05
每次和朋友聚会，都能感受到不同人生的精彩，生活是如此丰富多彩，每个人都是自己的主角。#朋友的陪伴#,0.0,0.0,1.0,0.0,0.0,0.0
今天又和孩子一起分享了一个童话故事，看到她眼里的星星，我才知道，自己也是故事里的英雄。#孩子的世界#,0.0,0.0,0.8,0.09,0.06,0.12
生活的琐碎不免让人感到压力，但如果心态正确，一切都能变得轻松起来。#生活哲学#,0.0,0.0,0.69,0.39,0.0,0.0
每一次看宝宝的眼睛，我都会想，她才是这个世界上最纯真的人，她的每一份感情都是那么真切。#孩子的眼睛#,0.0,0.0,0.87,0.0,0.0,0.06
今天早上无意间听到一句话：“你现在所做的一切，最终都会成就你。”心中豁然开朗，人生就是一个不断前行的过程。#人生格言#,0.0,0.0,0.8,0.21,0.0,0.0
最近有点累，但依旧要坚持做自己喜欢的事，无论多累，内心的热情都不会消失。#坚守热爱#,0.0,0.0,0.98,0.0,0.0,0.0
生活很简单，但也很复杂，最重要的是能在平凡中发现不平凡的美好。#生活的哲理#,0.0,0.0,0.78,0.37,0.06,0.0
