posts,angry,fear,happy,neutral,sad,surprise
于收到了朱志鑫的王子卡，好开心！真的是我努力的结果，感谢所有陪我一起“捡卡”的小伙伴们❤️ #朱志鑫# #王子卡#,0.0,0.0,1.0,0.0,0.0,0.07
怎么感觉这些抽奖比自己的生活还刺激？下次能不能给我点运气，让我抽中个全套呢🤞 #甜糖奶千# #抽奖#,0.12,0.1,0.65,0.0,0.11,0.19
最近我的家里被这些周边完全占领了，有没有人跟我一样，想拆掉所有的包装去看看里面是什么样子？😂,0.36,0.08,0.0,0.18,0.12,0.33
又收到一个“圣诞礼物”，感觉比我的圣诞节还要甜！明天来个转发抽奖送给大家！🎄🎁 #圣诞主题# #周边#,0.0,0.0,0.89,0.07,0.05,0.06
看来我这次买的“火焰双人卡”真的值了，居然还是有“送官”！感觉我又升了一级，嘿嘿~ #火焰双人卡# #粉丝福利#,0.0,0.0,0.9,0.0,0.0,0.24
今天拆了几张周边卡，都是小惊喜。真心觉得这些小物件能给我带来不少温暖💖 #朱志鑫# #周边控#,0.06,0.0,0.96,0.0,0.0,0.08
随心配我也想换一个了！有没有人想交换？今天刚买了些新的装饰，家里空间紧张😭 #交换# #周边物品#,0.2,0.0,0.22,0.12,0.4,0.11
你们有没有那种“抽到自己想要的周边就开心得像个傻子”的感觉？我每次都是这个状态！🙄🎉,0.37,0.0,0.21,0.07,0.15,0.18
今天拜托朋友带我去商场，结果买了满满一袋周边，真的是买到我开心疯了！大家怎么看待这种“冲动购物”？😂 #周边控#,0.1,0.0,0.63,0.0,0.07,0.26
昨天晚上偶然听到千玺的新歌，不得不说他的嗓音真的超有感染力！#易烊千玺# #新歌上线#,0.0,0.0,0.83,0.14,0.0,0.12
从来没觉得买个周边这么有成就感，今天新到的“小鸟互换”礼物终于到了！打包小伙伴们，今晚就去发货！🎁,0.0,0.0,1.0,0.0,0.0,0.05
听说“易烊千玺”的新电影已经拍完了？啊啊啊我能不激动吗？！马上要变成电影迷了！ #易烊千玺# #新电影#,0.0,0.08,0.72,0.0,0.0,0.24
看到这条微博我真的气炸了！怎么我的评论总是没人回复？难道大家都在忙吗？😡 #评论区# #社交烦恼#,0.8,0.1,0.0,0.0,0.13,0.23
我还是觉得在B站学东西最有效，虽然偶尔会去看舞台剧，哈哈~大家最近在B站都看了啥？ #B站# #学习打卡#,0.08,0.0,0.9,0.0,0.0,0.12
今天去超市看到了几个新的“圣诞主题包装”，心情瞬间亮了，真的是这季节最开心的事了！🎅🎁,0.0,0.0,1.0,0.0,0.0,0.08
今天找到了好多从前的周边，有点小感伤，但又很开心，算是有些怀旧的味道吧！#怀旧# #周边情怀#,0.0,0.0,0.95,0.0,0.14,0.0
周末做了个“圣诞大扫除”，可是家里还是塞得满满的。有没有人愿意和我交换些“闲置”周边？😅,0.18,0.0,0.0,0.2,0.49,0.14
今天回忆了很多和千玺有关的细节，突然觉得自己真的是个“忠实粉丝”了！能支持到现在，好幸运！💫,0.0,0.0,0.98,0.0,0.0,0.0
如果你有偶像，最想要什么礼物？我想要的，就是能一起讨论小小的事情，哪怕只是发个小卡片也好！❤️,0.09,0.0,0.74,0.09,0.1,0.08
小伙伴们，我的“火焰固卡”终于到了！超开心，感觉自己获得了一个小小的宝藏！ #火焰固卡# #周边#,0.0,0.0,0.98,0.0,0.0,0.06
听说某些人的生日快到了，突然感觉我好像又可以给他们准备礼物了。这个季节，真的是给喜欢的人送礼物的最好时机！🎁,0.0,0.0,0.91,0.0,0.0,0.12
#易烊千玺# 今天看到他的新电影新闻，简直不敢相信！原来他一直在默默筹备，真的是超给力啊！🎬,0.0,0.0,0.78,0.0,0.0,0.29
还是不敢相信我抽中的那个小纸条真的中奖了，大家也来试试吧！#抽奖快乐# #幸运时刻#,0.0,0.0,0.85,0.0,0.0,0.13
最近我也开始收集“火焰家族”的卡片，心情又好了许多！这些小小的东西，给我的世界带来不小的改变✨,0.08,0.0,0.96,0.0,0.0,0.0
每次和朋友讨论起千玺，感觉就像进入了一个充满爱的世界。粉丝之间的默契，真的是一种超奇妙的存在！💕,0.0,0.0,0.88,0.07,0.0,0.17
怎么我总是错过重要的转发活动？难道我的运气就这么差吗？🤣 #错过活动# #抽奖欲望#,0.38,0.05,0.0,0.0,0.52,0.17
又来了一波新的周边，感觉比我现在的所有东西还要吸引我！有没有人跟我一样，买了就不想拆？🙄,0.18,0.0,0.55,0.08,0.09,0.28
最近总是看到很多关于千玺的新闻，真的是忍不住想多聊聊这个话题！大家都看了最新的访谈了吗？ #千玺访谈#,0.0,0.0,0.4,0.25,0.08,0.29
你们有没有和我一样，从小到大的周边都收藏起来？有时候整理的时候，感觉像在翻阅一本厚重的回忆录。,0.07,0.0,0.23,0.26,0.4,0.19
看着千玺的微博，心情又好起来了！粉丝之间的温暖，真的是我最喜欢的感觉。#粉丝温暖#,0.0,0.0,1.0,0.0,0.0,0.0
最近特别喜欢这些周边卡片，收藏起来感觉超有成就感！每次一看到自己心爱的卡片，就觉得整个世界都亮了！,0.06,0.0,0.97,0.0,0.0,0.0
真的感觉，跟粉丝们一起参与活动真的是太开心了！每一次互动，都会让人觉得生活充满了能量！💪 #粉丝力量#,0.0,0.0,1.0,0.0,0.0,0.0
看着千玺的新电影拍摄进展，心情一直在飙升。等不及要看到他的最新作品了！🎥 #易烊千玺# #电影狂热#,0.0,0.0,0.84,0.09,0.07,0.08
突然想到以前和朋友们一起讨论周边时的快乐，现在每一次收到新卡，都有一种特别的归属感！💖,0.07,0.0,0.98,0.0,0.0,0.05
这次的圣诞主题包装简直太漂亮了，真的是一眼就爱上了！每个小细节都好用心，简直是心灵鸡汤一样的存在！🎄✨,0.0,0.0,0.95,0.0,0.0,0.15
看着大家一起分享自己的“周边收藏”，我也不禁开始翻开自己的柜子，感觉每个物品都带有故事💬 #收藏#,0.07,0.0,0.84,0.1,0.07,0.05
最近看到好多人分享“火焰”系列的周边，感觉好像自己也错过了些什么，不知道有没有合适的交换机会？😅,0.0,0.0,0.05,0.27,0.49,0.18
我觉得自己已经成了“周边发烧友”，有时候真的觉得这些小物件比我日常生活中的很多东西还重要了🤣,0.0,0.0,0.65,0.11,0.24,0.12
千玺的专辑总能给我带来不一样的感觉，每次听都会发现新的细节，简直是听不腻！🎶 #易烊千玺# #新专辑#,0.0,0.0,0.96,0.0,0.0,0.07
说不定，我以后也会像千玺一样，努力去做一个自己喜欢的事情吧。每个人都有自己的梦想，不是吗？🌈,0.0,0.0,0.88,0.13,0.0,0.0
什么时候可以和朋友们一起去现场参加千玺的演唱会呢？想象一下自己和偶像在同一个空间，真的是激动！🎤,0.0,0.0,0.83,0.0,0.0,0.12
你们是不是也会有这种感觉，看着千玺的微博，仿佛他的每一条动态都能带给你一天的好心情！✨,0.0,0.0,0.95,0.05,0.0,0.08
有时候，生活就像一个大大的“周边商店”，每一件小东西都代表着一个特别的时刻。 #周边商店#,0.0,0.0,0.57,0.45,0.0,0.1
看着我家堆满的周边，突然意识到，我居然这么喜欢这些小东西。这些物品带给我的是一种安心感。💕,0.0,0.0,0.82,0.0,0.0,0.28
今天去看了千玺的老歌，回想起那些年追随的日子，真的觉得自己变得越来越有故事了。🎶 #追星之路#,0.0,0.0,0.97,0.0,0.09,0.0
最近收到了不少新的粉丝礼物，打开一看，感觉每一个都是满满的爱与心意！这种感觉，真的是太棒了！💖,0.07,0.0,1.0,0.0,0.0,0.0
看到千玺的最新动态，真的让我觉得，他已经成为了我们心中永恒的那颗星。🌟 #易烊千玺#,0.0,0.0,0.81,0.1,0.13,0.08
其实有时候，最简单的事就能给我们带来最大的喜悦。今天拆了新的“圣诞”周边，开心得不得了！🎄,0.0,0.0,1.0,0.0,0.0,0.0
每次看到朋友们在评论区留言，心里总是暖暖的。这种感觉，比任何周边都要珍贵。😊,0.0,0.0,0.93,0.0,0.0,0.0
今天终于完成了我的“朱志鑫”周边交换，简直是个小小的胜利！这个感觉，太好了！🎉 #周边交换#,0.0,0.0,0.95,0.05,0.0,0.0
