posts,angry,fear,happy,neutral,sad,surprise
🩵 #刘雨昕 #新歌《walls》🎶 激动！今晚的音乐节现场，简直是个能量炸弹💥 这感觉，我都快忘了自己是谁了，太震撼！🩵 @刘雨昕,0.0,0.2,0.67,0.0,0.0,0.29
🩵 #新歌《reality》# 🩵这首歌带着一点孤独，却又充满勇气。想给所有喜欢《reality》的朋友们送上一份温暖，做自己就好。🩵 @刘雨昕,0.0,0.05,0.75,0.16,0.0,0.0
🩵 #刘雨昕# #科切拉音乐节# 这就是那个传说中的盛会吗？雨昕的现场表现，让我差点在音乐中迷失自己，爱她！🩵 @刘雨昕,0.0,0.0,0.86,0.0,0.0,0.16
🩵 #刘雨昕# #科切拉# 被音乐击中的瞬间，心跳变得跟节奏一致。要是能一直在这种氛围中，人生大概会很完美。🩵 @刘雨昕,0.0,0.0,0.76,0.17,0.0,0.07
🩵 #刘雨昕# #时装周# 每一场秀都像是梦想成真，穿梭在光影之间，简直就是行走的艺术作品！🩵 @刘雨昕,0.0,0.0,0.8,0.14,0.0,0.19
🩵 #百加得# #品牌代言人# 每次拿到代言礼盒都像是在打开一个宝藏盒！这个夏天全靠百加得，来一杯更有力量！🩵 @刘雨昕,0.0,0.0,0.86,0.09,0.0,0.0
🩵 #刘雨昕# #Dior巴黎时装周# 看了这么多次，她的风格依旧是那样迷人。为她的每一步走得自信感到骄傲。🩵 @刘雨昕,0.0,0.0,0.85,0.08,0.0,0.0
🩵 #刘雨昕# #音乐节# 想把每个瞬间都记录下来！她的音乐就是灵魂的舞蹈，我也在这其中跳了一支舞！🩵 @刘雨昕,0.0,0.0,0.81,0.12,0.0,0.1
🩵 #雨昕# #科切拉# 这场音乐节上，听着她的歌，忽然有点想哭。她的声音真的有魔力，可以治愈一切。🩵 @刘雨昕,0.0,0.0,0.41,0.23,0.41,0.0
🩵 #刘雨昕# #新歌《reality》# 我甚至可以想象自己穿越在这首歌的旋律中。做一个真实的人，不需要伪装。🩵 @刘雨昕,0.0,0.0,0.51,0.4,0.0,0.09
🩵 #刘雨昕# #科切拉# 看着她站在台上，心里充满了骄傲与感动。每一滴汗水，都是她付出的证明。🩵 @刘雨昕,0.0,0.0,0.76,0.12,0.0,0.0
🩵 #刘雨昕# #时装周# 总觉得她的每一次出现，都带着一种别致的光彩，像个美丽的梦。🩵 @刘雨昕,0.0,0.0,0.72,0.25,0.0,0.08
🩵 #刘雨昕# #Dior# 以为自己走进了时尚殿堂。每个细节都让我无比着迷，爱这个高级感的气质！🩵 @刘雨昕,0.0,0.0,0.92,0.0,0.0,0.13
🩵 #刘雨昕# #粉丝认证号# 哇！终于拿到专属认证号！是时候炫耀一下自己的小小荣耀啦！🩵 @刘雨昕,0.0,0.0,0.86,0.0,0.0,0.1
🩵 #刘雨昕# #音乐节# 这场音乐节真的让我想停下来好好感受！每一首歌都像是心灵的对话。🩵 @刘雨昕,0.0,0.0,0.85,0.15,0.0,0.0
🩵 #刘雨昕# #新歌《walls》# 这首歌有种直击心底的力量，每个音符都能让我感同身受。🩵 @刘雨昕,0.0,0.0,0.64,0.33,0.0,0.0
🩵 #刘雨昕# #新歌《reality》# 做个真我，不去追求不属于自己的东西。希望大家也能感受到这份自由。🩵 @刘雨昕,0.0,0.0,0.69,0.25,0.0,0.06
🩵 #刘雨昕# #时装周# 看着她穿着那条裙子走在T台上，突然觉得所有的疲倦都不算什么了。🩵 @刘雨昕,0.06,0.07,0.31,0.2,0.38,0.11
🩵 #刘雨昕# #科切拉# 这个音乐节我终于见到了你！她的舞台表现力，真的是不可比拟！🩵 @刘雨昕,0.0,0.0,0.81,0.08,0.0,0.17
🩵 #刘雨昕# #品牌代言人# 给自己一个奖：成功拿到这个超级限量版的代言礼盒！这个夏天注定不平凡！🩵 @刘雨昕,0.0,0.0,0.88,0.0,0.0,0.07
🩵 #刘雨昕# #新歌《reality》# 这首歌把我心里最柔软的地方都拨动了。真的觉得，自己要更真实一些。🩵 @刘雨昕,0.0,0.0,0.74,0.15,0.1,0.0
🩵 #刘雨昕# #Dior# 每一场大秀后，都会觉得自己在生活的舞台上也能闪光。🩵 @刘雨昕,0.0,0.0,0.79,0.18,0.07,0.0
🩵 #刘雨昕# #时装周# 她每一秒都是完美的艺术品，走得从容，散发着自然的魅力。🩵 @刘雨昕,0.0,0.0,0.72,0.29,0.0,0.06
🩵 #刘雨昕# #百加得# 百变海盗的她，简直是我的心头好！每次看到她都超级兴奋！🩵 @刘雨昕,0.0,0.07,0.84,0.07,0.0,0.11
🩵 #刘雨昕# #科切拉# 被她感染的我，今晚也想去摇摆！她的音乐让我忍不住跟着节奏动起来。🩵 @刘雨昕,0.0,0.0,0.8,0.14,0.0,0.05
🩵 #刘雨昕# #科切拉# 这一刻的舞台，真的是无与伦比！感谢她带来的每一个音符，永远在心里。🩵 @刘雨昕,0.0,0.0,0.87,0.0,0.0,0.06
🩵 #刘雨昕# #新歌《reality》# 每次听到《reality》，都感觉像是回到自己最真实的模样。🩵 @刘雨昕,0.0,0.0,0.56,0.34,0.1,0.07
🩵 #刘雨昕# #时装周# 好像进入了另一个世界，所有的喧嚣都消失了，只剩下她与舞台的光芒。🩵 @刘雨昕,0.09,0.05,0.2,0.38,0.27,0.14
🩵 #刘雨昕# #音乐节# 今天的演出，简直是神仙级别！每一秒都让我觉得自己也被激发了能量。🩵 @刘雨昕,0.0,0.0,0.85,0.08,0.0,0.13
🩵 #刘雨昕# #品牌代言人# 又收到一个超赞的礼盒！这次的设计也太酷了吧！就是想要这份特别的心意。🩵 @刘雨昕,0.0,0.0,0.88,0.0,0.0,0.14
🩵 #刘雨昕# #科切拉# 音乐节的氛围好得让人难以忘怀，感谢你带来的每一段旋律！🩵 @刘雨昕,0.0,0.0,0.9,0.07,0.0,0.0
🩵 #刘雨昕# #新歌《reality》# 被这首歌的旋律彻底俘获，心情瞬间变得不再复杂，只剩下真实的自己。🩵 @刘雨昕,0.0,0.0,0.57,0.19,0.21,0.08
🩵 #刘雨昕# #时装周# 看到她站在T台上，忽然明白了什么是“优雅”二字的真正含义。🩵 @刘雨昕,0.0,0.0,0.37,0.47,0.0,0.22
🩵 #刘雨昕# #科切拉# 看完她的现场，突然觉得“追星”不再是简单的迷恋，而是灵魂的共鸣。🩵 @刘雨昕,0.0,0.0,0.58,0.26,0.09,0.11
🩵 #刘雨昕# #百加得# 趁着这个美好的夏季，我也要来一杯！她的代言真的是太合适了，充满了自由与力量！🩵 @刘雨昕,0.0,0.0,0.93,0.0,0.0,0.0
🩵 #刘雨昕# #时装周# 看着她的一举一动，心里不禁涌起无尽的崇敬。她的魅力是不可复制的。🩵 @刘雨昕,0.0,0.0,0.68,0.27,0.0,0.05
🩵 #刘雨昕# #音乐节# 她是这场音乐节最耀眼的明星！现场氛围简直炸裂！🩵 @刘雨昕,0.05,0.0,0.51,0.12,0.07,0.3
🩵 #刘雨昕# #科切拉# 终于在这个音乐节见到她的现场表演，简直无法形容那一刻的心跳加速。🩵 @刘雨昕,0.0,0.0,0.71,0.0,0.06,0.19
🩵 #刘雨昕# #新歌《reality》# 随着旋律跳动，心也变得更加自由了。这就是我最想要的生活吧！🩵 @刘雨昕,0.05,0.0,0.93,0.05,0.0,0.0
🩵 #刘雨昕# #科切拉# 看她舞动的背影，我也忍不住想要跳起来！这是音乐带来的魔力！🩵 @刘雨昕,0.0,0.0,0.74,0.16,0.0,0.14
🩵 #刘雨昕# #Dior# 时尚女神就是她！每次她出场，总能看到那种无法忽视的光彩。🩵 @刘雨昕,0.0,0.0,0.73,0.17,0.0,0.15
🩵 #刘雨昕# #品牌代言人# 感谢百加得，让我在这个夏天感受到更多的活力和自由！🩵 @刘雨昕,0.0,0.0,0.87,0.07,0.0,0.0
🩵 #刘雨昕# #音乐节# 她的歌声像是穿越时空的桥梁，带我去往更加真实的自己。🩵 @刘雨昕,0.0,0.0,0.69,0.29,0.07,0.0
🩵 #刘雨昕# #新歌《reality》# 一如既往的真实，这就是她带给我的力量。🩵 @刘雨昕,0.0,0.0,0.75,0.23,0.0,0.0
🩵 #刘雨昕# #时装周# 每个设计都在她身上变得更加有灵魂！🩵 @刘雨昕,0.0,0.0,0.64,0.29,0.0,0.12
🩵 #刘雨昕# #科切拉# 这场音乐节太震撼，雨昕的每一首歌都像是为我量身定做。🩵 @刘雨昕,0.0,0.1,0.64,0.17,0.0,0.21
🩵 #刘雨昕# #科切拉# 她的舞台表现力太强大了，差点没让我的心脏承受住！🩵 @刘雨昕,0.0,0.08,0.73,0.09,0.0,0.12
🩵 #刘雨昕# #百加得# 这个夏天，你是我最喜爱的饮品代言人！🩵 @刘雨昕,0.0,0.0,0.81,0.14,0.0,0.06
🩵 #刘雨昕# #新歌《reality》# 又是一次治愈的体验，像是从内到外的重生。🩵 @刘雨昕,0.0,0.0,0.68,0.31,0.0,0.06
🩵 #刘雨昕# #时装周# 时尚与音乐的结合，这种感觉真是让人迷醉。🩵 @刘雨昕,0.0,0.0,0.61,0.31,0.0,0.13
