posts,angry,fear,happy,neutral,sad,surprise
窗外是晴天，暖阳洒进房间，忽然想起小时候的夏天，和小伙伴们在树荫下捉迷藏。那些简单的快乐，依然在心底。🌿,0.0,0.0,0.89,0.0,0.07,0.0
有时候觉得生活就像一场漫长的旅行，随时都能遇到意想不到的风景。今天在街头看见一只小狗，它的眼神里藏着无数故事。🐾,0.0,0.0,0.47,0.18,0.28,0.15
再忙也要记得停下脚步，看看天边的云彩，感受微风拂面。生活也许不完美，但它总有令人触动的小美好。🌸,0.0,0.0,0.93,0.07,0.06,0.0
对我来说，最美好的时光，往往是那些不声不响的瞬间。比如和朋友分享一顿简单的晚餐，聊着过去的故事。🍝,0.0,0.0,0.72,0.22,0.08,0.06
一个人走在街头，忽然看到橱窗里的一本书，封面画得那么美，忍不住停下脚步。心里想，也许这就是缘分吧。📚,0.05,0.0,0.48,0.13,0.28,0.21
今天在阳台上喝着咖啡，阳光透过窗帘洒在书桌上，时间仿佛静止。喜欢这样的时光，简单而宁静。☕️,0.0,0.0,0.93,0.11,0.0,0.07
夜晚是属于思考的时光，总觉得心里有太多话想说，却找不到合适的语言。或许，静默才是最好的回答。🌙,0.0,0.0,0.11,0.25,0.76,0.0
今天遇到一个陌生人，他笑了笑跟我说了一句“今天也挺好”。那一刻，我突然觉得人和人之间的温暖，其实无处不在。😊,0.0,0.0,0.88,0.05,0.0,0.05
有些时刻，感觉自己像是个流浪的灵魂，四处漂泊，但又找不到归属的地方。也许，这就是人生的常态吧。🌙,0.0,0.0,0.0,0.28,0.71,0.05
我把记忆藏在书页里，藏在旧照片里，藏在那些被遗忘的小巷里。岁月不语，但它知道我所有的温暖和忧伤。📸,0.07,0.0,0.4,0.19,0.56,0.0
今天给自己煮了碗热汤，突然想起了小时候妈妈做的那道菜。虽然味道不完全一样，但那份温暖却还是回来了。🍲,0.0,0.0,0.9,0.0,0.15,0.0
有时候，我真的很想逃离这一切，找个地方安静地待着，哪怕只是几天。或许，这个世界真的太嘈杂了。🌾,0.16,0.1,0.0,0.15,0.77,0.0
从未想过，今天我会在路上遇见一只猫，它慵懒地躺在阳光下，眼神里充满了安宁。这个画面，让我瞬间心安。🐱,0.0,0.0,0.76,0.18,0.05,0.1
有些小确幸，总在不经意间发生。比如一个朋友给的温暖拥抱，或者那句“我在这里，别担心”。生活的细节，温柔了我。💛,0.0,0.08,0.86,0.0,0.0,0.0
坐在窗前，看着雨滴打在玻璃上，仿佛是某种无声的旋律。这样的时光，不需要太多话语，只要安静地享受就好。🌧️,0.0,0.0,0.76,0.2,0.09,0.0
今天吃了一块蛋糕，甜而不腻，像是生活中的某种温柔。平凡的日子，也能找到小小的美好。🍰,0.0,0.0,1.0,0.0,0.0,0.0
每次走进图书馆，我就像回到了家。那些沉默的书架里，藏着无数个世界，等着我去发现。📖,0.0,0.0,0.53,0.27,0.27,0.0
有时我会想，或许人生就是一场寻觅，寻找属于自己的那个小小世界。只是，这个世界总是在意想不到的地方等着我。🌍,0.0,0.0,0.08,0.18,0.74,0.11
早晨阳光透过窗帘，洒在书桌上，感觉一切都变得明亮了。就像突然明白了某些事，心里暖暖的。🌞,0.12,0.0,0.97,0.0,0.0,0.0
回忆有时像一把锁，锁住了那段时光，想打开又怕打破那份温暖的记忆。也许，只有让它静静地留在心里。🔒,0.0,0.06,0.1,0.21,0.78,0.0
今天走在路上，看到一个小女孩在追逐蝴蝶，她的笑声像风铃一样清脆。那一刻，我突然感到一种莫名的宁静。🦋,0.0,0.0,0.68,0.2,0.0,0.1
每次和朋友聊到未来，总觉得不知所措。是不是每个INFP都会有那种“心有余而力不足”的感觉？🌿,0.0,0.21,0.0,0.22,0.58,0.17
一个人在咖啡店里，手里捧着书，心里却想着未来。是不是每个安静的时刻，都隐藏着无数的可能性呢？📖,0.0,0.0,0.2,0.34,0.33,0.27
我从来不懂为什么别人会那么焦虑。生活啊，慢慢来，看到什么就学什么，心急也没有用。🍃,0.13,0.06,0.29,0.11,0.51,0.0
那些繁华的街道和喧嚣的市场，似乎和我无关。喜欢在安静的角落里，偶尔抬头，感受微风拂面。🌬️,0.0,0.0,0.67,0.24,0.1,0.0
每个人心里都有一个小小的宇宙，我喜欢这样一个属于我的世界，安静又温暖。🌌,0.0,0.0,1.0,0.07,0.0,0.0
我觉得，生活就是一场不断学习的过程，接受每一个新的挑战，哪怕是从一开始就不懂。🌱,0.0,0.0,0.74,0.18,0.06,0.0
有时候，深夜不想睡，独自坐在窗前，看着远处的星星。思绪万千，心里满是未完成的梦。✨,0.05,0.0,0.0,0.0,0.96,0.0
今晚的月亮特别亮，忽然想起小时候在乡下的那个夜晚，满天星星，虫鸣声不绝，那个夜晚一直记得。🌙,0.08,0.0,0.7,0.0,0.16,0.0
喜欢一个人静静地做事，喝茶、写字、读书，时间就这样流逝。偶尔觉得，世界也许就是这样简单。📚,0.0,0.0,0.75,0.1,0.16,0.09
有些故事没有结局，就像没有听完的歌曲。你可以试着去遗忘，但某些旋律永远会在心里回响。🎶,0.0,0.0,0.38,0.25,0.53,0.0
今天路过一个老旧的咖啡店，窗边有一位年长的女士在读书，偶尔抬头看窗外，像是活在另一个世界。☕️,0.0,0.0,0.35,0.42,0.19,0.25
最近有些疲惫，可能是忙碌的生活让我有些迷失了方向。偶尔停下，回头看看，才能看到自己最初的那个梦想。🌠,0.0,0.0,0.3,0.13,0.61,0.0
偶尔也会想，自己这么安静地生活，是否错过了什么？但每次想起，还是觉得这样简单平和的日子，最珍贵。🌸,0.0,0.0,0.79,0.0,0.18,0.09
每次旅行，总喜欢带着相机，拍下那些路边的风景。就像是记录下每一个属于自己的瞬间。📸,0.0,0.0,0.77,0.14,0.11,0.07
今天在书店里看到一本旧书，翻开第一页，发现上面有许多别人留下的笔记。这种感觉，真的很奇妙。📚,0.0,0.05,0.52,0.23,0.0,0.32
和朋友一起聊到小时候，总是会笑出声。那些纯真的时光，真的好想再回去一次。🍂,0.0,0.0,0.91,0.0,0.11,0.0
每次做饭，都能想到小时候和家人一起在厨房的时光。那些简单的菜肴，却承载了满满的爱与温暖。🍲,0.0,0.0,0.93,0.0,0.07,0.08
今天在公园里散步，看到一群孩子在玩捉迷藏，听着他们的笑声，突然觉得，生活也可以这样简单快乐。🌳,0.0,0.0,0.96,0.0,0.0,0.11
最近发现自己越来越喜欢独处。不是孤单，只是，静静地享受自己喜欢的事物，真的很幸福。🧘‍♀️,0.0,0.0,0.92,0.0,0.0,0.0
也许我就是那种，宁愿在自己的世界里陶醉，也不想随波逐流的人。每个人的节奏不同，但我喜欢自己的步调。🎶,0.0,0.0,0.89,0.14,0.0,0.0
有时候，生活中的小插曲比大场面更打动人。今天街角看到一对老人牵手走过，安静的幸福，真好。💑,0.06,0.0,0.97,0.0,0.0,0.0
昨天的雨滴，今天的阳光，感觉自己被这些自然的变化治愈了。大自然真的是最好的疗愈师。🌧️🌞,0.0,0.0,1.0,0.0,0.0,0.0
看着手中的书，忽然发现时间过得真快。每一页都像是生活的一部分，有欢笑也有泪水。📖,0.0,0.0,0.86,0.0,0.15,0.07
最近一直在想，是不是每个人心里都有个梦想，那个梦想让你无论如何都不能放弃。🎯,0.0,0.0,0.12,0.16,0.6,0.11
看着窗外的小草微微摇曳，觉得自己也像它一样，想要安静地生长，直到有一天，终于在阳光下自由呼吸。🌱,0.0,0.0,0.87,0.0,0.09,0.0
人生最美好的时光，可能就是那些安静的瞬间。一个人，一本书，一杯茶，静静享受这一刻。☕️,0.0,0.0,0.82,0.17,0.07,0.0
你有没有过这样一个瞬间，突然明白了某个道理，心里轻松了许多。或许，生活就是在不断理解自己。🌿,0.07,0.0,0.62,0.18,0.17,0.12
今天听到一首歌，忽然觉得自己好像又回到了曾经的某个时光。那些记忆，依然是我最珍贵的宝藏。🎶,0.0,0.0,0.65,0.09,0.34,0.0
如果生活能像我想的那样简单就好了。无忧无虑，安静自在，做自己喜欢的事情，陪自己爱的人。💫,0.0,0.0,0.85,0.12,0.05,0.0
