posts,angry,fear,happy,neutral,sad,surprise
今天又在书里找到一句让我心动的话：“让每一个微笑都像是穿越了世界的光，温暖自己，也温暖别人。”🌟,0.0,0.0,0.9,0.0,0.0,0.0
喜欢那种看着别人笑的时候，心里就能跟着轻松的感觉，哪怕只是偶尔的一个瞬间，能给我好多能量。💫,0.0,0.0,1.0,0.0,0.0,0.0
为何每次看到一部老电影，都会莫名地想起某些旧时光？那些遗失的记忆，总是能在某个镜头里找到回音。📽️,0.0,0.0,0.13,0.14,0.64,0.18
今天的天空真好看，感觉所有的复杂情绪都在云朵里被揉成了温暖的软棉花，慢慢飘散了。☁️,0.05,0.0,0.93,0.05,0.05,0.0
看着一张旧照片，突然明白了，很多人和事，都会随着时间淡去，但那些感动过的瞬间，会永远存在心里。📸,0.0,0.0,0.56,0.0,0.38,0.11
不知道是不是太过情感化，但我总觉得有些人和物，它们的存在本身，就是一种难以言喻的安慰。🌿,0.0,0.0,0.5,0.26,0.27,0.07
想不通的时候，不妨静下心来，看看身边的小事。它们就像是散落在生活里的小星星，指引我们前进的方向。✨,0.0,0.0,0.63,0.4,0.07,0.0
有时候，沉默并不是放弃，而是给自己一点时间，去听自己内心最真实的声音。💭,0.0,0.0,0.55,0.39,0.18,0.0
生活总是充满矛盾，一方面渴望平静，一方面又怕错过什么刺激的事情。到底该怎么平衡呢？🌀,0.11,0.12,0.0,0.28,0.62,0.0
觉得生活像一部电影，每个人都在扮演着自己独特的角色，但总觉得自己那一部分，永远少了一点“情节”。🎬,0.0,0.0,0.08,0.2,0.76,0.05
人生最难的事，大概是如何和自己和解吧。总是在挣扎，但又总会遇到一些突然的温柔，教会你放下。🕊️,0.0,0.05,0.39,0.18,0.5,0.0
为什么有些人总能在生活中看到光，而我总是找不到那束明亮的光源呢？也许是我太过执着于阴影。🌑,0.0,0.0,0.0,0.21,0.71,0.21
今天在公园看到一对老夫妇牵着手走，他们的步伐缓慢，却充满了平和的力量。也许爱，真的是最持久的力量。💞,0.0,0.0,0.89,0.08,0.06,0.05
有时候，我会突然想起小时候的梦想，那个没有太多复杂的世界，简单却又充满希望的日子。🌸,0.0,0.0,0.68,0.0,0.17,0.0
有些瞬间的美丽，甚至连时间也无法抹去，虽然它们已经远去，但心里仍然会悄悄挂念。⏳,0.0,0.05,0.18,0.19,0.86,0.0
也许，我们每个人都在自己的人生中不断寻找出口，而真正的出口，或许只是学会在内心找到平静。🌿,0.0,0.0,0.27,0.45,0.31,0.08
看着喜欢的角色一次次面对挑战，却始终坚持自己的信念，我突然想，也许我们也该从这些故事里汲取力量。💪,0.0,0.0,0.79,0.0,0.14,0.06
人生的故事是不是太过于复杂了？每一次翻过一页，心里都好像有一股无法名状的情感在流动。📖,0.05,0.05,0.14,0.17,0.6,0.09
今天又梦见了一个陌生的地方，感觉那个世界很远，但又好像是我曾经熟悉的角落。🌙,0.0,0.08,0.0,0.12,0.77,0.12
生活中总有那么多未知，但我想，我不会害怕，因为总觉得自己终会找到属于自己的那条道路。🛤️,0.0,0.25,0.54,0.13,0.22,0.0
什么时候开始，我变得那么害怕别人失望，而忘了自己也需要为自己的梦想而努力呢？✨,0.0,0.09,0.08,0.0,0.77,0.18
看似简单的日常，其实总是藏着不少深意。只是有时，我们需要更细心地去观察、去感受。👀,0.0,0.0,0.46,0.44,0.21,0.0
可能吧，人生就是这样，常常在迷茫中摸索，却又总能在某个转角找到自己的光。💡,0.0,0.0,0.23,0.14,0.63,0.08
今天又在社交媒体上看到一段有趣的视频，突然想，生活真的可以是那么简单——享受每个小小的快乐。📱,0.0,0.0,0.85,0.0,0.0,0.14
我不知道为什么，但总是觉得自己好像住在两种世界里，一个是现实，另一个则是我心中的理想国。🏰,0.0,0.0,0.09,0.31,0.47,0.17
走着走着，突然发现自己已经不再害怕某些事情了，原来，真正的勇气，并非不害怕，而是即使害怕也能继续前行。🚶‍♀️,0.0,0.2,0.72,0.0,0.08,0.12
每次看完一本书，我都像是带着一颗不同的心去生活。每一段故事，都是自己成长的痕迹。📚,0.0,0.0,0.79,0.16,0.13,0.08
曾经觉得自己很孤单，但现在我发现，孤单的自己也有独立的美丽。也许，只有学会独处，才能找到真正的自由。🌸,0.0,0.0,0.69,0.12,0.19,0.09
小猫咪的眼神总是那么纯净，像是透过它的眼睛，看见了一个更加温暖的世界。🐾,0.0,0.0,0.86,0.18,0.06,0.0
最近越来越喜欢听那些抒情的歌，它们总是能在不知不觉中，触碰到我内心最柔软的地方。🎶,0.0,0.0,0.85,0.06,0.07,0.0
今天突然想起一个人的笑容，发现原来自己曾经也是如此开心过，只是当时没有意识到。😌,0.0,0.0,0.57,0.0,0.32,0.18
爱情，不是两个人的完全契合，而是在各自的世界里相互包容、相互滋养。🌹,0.0,0.0,0.61,0.5,0.06,0.0
我们都在生活的海洋里漂泊着，时而风平浪静，时而波涛汹涌，但无论如何，总有一个方向，是属于我们的。🌊,0.0,0.0,0.77,0.17,0.0,0.0
世界这么大，每个人的故事都那么独特，但我们都在用相似的情感，诉说着自己的心声。🌍,0.0,0.0,0.74,0.21,0.1,0.06
有些时候，我会觉得自己像个不合时宜的梦游者，迷失在一个完全陌生的世界里。🌀,0.0,0.1,0.0,0.27,0.65,0.0
可能吧，有些事的确无法预料，但每一次的不确定，都是我们变得更坚强的机会。💪,0.0,0.06,0.81,0.06,0.17,0.0
有没有那种时刻，你只想躺在床上，看着窗外的风景，什么也不做，只是静静地活着？🌿,0.1,0.0,0.0,0.18,0.69,0.1
如果生活能像诗一样，那该有多美。或许，每一段经历，都是诗中的一个句子，写下我们自己的故事。📜,0.0,0.0,0.78,0.21,0.1,0.0
我总是在寻找某种特别的情感，可能是某个瞬间的感觉，或是某个意外的相遇，但又总是找不到。🕊️,0.0,0.0,0.0,0.19,0.81,0.0
每次心情低落时，我都会去看看那棵老树，它依旧站在那里，无论风雨，它从不改变。🌳,0.06,0.0,0.75,0.11,0.18,0.0
每一次从梦中醒来，我都觉得自己失去了一部分，但心里却又有一种莫名的充实感。🛌,0.0,0.0,0.57,0.09,0.43,0.0
我爱那些小小的幸福，就像雨后的彩虹，虽短暂，却足够让我心生欢喜。🌈,0.11,0.0,0.99,0.0,0.0,0.0
也许吧，生活的真谛就在于学会从每个微小的瞬间中发现美好，无论是悲伤还是快乐。💖,0.0,0.0,0.83,0.09,0.12,0.06
“去爱吧，就像是从未受过伤。”这句话突然让我觉得，所有的伤痛，终会被时间温柔治愈。🌟,0.0,0.0,0.44,0.16,0.49,0.0
生活就是这样，有时候我们不得不在迷雾中行走，但如果勇敢，终会看到一片晴空。☀️,0.0,0.0,0.91,0.06,0.05,0.0
今天的心情好像是落叶飘舞，轻轻地，没有重量，却充满了自由感。🍂,0.07,0.0,0.76,0.13,0.12,0.0
为什么总是忍不住去怀念那些曾经，虽然它们已经远去，但它们在心里，仍然是最美好的回忆。💭,0.1,0.0,0.26,0.0,0.73,0.06
夜晚的星空好美，每一颗星星都像是在诉说着某个古老的故事。✨,0.0,0.0,0.8,0.13,0.09,0.1
人生是一场旅行，有时迷路也没关系，重要的是你会因为每个转弯，发现新的风景。🌍,0.0,0.0,0.87,0.17,0.06,0.0
如果一切都能回到最初的模样，或许我会更加珍惜那些曾经的温暖时光。🌷,0.0,0.0,0.69,0.14,0.26,0.0
