posts,angry,fear,happy,neutral,sad,surprise
每当看到《长相思》的相柳，我总会想，自己是不是太容易被温柔打动了？那些冷静而深沉的眼神，像是在说故事。#影视情感#,0.0,0.0,0.68,0.27,0.14,0.06
人生就像一部电影，走到哪里都是自己的剧本。可是有时候，最大的挑战不是演得好，而是如何坚持走下去。#人生感悟#,0.0,0.06,0.54,0.36,0.3,0.0
也许我们都太急于追求完美，忽视了每一步的小惊喜。其实，生活中的小细节才是最值得珍惜的。#生活小感#,0.0,0.0,0.72,0.21,0.09,0.09
我最喜欢安静的角落，听着音乐，想着未来。偶尔幻想，如果有一天我能安稳地过这一生，那该多好。#未来畅想#,0.0,0.0,0.83,0.12,0.0,0.09
看了《春晚》，心里有些失落。是不是只有小时候那种无忧无虑的欢笑，才能真正感染到人呢？#怀念过往#,0.0,0.1,0.06,0.08,0.92,0.0
不想长大，不想被生活压得喘不过气来。我想保持那份童真的热情，哪怕偶尔觉得累。#坚持自我#,0.0,0.09,0.86,0.0,0.08,0.0
生活总是忙忙碌碌，我们却往往忘了停下脚步，感受当下的美好。今天，留给自己一些时间，去思考。#当下思考#,0.0,0.0,0.42,0.33,0.3,0.05
也许爱情就像一杯清茶，最开始的时候总是带着一点点的涩，等到时间久了，才会觉得温暖而有滋味。#爱情感悟#,0.0,0.0,0.69,0.26,0.25,0.0
我有个小小的梦想，能够在某个地方，和自己喜欢的人，一起看着星空，什么都不说，只是静静地待着。#宁静的时光#,0.0,0.0,0.81,0.11,0.0,0.05
有时候，我们需要的不是别人的理解，而是自己对自己的宽容。没有人能给你完整的答案，最重要的是，自己找到平衡。#内心平衡#,0.0,0.0,0.67,0.34,0.08,0.0
生活里有太多的不确定，但至少我知道，自己是一个愿意感受美好的存在。#对美好的追求#,0.0,0.0,0.93,0.0,0.0,0.0
看完檀健次的剧，又觉得自己似乎找到了那种久违的心动感。谁说追剧不能是一种精神寄托呢？#追剧的心动#,0.0,0.0,0.86,0.0,0.05,0.11
人们总说“放下”，但放下真的那么容易吗？每个人的放下都有不同的重量。#情感挣扎#,0.0,0.11,0.06,0.44,0.43,0.14
突然明白，喜欢一个人不一定要有什么大动作，可能只是每次想起时的心跳和微笑。#默默喜欢#,0.06,0.0,0.85,0.0,0.0,0.06
今天做了一道菜，自己一个人吃完。虽然简单，但觉得特别满足。生活啊，平凡但也充满惊喜。#简单的快乐#,0.0,0.0,1.0,0.0,0.0,0.06
我总是幻想，有一天能去一个没有人的地方，过上最简单的生活。没有压力，没有纠葛，只有我和风。#理想生活#,0.0,0.0,0.77,0.12,0.0,0.06
春晚已经不像以前那样吸引我了，也许是我们变了，或者是时代变了。但每年看到节目的时候，心里总有一丝期待。#节日回忆#,0.0,0.0,0.77,0.0,0.16,0.07
不管生活有多忙，还是会找时间去追一些自己喜欢的剧，毕竟那是我与世界暂时的逃离。#追剧时光#,0.0,0.06,0.65,0.19,0.21,0.0
每天醒来，看着阳光照进窗子，突然觉得，生命其实没有那么复杂。就像阳光一样，温暖简单。#生命感悟#,0.0,0.0,0.82,0.15,0.09,0.08
真希望能一直保持这种纯粹的心情，哪怕这个世界总是那么喧嚣。#纯粹的心#,0.0,0.0,0.91,0.05,0.0,0.0
走在街上，看到每个人忙碌的模样，突然有些感慨。我们真的都在为了什么而奔波呢？#生活感悟#,0.09,0.0,0.3,0.16,0.49,0.12
其实最难的，不是开始，而是坚持。当一切变得平淡无奇，是否还能带着热情继续前行？#生活哲理#,0.0,0.07,0.57,0.31,0.23,0.08
我有时候会想，所有的努力，所有的坚持，最终是为了什么？是为了一个梦想，还是为了内心的平和？#自我探寻#,0.0,0.08,0.25,0.23,0.28,0.27
看着檀健次的表演，突然觉得，演员的每一帧都像是精致的画作。每个眼神里都有故事。#演员魅力#,0.0,0.0,0.85,0.21,0.0,0.08
每次做饭，都觉得是一种自我表达。食物不只是给身体的滋养，还是对生活的热爱。#做饭的乐趣#,0.0,0.0,0.98,0.08,0.0,0.08
也许，我们在某些时刻，最需要的不是他人的安慰，而是自己给自己一个拥抱。#自我关怀#,0.0,0.0,0.61,0.3,0.15,0.0
有些人说不出的感觉，放在心里，慢慢去感受。它不需要言语，却能触动灵魂。#心灵触动#,0.0,0.06,0.73,0.24,0.1,0.07
生活中的美好，不一定需要很多人陪伴。偶尔一个人的时光，也能让我感到宁静和充实。#独处的美好#,0.0,0.0,0.93,0.0,0.0,0.06
有时候，放下自己并不容易，但总会有某个瞬间，明白了那个最重要的东西其实就是自己。#成长感悟#,0.0,0.0,0.65,0.28,0.18,0.06
在这种繁忙的世界里，依然能在某个瞬间找回自我，真的是一种幸福。#自我回归#,0.0,0.0,0.96,0.0,0.0,0.08
我想，生活中的快乐大概就是这样，简单却真实。不是因为拥有很多，而是因为懂得珍惜。#简单的快乐#,0.0,0.0,0.93,0.07,0.0,0.1
也许一切的焦虑，都是因为我们太在意外界的评价。真正的自由，来自内心的坚持。#内心自由#,0.0,0.0,0.65,0.34,0.05,0.08
不再追求完美，只想尽力去做好自己。最终的结果怎样，我都能接受。#接受不完美#,0.07,0.0,0.74,0.11,0.16,0.0
每天给自己一小段安静的时间，去思考，去感受，去发现生活的美好。#自我时间#,0.0,0.0,0.78,0.26,0.0,0.0
我从不认为生活只是为了获得什么，更重要的是，在过程中发现那些温柔的瞬间。#生活的意义#,0.0,0.0,0.85,0.13,0.0,0.1
每当遇到困难，总是想起那些曾经的温暖时光。也许，困境只是为了让我更加珍惜未来的平凡。#温暖回忆#,0.0,0.08,0.81,0.0,0.17,0.0
看过太多的剧，但檀健次的演技依然让我感到震撼。演员的力量，真的是无穷的。#演技欣赏#,0.0,0.08,0.86,0.18,0.0,0.0
生活中的某些瞬间，真的让人感到如梦似幻。比如某个陌生的笑容，突然让心情变好。#温暖瞬间#,0.11,0.07,0.84,0.05,0.0,0.13
想念那些日子，和朋友们一起吃饭，一起笑。那时候，我们不需要太多话语，却能感受到彼此的心。#友情回忆#,0.0,0.0,0.72,0.0,0.28,0.0
有时候，偶尔去回忆过去，也许会让自己变得更清醒，知道自己从哪来，未来该往哪里走。#回忆的力量#,0.0,0.0,0.8,0.17,0.12,0.0
有些人的温暖，无需语言，却能穿透内心。真心待人，往往能收获更多的美好。#人际温暖#,0.0,0.0,0.92,0.16,0.0,0.0
我常常在想，我们每个人的生命，是否都有一个专属于自己的故事，等待某一天去实现？#生命的故事#,0.0,0.0,0.41,0.28,0.21,0.18
每天看到的风景都在变化，但无论怎样，内心的平静才是最珍贵的风景。#内心风景#,0.0,0.0,0.85,0.21,0.11,0.0
喜欢上了一个演员，不仅仅是因为他的外貌或才华，而是他给了我一种无法言喻的感动。#明星情感#,0.0,0.0,0.85,0.13,0.06,0.06
生活里有太多不如意，但只要有一线光明，我们就能继续前行。#生活的力量#,0.0,0.05,0.98,0.08,0.0,0.0
真心相信，那些看似不起眼的小事，才是生活中最重要的部分。#小事大爱#,0.0,0.0,0.92,0.12,0.0,0.0
不要急着为未来做太多规划，偶尔放松，去感受当前的每一刻，或许会有意想不到的惊喜。#享受当下#,0.0,0.0,0.87,0.14,0.0,0.06
每个人都在自己的人生剧本里扮演着主角，虽然有时跌跌撞撞，但这就是我们人生的独特魅力。#人生剧本#,0.0,0.0,0.75,0.33,0.0,0.06
有时候，我觉得孤独并不可怕，反而让人学会更好地面对自己。#孤独与成长#,0.0,0.22,0.49,0.24,0.24,0.06
今天看了几集剧，突然觉得，每个人都有属于自己的舞台，我们都在寻找自己的位置。#生活与剧本#,0.0,0.0,0.57,0.3,0.11,0.14
