posts,angry,fear,happy,neutral,sad,surprise
今天读到一句话：“时间并不是一条直线，而是一个不断重叠的圆圈。”每当经历了某些循环往复的瞬间，才突然明白，生命的深意藏在这些看似平凡的重复中。每个细节都有它的价值，只是我们有时太匆忙，错过了去感受的机会。#人生感悟#,0.0,0.0,0.51,0.29,0.3,0.06
昨天在阳台上看星星，突然意识到，自己也不过是宇宙的一粒尘埃。可是，竟然在这无尽的宇宙中，有这么多我在乎的人和事，心里却充满了温暖。宇宙再大，也无法抵挡我对这份温暖的珍视。#心灵的宁静#,0.0,0.0,0.83,0.0,0.12,0.19
有时候，生活就像一道复杂的谜题，看似困扰重重，但每解开一个难题，就会更清晰地看到前方的路。只是，这条路需要时间去走，去体会。今天的我，也许刚刚走了第一步。#人生感悟#,0.0,0.06,0.56,0.27,0.24,0.0
试着让自己不再被外界的喧嚣打扰，安静地感受内心的声音。那种平静而纯粹的感觉，像是与自我对话，找到了久违的平衡。或许，有时候不必追逐外面的东西，内心的安宁才是最珍贵的。#内心平和#,0.0,0.0,0.86,0.17,0.05,0.0
听着一首老歌，突然想起过去的自己。那时候的我总是充满迷茫，但也正是那段迷茫的时光，成就了如今更加坚定的自己。或许，人生的每一步，都是不可或缺的。#时光流转#,0.0,0.0,0.75,0.0,0.19,0.06
吃着自己做的甜点，突然有种说不出的满足感。原来，最简单的幸福，就是自己动手做的东西，它承载着太多个人的情感和回忆。生活的美好，往往藏在这些细小的瞬间里。#生活的点滴#,0.0,0.0,0.86,0.0,0.0,0.14
看着手中的书，脑海里浮现出各种思想碰撞的火花。知识，不仅是解答问题的工具，更是开阔视野的钥匙。每翻一页，都像是在与不同的灵魂对话，感受到智慧的力量。#阅读时光#,0.0,0.0,0.84,0.21,0.0,0.0
每当我在某个瞬间突然停下脚步，静静地看着周围，内心总能找到一种奇妙的宁静。那些看似平凡的场景，或许就是生活最真实的模样。#发现美好#,0.0,0.0,0.82,0.11,0.0,0.15
今天收拾书架时，翻到一本已经泛黄的旧书，里面的字句依旧那么清晰。时间让它变得陈旧，但它的故事依然深深地刻在我心里。也许，最珍贵的东西，往往是历经岁月洗礼的。#怀旧时光#,0.0,0.0,0.73,0.06,0.25,0.07
最近总是做着一些小小的改变，换个角度看事物，换个方式处理问题。发现生活真的能变得更轻松。当你尝试用不同的眼光去看待世界，许多事情似乎就能迎刃而解。#心境转变#,0.0,0.0,0.8,0.12,0.0,0.13
在这个充满变化的世界里，有时候会感到迷失。但我相信，最终能找到自己的路。即使有些路看起来不那么明晰，但每一次走出一步，都会更接近自己的内心。#自我探索#,0.0,0.0,0.81,0.13,0.0,0.07
每次面对一个新的挑战，都会有些许的不安。可是，那种勇敢去面对的力量，总是会在内心涌现。生活不总是完美的，但正是那些挑战，塑造了更坚强的我。#勇气与成长#,0.0,0.1,0.96,0.0,0.0,0.0
看着窗外的阳光透过树叶洒进屋内，突然想起一句话：“光是追逐的，但最终却总会回来。”生活中的许多东西，或许也是这样，不急不躁，它们会在适当的时候回来。#光影流转#,0.0,0.0,0.64,0.26,0.13,0.0
在安静的夜晚，做了一点小小的心灵整理。无论白天多忙碌，夜晚总是可以让自己重新回到内心的世界，和自己对话。一个人独处时的安宁，是最宝贵的时光。#夜晚的沉静#,0.0,0.0,0.9,0.09,0.0,0.0
最近尝试了一些新的爱好，像是种植一些小植物，或者开始做一些手工艺品。每一次动手的过程，都让我重新找回了创造的乐趣。生活真的不需要太复杂，只要找到能让自己放松的事物。#简单生活#,0.0,0.0,0.85,0.16,0.0,0.05
今天听到一段话：“有时候，放手不代表放弃，而是给自己一个全新的开始。”也许，生活就像是不断选择和放弃的过程，关键是如何去接受和拥抱变化。#新的开始#,0.0,0.0,0.67,0.23,0.0,0.06
昨天在书店里看到一本书，突然觉得那本书好像是为我而写的。生活总会在不经意间，送来一些奇妙的契机，仿佛冥冥之中有一股力量在引导着我们。#书中的智慧#,0.0,0.0,0.79,0.12,0.0,0.17
坐在阳台上，听着风吹过树叶的声音，突然觉得一切都变得那么简单。生活的美好，其实藏在那些微小的细节里，只要愿意去感受。#心灵的宁静#,0.0,0.0,0.83,0.12,0.0,0.08
最近对很多事物有了新的理解。曾经以为一定要争取到什么才能幸福，但现在明白，幸福不是外在的，而是内心的满足。原来，最重要的是懂得珍惜当下。#内心的满足#,0.0,0.0,0.84,0.0,0.09,0.09
总是在不同的时刻，经历不同的挑战。可是，每一次突破，都让我更了解自己。或许，生活的真正意义，不在于一成不变的稳定，而是在于不断向前的勇气。#勇往直前#,0.0,0.0,0.92,0.0,0.0,0.0
不知道为什么，最近对过去的记忆越来越清晰。那些曾经的时光，不论是欢乐还是痛苦，都成了我成长的一部分。每个记忆，都是生命的珍宝。#时光如歌#,0.0,0.0,0.82,0.0,0.18,0.05
看着窗外的云彩，想起小时候总爱盯着天空发呆。那时候的我，充满了对未来的幻想和期待。随着时间流逝，那些幻想渐渐变得朦胧，但内心深处的希望始终未曾改变。#怀念青春#,0.0,0.11,0.44,0.0,0.48,0.0
最近的天气真好，阳光明媚，心情也格外舒畅。走在街头，看到每个人脸上的微笑，仿佛世界都变得更美好了。也许，我们每个人的心里，都有一束阳光。#阳光灿烂#,0.09,0.0,1.0,0.0,0.0,0.0
每个人都有不为人知的一面，我们总是习惯将最真实的自己隐藏在内心深处。或许，只有在最安静的时刻，才能遇见最真实的自己。#自我探寻#,0.0,0.05,0.47,0.39,0.13,0.1
看了一部电影，心里久久不能平静。每一帧画面、每一句对白，都像是在触动我的内心。艺术总是能以某种方式，带给我们最深刻的共鸣。#电影的力量#,0.0,0.0,0.75,0.18,0.07,0.0
看到一个朋友的状态，突然发现，他也许正在经历我曾经经历过的那段迷茫期。于是，我想到了那句话：“你从未真正失去过，所有的迷茫都是为了让你找到自己。”#心灵的共鸣#,0.0,0.0,0.55,0.23,0.21,0.1
听到一首歌，突然觉得这歌的旋律好像是为我而作。每个音符都在诉说我内心的情感。这就是音乐的力量，它能不经意间触动你最柔软的地方。#音乐的魔力#,0.0,0.0,0.81,0.2,0.0,0.08
生活中有很多不完美的地方，但我不再追求完美。因为，正是那些小小的不完美，构成了真正的生活。每个瑕疵，都是独特的美。#接纳不完美#,0.0,0.0,0.74,0.24,0.14,0.0
记得小时候，总是觉得世界是那么简单，而现在，面对复杂的选择和问题，总是感到一丝无力。可我知道，时间会教会我们如何更好地走下去。#时间的馈赠#,0.0,0.0,0.8,0.0,0.21,0.0
今天收到一封老朋友的信，信里写满了回忆和温暖。那些曾经一起走过的日子，仿佛就在眼前。朋友是人生中的珍贵宝藏，时光无论如何流转，它们依旧闪烁着光芒。#友情的温暖#,0.0,0.0,0.97,0.0,0.0,0.0
有时候，生活会让你感到失落，但在最失落的时刻，也往往能找到一线希望。只要坚持下去，总会有光明的未来在前方等着你。#勇气与希望#,0.0,0.08,0.91,0.0,0.0,0.0
今天听到了一句很有力量的话：“当你敢于追求自己的梦想时，整个宇宙都会为你让路。”也许，这就是信念的力量，它能带你走得更远。#追寻梦想#,0.0,0.0,0.83,0.16,0.0,0.0
看着手中翻动的书页，每一页都带着时间的痕迹。这些字句，仿佛带我回到那个年代。书籍是时间的见证者，承载着无数的故事和记忆。#时光与书籍#,0.0,0.0,0.62,0.32,0.15,0.07
曾经对未来充满了不确定，而现在，我学会了接受这一切的未知。生活本来就没有标准答案，重要的是你走过了哪些路，见过了哪些风景。#未来的探索#,0.0,0.0,0.66,0.22,0.1,0.12
那些曾经的失落和痛苦，现在回想起来，似乎变得有些遥远。经历过的人才懂得，这些痛苦是成长的一部分，它们成就了更好的自己。#痛苦与成长#,0.0,0.05,0.41,0.16,0.5,0.0
看了一场话剧，台上的演员们用情感和生命演绎着每一个角色。艺术真的很神奇，它能把平凡的故事讲得如此动人。#艺术的力量#,0.0,0.0,0.85,0.16,0.0,0.12
最近喜欢在安静的午后，泡一杯茶，静静地坐下来，翻看书籍，思考人生。这样的时光，虽然简单，却充满了深意。#静享时光#,0.0,0.0,0.89,0.2,0.0,0.06
生活就是一场旅行，途中有风景，有人陪伴，有孤单的时刻。但无论如何，每一步都值得珍惜。旅行不仅是去别的地方，更是去了解自己。#生活如旅#,0.0,0.0,0.91,0.13,0.0,0.0
今天和朋友聊了一些心里话，突然觉得自己从未如此轻松。原来，分享和倾诉能带来如此大的力量。我们都需要这样一个可以倾诉的人。#友情的治愈#,0.0,0.0,0.89,0.07,0.0,0.08
每当看到一些老照片，心里总是充满了怀念。时间仿佛停滞在那些瞬间，带着温暖和不舍。#时光荏苒#,0.0,0.12,0.2,0.13,0.77,0.0
最近越来越喜欢安静的时光，独自一个人待在家里，什么都不做，静静地感受。原来，享受孤独，反而能让我与自己更亲近。#独处的乐趣#,0.0,0.0,0.87,0.08,0.08,0.12
看到一篇文章，讲述了如何在生活中保持内心的平和。很受启发，发现我们太容易被外界影响，忽略了自己内心的声音。#内心平静#,0.0,0.0,0.63,0.32,0.1,0.07
今天做了一些小小的改变，改变自己对生活的态度，改变自己对困境的看法。每一次改变，都是一次成长的机会。#成长的过程#,0.0,0.0,0.87,0.12,0.0,0.0
突然意识到，每个人的生活都像是一部独一无二的电影，每个细节都在演绎着属于自己的故事。我们是自己故事的主角，也是导演。#生活如剧#,0.0,0.0,0.77,0.19,0.0,0.15
一直觉得，真正的自由，是在内心找到属于自己的位置，而不是外在的空洞世界。#自由的意义#,0.0,0.0,0.61,0.35,0.0,0.1
今天见到一个久未见面的朋友，回忆起过去的时光，心中充满了温暖。每一次相遇，都是一种珍贵的礼物。#时光与友情#,0.0,0.0,0.97,0.0,0.0,0.07
看着窗外飘落的花瓣，心中突然涌上一股莫名的感动。生活中，常常是这些看似不起眼的事物，给我们带来深刻的感悟。#生活的细节#,0.0,0.0,0.82,0.07,0.0,0.13
每当面对选择时，我总是会纠结很久。也许，这就是人生的常态，所有的决定，都是在不断自我探索的过程中做出的。#决策与迷茫#,0.0,0.07,0.19,0.36,0.41,0.09
喜欢在夜晚独自散步，街头的灯光与寂静的夜空形成鲜明对比。这样的时刻，似乎能更清晰地听到内心的声音。#夜晚的散步#,0.07,0.0,0.63,0.27,0.12,0.0
最近有些不安，担心未来会发生些什么。但也知道，这种不安是人生的一部分。重要的是，我们如何去面对它，如何找到内心的平静。#面对不安#,0.0,0.14,0.43,0.27,0.21,0.1
