posts,angry,fear,happy,neutral,sad,surprise
生活有时就像是一场电影，结局早已注定，只是我在等待那一刹那的转机，转身离开。#人生如戏#,0.0,0.07,0.16,0.28,0.76,0.0
每个梦，都像是大海里的漂流瓶，找到了回应，便不再孤单。海洋是无限的，也许，那里有我一直想要的答案。#梦与海#,0.0,0.0,0.76,0.19,0.11,0.08
看着窗外的风景，仿佛自己也成了一部分。那些飘动的树叶，正如我心中的忧伤，随风而去。#心灵随风#,0.07,0.07,0.22,0.28,0.61,0.0
如果我们都能停下来，给自己一份宁静，是不是一切都会变得更清晰？有时，静默也能为我们指引方向。#宁静致远#,0.0,0.0,0.8,0.22,0.0,0.0
今天无所事事，脑袋里却充满了小小的梦想，甚至开始幻想，是否有一天能真正过上自己想要的生活。#安静梦想#,0.07,0.07,0.52,0.1,0.22,0.14
别人的眼光有时像尖锐的箭头，但我始终相信自己，哪怕全世界都在反对。#自我信念#,0.0,0.0,0.73,0.21,0.0,0.0
我想过结婚，但更想的是在山间走一段路，聆听风的声音，和大自然达成某种默契。#隐居梦想#,0.0,0.05,0.48,0.37,0.15,0.08
又开始迷恋那些旧书的味道，每一页都有故事，有回忆，甚至连空气也散发着安慰。#书香情怀#,0.0,0.0,0.73,0.14,0.25,0.0
世界好像一颗不小心碎掉的玻璃珠，散落的地方，都是不曾经历过的故事。#破碎的美#,0.07,0.1,0.2,0.23,0.67,0.0
或许我们的人生就像一场盛大的宴会，每个人都是主角，但总有那么几个瞬间，才会真正属于自己。#生活的独白#,0.0,0.0,0.52,0.34,0.18,0.11
有时你以为自己已经丧失了方向，结果发现，迷茫本身就是一场自我救赎。#迷茫的意义#,0.0,0.05,0.22,0.32,0.48,0.09
过去的某些时光，依然在我心里跳动，每当想起，总有一种说不出的温暖。#怀念过去#,0.08,0.05,0.43,0.0,0.57,0.0
对爱情的幻想，总是美丽的，但现实却常常给我深深的叹息。#爱情的距离#,0.0,0.0,0.0,0.19,0.86,0.0
偶尔会想，如果能有一个完美的逃离，那该有多好。可惜，生活不允许我们轻易放弃。#逃避与勇气#,0.0,0.15,0.2,0.26,0.57,0.05
每个人心里都有一片荒芜的土地，渴望着被爱与理解的滋养。#孤独与渴望#,0.09,0.14,0.08,0.28,0.65,0.0
有些人注定要错过，尽管彼此间有着深深的牵绊。#缘分的错过#,0.0,0.08,0.0,0.28,0.8,0.0
被世界忽略的那份温柔，只有我自己知道。#沉默的温暖#,0.0,0.06,0.55,0.23,0.3,0.0
是不是所有的离开，都是为了让我们在某个瞬间学会真正的成长？#离开的意义#,0.0,0.0,0.15,0.37,0.46,0.15
很多时候，我觉得自己像一只迷路的鸟，找不到可以栖息的地方。#漂泊的心#,0.0,0.11,0.0,0.19,0.83,0.0
总会有那么几个瞬间，自己愿意安静地承认，生活并不如自己所想的那样完美。#生活的真实#,0.0,0.0,0.8,0.06,0.12,0.08
每当心情低落时，抬头看看天，星星总是温柔地提醒我：无论如何，都会过去。#低谷与安慰#,0.0,0.07,0.65,0.17,0.25,0.0
我希望能有一个世界，那里没有评判，没有枷锁，只有纯粹的自由与美好。#自由的梦想#,0.0,0.0,0.76,0.17,0.0,0.05
有时候我们在人群中迷失，却总能在孤独的角落找到自己。#孤独的深意#,0.0,0.09,0.27,0.26,0.54,0.06
想要找个安静的地方，种点花草，过简单而满足的日子。#隐居的理想#,0.0,0.0,0.45,0.39,0.12,0.08
为什么每次看书都会忍不住想，如果我也能生活在这其中，那该多好。#书中的世界#,0.09,0.0,0.47,0.09,0.28,0.2
世界太喧嚣，内心却始终渴望宁静。#内心的呼声#,0.0,0.0,0.5,0.28,0.21,0.0
偶尔，忍不住想象如果有一天，我会站在一片无垠的草原上，仰望星空。#自由与梦想#,0.0,0.0,0.68,0.13,0.05,0.12
时间带走了很多东西，但从未带走过我的梦想。#梦想不灭#,0.0,0.05,0.58,0.15,0.27,0.07
我向往的是那种无声的理解，像清晨的阳光，照进心底，温暖而不张扬。#无声的关怀#,0.0,0.0,0.85,0.12,0.0,0.0
曾经以为所有的伤痛都能愈合，直到再次遇见某些人或事，才发现伤口依旧。#伤口的痕迹#,0.0,0.07,0.09,0.19,0.8,0.0
世间一切似乎都在变动，但唯一不变的，是内心深处对理想的执着。#理想与坚持#,0.0,0.0,0.59,0.33,0.09,0.08
如果没有那份挣扎与疼痛，是否也能理解到生活的真正意义？#生活的深思#,0.0,0.0,0.41,0.32,0.27,0.17
有时候，迷茫是最美的感觉，因为那意味着我们还在追寻。#迷茫与追寻#,0.0,0.06,0.36,0.31,0.41,0.0
每个人心里都有一个不为人知的故事，它静静地躺在那里，等待被发现。#心灵的秘密#,0.0,0.0,0.45,0.52,0.14,0.0
生活不是等待风暴过去，而是学会在风暴中跳舞。#挑战与成长#,0.0,0.08,0.76,0.31,0.0,0.0
我喜欢静静地听风，听它带来的声音，仿佛能听见远方的故事。#风的低语#,0.05,0.0,0.71,0.25,0.13,0.0
想要爱，又怕爱，因为每一段感情都可能会成为心里的伤。#爱情的纠结#,0.0,0.22,0.0,0.14,0.87,0.0
每当夜深人静，总是会想起那些我错过的东西。#遗憾与反思#,0.0,0.08,0.1,0.16,0.78,0.0
生活有时像梦，梦有时像生活。我们都在彼此的梦境里相遇。#梦与生活#,0.0,0.0,0.68,0.3,0.09,0.09
说不上是迷失，或许是找到了另一种自己，正在茫茫人海中独自生长。#独自成长#,0.0,0.07,0.52,0.23,0.29,0.06
那些美丽的瞬间，虽然短暂，却永远留在心底，成为一种无法磨灭的记忆。#记忆的力量#,0.0,0.05,0.67,0.17,0.28,0.0
现实有时是枯燥的，但在心底，依然有一片绿洲，等待我去找到。#内心的绿洲#,0.0,0.0,0.75,0.16,0.2,0.0
你我之间，隔着万水千山，却依然有着同样的星空。#星空的共鸣#,0.0,0.0,0.46,0.34,0.24,0.18
可能每个人的心里，都藏着一片森林，只有在某些寂静的夜晚，才敢轻轻走进去。#内心的森林#,0.06,0.11,0.19,0.45,0.33,0.05
有时候，我宁愿和自己对话，也不愿与这个世界打交道。#与自己对话#,0.08,0.07,0.18,0.35,0.47,0.0
一颗心，想要去的地方，可能永远也到不了。#心之向往#,0.0,0.0,0.36,0.3,0.4,0.0
人生其实不需要太多的东西，只要一份平静与安宁，便足够。#内心的平静#,0.0,0.0,0.71,0.33,0.0,0.0
你可能不是最幸运的人，但至少你拥有过一段属于自己的精彩。#生活的精彩#,0.0,0.0,0.91,0.13,0.0,0.0
有些事情，错过了便不会再有机会。可是，不是所有的错过都是遗憾。#错过的意义#,0.0,0.0,0.15,0.27,0.75,0.0
无论过去多少年，我依然记得那些曾经给我勇气的人和事。#勇气与回忆#,0.0,0.07,0.76,0.11,0.18,0.0
