posts,angry,fear,happy,neutral,sad,surprise
今天终于意识到自己可以坐在床上看一整天的电影，而不觉得时间浪费。其实，生活的意义也许就在于每个小小的放空时刻吧。🎬 #生活的哲学#,0.0,0.0,0.82,0.11,0.07,0.1
我在想，外星人真的是为了侵略地球而来的，还是单纯为了看看我们玩手机的样子？如果是后者，那我可以和它们聊聊《银翼杀手》吗？#宇宙的谜题#,0.08,0.09,0.0,0.41,0.0,0.35
为什么每次回头看以前的自己，都会想，“天啊，我真的是这么想过的吗”？是成长，还是遗忘了某些更真挚的自己？#迷失的自己#,0.0,0.09,0.0,0.0,0.86,0.25
今天晚上，我居然被一杯咖啡和一只猫治愈了。这是生活最简单又最复杂的美好。☕🐱 #温暖的瞬间#,0.0,0.0,0.85,0.0,0.0,0.23
不知道你们有没有过这种时刻：深夜里躺在床上，想起一些从前的事，突然就开始觉得自己好像能理解那些老电影里的情节了。#青春的回响#,0.05,0.0,0.58,0.06,0.27,0.1
刚才把手机掉进水里，看到它死不悔改的黑屏，我才意识到：大概这就是我们对待生活的态度吧。偶尔被泼一盆冷水，才知道自己活着。#现代人的小烦恼#,0.1,0.11,0.18,0.17,0.35,0.18
"""人活在世上，真正想要的其实很简单——就是找个地方，坐下来，喝着热茶，静静地等太阳下山。""——今晚，太阳迟迟不肯下山。🌅 #冥想的美好#",0.0,0.0,0.53,0.2,0.32,0.06
试图抓住“那一刻”的感觉，结果又开始怀疑自己到底是在追求生活的意义，还是仅仅在追求一个没有尽头的梦？#无限的追寻#,0.0,0.11,0.0,0.07,0.66,0.16
有时候，我会停下来想，身边的每个人都在做些什么？是否都在努力向着某个目标前进，还是只是偶尔看个电影，喝杯酒，沉淀自己？#生活的小思考#,0.0,0.0,0.33,0.24,0.32,0.18
看电影的时候，突然有个场景让我泪流满面。那种瞬间，才会意识到人类真是个复杂又简单的动物。#情感的爆发#,0.05,0.08,0.49,0.09,0.35,0.1
这几天，和家人聊起往事时，我才知道原来那些不经意的记忆，已经成为了最温暖的存在。#怀旧的滋味#,0.0,0.0,0.74,0.06,0.24,0.17
今天听了一首歌，里面歌词写着：“有些人会在你生命里留下烙印。”突然想起那些曾经重要的人，心里竟然涌上一阵温暖。#珍贵的回忆#,0.0,0.0,0.7,0.0,0.16,0.11
看着街头的霓虹灯，突然觉得自己在这座城市里像是个过客。每个瞬间都在慢慢融入，又好像从未存在过。#城市的孤独#,0.14,0.18,0.11,0.23,0.62,0.11
有些时候，吃着简单的晚餐，和朋友们聊聊天，发现那才是最幸福的时刻。生活中的小确幸，真的是不能忽视。#最简单的快乐#,0.0,0.0,1.0,0.0,0.0,0.08
刚才穿过老街道，看到一家闭了门的小店，心里突然有种“这曾经是我的世界”的感觉。#时间的痕迹#,0.05,0.12,0.25,0.24,0.38,0.17
最近在想，如果生活真的可以重来一次，你会选择从哪一刻开始？#时光的选择#,0.0,0.0,0.09,0.32,0.46,0.23
今晚，窗外的雨下得好大。想到有些事，可能永远也无法忘记。也许，忘记的本身才是最痛苦的事情。#记忆的负担#,0.0,0.1,0.0,0.0,0.99,0.0
突然觉得自己越来越喜欢那种无聊又安静的夜晚。没人打扰，什么都不做，觉得心里特别平静。#静默的夜晚#,0.0,0.0,0.89,0.05,0.0,0.05
有时候，感觉自己像个过时的机器，依旧在不停转动，却没有任何新意。#自我怀疑#,0.13,0.16,0.0,0.13,0.71,0.0
今天走在街上，看到一只流浪猫静静地躺在阳光下，心里突然想，“它知道什么是放松，而我呢？”#生活的对比#,0.06,0.0,0.37,0.22,0.26,0.23
最近在读一本书，里面讲的是寻找内心的平静。每次看完，我都感觉自己的心跳稍微慢了一点。#心灵的平静#,0.0,0.07,0.49,0.29,0.24,0.0
站在高楼上，看着城市的灯光一闪一闪的，突然觉得它们和我一样，迷失在无尽的夜晚。#城市的光辉#,0.08,0.07,0.38,0.19,0.37,0.11
每天都在思考生活的意义，或许，意义就在于这些无意识的日常——一杯茶、一阵风、一次深呼吸。#哲学的日常#,0.08,0.0,0.61,0.26,0.09,0.11
觉得每次看到老电影时，那些人物的眼神总是带着某种悲伤的深度。或许，只有老去，才能懂得那种眼神的含义。#怀旧的眼神#,0.1,0.0,0.21,0.2,0.66,0.0
昨天和朋友讨论了很多，最后我们得出一个结论：人类不过是一些会反复做同样事的机器，直到某天停下来。#生活的重复#,0.07,0.0,0.16,0.52,0.21,0.1
刚才看了一段搞笑视频，笑到快掉眼泪。突然想到，笑一下，真的能让人觉得整个人轻松好多。#笑的力量#,0.0,0.0,0.95,0.0,0.05,0.0
看到一篇文章，说每个人都有自己的孤独。突然想到，我的孤独可能就是在无数个不被理解的时刻慢慢堆积起来的。#孤独的自省#,0.11,0.14,0.0,0.24,0.58,0.1
今天把旧书翻出来，看到那些曾经标注过的句子，突然发现自己不再懂得当初的那些感动。#成长的痕迹#,0.08,0.0,0.43,0.0,0.66,0.0
今天心情特别不好，却突然又想起那首歌《Let It Be》。那些简单的歌词，反而给了我些许安慰。#音乐的治愈#,0.0,0.09,0.65,0.14,0.29,0.0
听到了一段《Bohemian Rhapsody》，又被它的旋律带回了那些日子。或许，生活中的某些瞬间永远无法再现。#音乐的怀旧#,0.05,0.0,0.52,0.16,0.41,0.06
有些时刻，我会觉得时间好像不再流动，所有的事都变得停滞不前，只有心跳依旧提醒着我：一切还在继续。#时间的悖论#,0.0,0.15,0.1,0.2,0.64,0.0
看了一个纪录片，里面有一句话：“每个人都在寻找自己的位置。”这句话突然让我意识到，或许我也在找那个属于我的位置。#自我探寻#,0.0,0.08,0.32,0.36,0.12,0.18
早上看着镜子里的自己，发现这些年我的眼神好像发生了变化。是不是越来越不想看到这个世界了？#镜中的自己#,0.11,0.1,0.1,0.12,0.65,0.17
有时候，觉得自己就像是站在迷宫中央的人，试图寻找出口，却总是走到死胡同。#人生的迷宫#,0.0,0.13,0.0,0.25,0.71,0.0
这几天发现自己对未来的恐惧越来越强烈，但也许恐惧本身就是生活的一部分吧。#面对恐惧#,0.0,0.5,0.27,0.21,0.18,0.17
今天和朋友讨论了很多，最后我们得出一个结论：做自己，才是最重要的事。#做自己#,0.0,0.0,0.48,0.43,0.0,0.08
看着街头那些匆匆行走的人，突然想，大家是不是都在忙着追寻某种目标，却忘了停下来看看路边的风景。#追寻与忽视#,0.13,0.08,0.0,0.23,0.6,0.18
今天吃了一碗特别好吃的拉面，突然想，或许人就是这样，总是在简单的东西里找到属于自己的幸福。#简单的快乐#,0.0,0.0,0.95,0.0,0.0,0.1
昨晚做了个梦，梦到自己穿越回了过去，遇见了曾经的自己。感觉既熟悉又陌生，最后只是彼此微笑而过。#梦中的过去#,0.07,0.09,0.25,0.14,0.61,0.13
发现自己现在越来越喜欢安静的时光，没有太多的社交，只是一个人待着，静静地思考一些无关紧要的事情。#独处的时光#,0.0,0.0,0.73,0.09,0.13,0.08
最近在想，如果我能不再担心生活中的琐事，而专心去做自己喜欢的事，会是怎样一种感觉？#自由的思考#,0.08,0.0,0.67,0.13,0.08,0.13
早上醒来，突然想到一个问题：我们真的在过自己想要的生活吗？还是只是被生活推着走？#生活的真实#,0.0,0.0,0.22,0.18,0.33,0.33
看着窗外的蓝天，我忽然有一种“所有的烦恼都不重要了”的感觉。#宁静的瞬间#,0.0,0.0,0.72,0.13,0.14,0.08
每当感到困惑时，我就会想：如果我不去计较这些琐事，是否能找到真正的平静？#寻找平静#,0.0,0.06,0.29,0.32,0.28,0.12
生活中的小小坚持，总会在某个瞬间给你带来惊喜。只要不放弃，就总会看到曙光。#坚持的力量#,0.0,0.05,1.0,0.07,0.0,0.0
最近常常觉得自己很累，可能是身体在喊“休息”，但心灵却总是飞快地转动。#心灵的疲惫#,0.07,0.13,0.0,0.16,0.89,0.0
今天决定放下所有工作，去看一场电影。发现自己有多久没享受过一场无所事事的时光了。#放松的自由#,0.0,0.0,0.74,0.12,0.2,0.11
每个人都在追求些什么，但有时我们忽略了最简单的幸福，比如一顿饭，一个微笑，或者一个安静的夜晚。#简单幸福#,0.0,0.0,0.8,0.09,0.12,0.1
生活中，总有一些时刻，让我们突然醒悟，原来自己其实拥有了很多。#感恩的瞬间#,0.0,0.0,0.77,0.0,0.13,0.14
偶尔停下脚步，回头看看自己走过的路，才发现每一步都在带着我们去往更好的自己。#自我成长#,0.0,0.0,0.87,0.07,0.06,0.07
