posts,angry,fear,happy,neutral,sad,surprise
今天的心情像是深秋的风，带着一点温暖，却也微微凉。突然发现，生活中的那些点滴，都是最美的风景。,0.0,0.0,0.88,0.0,0.0,0.0
每次听到那首歌，都会想起一个人，虽然已经不再联系，却一直在心里留有一席之地。人生就是这样，很多时候，我们都在错过。,0.09,0.0,0.24,0.13,0.81,0.0
有时候，静下来，闭上眼睛，就能感受到时间在慢慢流逝。它带走了很多东西，却也留下了许多记忆。,0.0,0.0,0.26,0.25,0.63,0.0
在这个快节奏的世界里，我常常感到不安。是不是只有停下来，才能真正感受到属于自己的节奏呢？,0.0,0.14,0.0,0.26,0.66,0.07
每个人的内心，都有一个未曾说出的故事。我也不例外，某些事情，我宁愿选择默默承受。,0.0,0.0,0.1,0.39,0.61,0.0
生命中的一些人，只是匆匆路过，而另一些，却会在你的心里留下深刻的印记。,0.0,0.0,0.41,0.38,0.46,0.0
最近突然很想旅行，去到那些没有人知道的小镇，或许在那样的地方，能找到自己失去的那部分。,0.06,0.0,0.21,0.21,0.65,0.0
你说过，无论多忙，都要记得停下来看看身边的风景。可是，当真的放慢脚步时，才发现那景色早已变了模样。,0.0,0.0,0.07,0.08,0.77,0.13
我总是喜欢在忙碌的日子里偷得一丝空闲，去做一些只属于自己的小事情。这种时光，最让人珍惜。,0.0,0.0,0.91,0.09,0.0,0.0
曾经的梦想，现在想来有些遥不可及。但我依然相信，有些东西不会随着时间流逝而消失。,0.0,0.0,0.64,0.08,0.31,0.0
每一段感情，都是一场修行。学会放下，学会珍惜，才能让心灵更加清澈。,0.0,0.0,0.74,0.33,0.12,0.0
不喜欢空洞的承诺，更喜欢那些默默付出的行动。生活中的小细节，才是真正的温暖。,0.0,0.0,0.93,0.12,0.0,0.0
在复杂的世界里，我一直在寻找那个属于自己的小小角落。那里有我最真挚的情感和无尽的思考。,0.0,0.0,0.69,0.15,0.14,0.0
今天看到一个很小的风景，它不特别，却让我感动了许久。大概人生中的美好，就是如此不经意。,0.0,0.0,0.87,0.0,0.0,0.09
有时候，安静地坐着，喝杯茶，看着窗外的风景，便觉得所有的烦恼都离自己远去了。,0.0,0.0,0.11,0.26,0.8,0.0
某些瞬间，感觉自己与世界格格不入，但又不知为何，内心却有一种温暖的力量支持着自己。,0.0,0.0,0.9,0.05,0.0,0.0
音乐是最能打动人心的东西。每次听到某首歌，都会不由自主地陷入深深的思考。,0.0,0.0,0.62,0.28,0.12,0.0
我不需要太多人的认可，只希望能够真正理解自己，做自己想做的事。,0.0,0.0,0.7,0.22,0.0,0.0
其实，孤独也好，忙碌也罢，我始终相信，总有一段时间属于我自己。,0.0,0.0,0.59,0.14,0.32,0.0
每当思绪纷飞时，最想做的，就是找到一个安静的角落，和自己独处，给心灵放个假。,0.0,0.0,0.56,0.22,0.19,0.0
在不经意间，又听到了那首歌，那些回忆又一次涌上心头。曾经的那些日子，虽然已远去，但依然清晰。,0.11,0.0,0.54,0.09,0.43,0.0
其实我一直都在等待一个对的人，或许是在梦中，或许是在下一次的相遇里。,0.0,0.0,0.47,0.15,0.44,0.0
有时候，回忆就像一本旧书，翻开时会让人微微心痛，但它依旧值得珍藏。,0.0,0.0,0.59,0.17,0.5,0.0
在这个喧嚣的世界里，我总是想要找一个安静的地方，去听听内心的声音。,0.08,0.0,0.1,0.4,0.45,0.0
那些感动过我的人，虽然现在已渐行渐远，但他们给我的记忆，永远不会褪色。,0.0,0.0,0.73,0.06,0.27,0.0
无论生活多么忙碌，心里总会有一个地方，是属于自己、属于内心宁静的空间。,0.0,0.0,0.74,0.31,0.0,0.0
经常想，如果能把所有的烦恼都藏起来，或许生活会更加轻松吧。,0.08,0.0,0.68,0.16,0.16,0.0
每一次看日落，都觉得世界变得更柔软，也许因为我们曾一起看过的东西，才会更珍贵。,0.0,0.0,0.89,0.0,0.18,0.0
想起那段时光，虽然有过很多的痛苦和失落，但它依然让我变得更加坚强。,0.05,0.06,0.9,0.0,0.18,0.0
今天看到一个人，突然想起了我们曾经的对话。人生中，有些话，是永远都不会忘记的。,0.0,0.0,0.29,0.16,0.61,0.0
有些故事，就像一首歌，虽然结束了，但它留给我的是永远的旋律。,0.0,0.0,0.59,0.26,0.38,0.0
如果能回到过去，我想我会告诉自己，要更加勇敢一点，去面对那些曾让我畏惧的事物。,0.0,0.12,0.77,0.12,0.09,0.0
世界这么大，我总想找到一个角落，属于我自己，哪里没有人打扰，只有我和我的思考。,0.07,0.0,0.51,0.12,0.32,0.0
每天都有新的开始，而我依然相信，总有一个时刻，我会变得更加成熟、更加清晰。,0.07,0.0,0.94,0.0,0.0,0.0
音乐是我最好的朋友，它总是能在我最需要的时候，带给我一份宁静和温暖。,0.0,0.0,1.0,0.11,0.0,0.0
每一次流泪，都是心灵的一次释放，虽然伤痛，但它让我学会了如何去治愈自己。,0.0,0.0,0.86,0.0,0.22,0.0
一个人的旅行，虽然孤单，但也让我更加了解自己，思考自己的人生。,0.0,0.0,0.96,0.08,0.08,0.0
人生就是一场不停的旅程，我们只能尽力而为，而每一步，都值得珍惜。,0.0,0.0,0.85,0.06,0.06,0.0
在我心中，总有一个地方，是属于那些曾经让我感动过的人的。即使他们已经不再在我身边。,0.06,0.0,0.61,0.21,0.27,0.0
曾经的我们，走过了很多的路，经历了很多的事情。虽然分开了，但那些记忆依然在心里。,0.0,0.0,0.17,0.11,0.87,0.0
每一场相遇，都是缘分。无论是短暂的还是长久的，它们都在我心中留下了痕迹。,0.0,0.0,0.46,0.24,0.42,0.05
时光匆匆，我们都在改变，但有些东西，始终不会改变。那就是我们最初的心意。,0.0,0.0,0.58,0.18,0.26,0.08
每一个人都在不停地成长，而我也在这段成长的路上，学会了许多，失去了许多。,0.0,0.0,0.24,0.12,0.74,0.0
生活的意义，或许就在于不断地发现自己，找到属于自己的位置，去追求那些未曾完成的梦想。,0.0,0.0,0.75,0.27,0.0,0.0
有时候，真的很想静下心来，去思考人生的意义。为什么我们在不断奔跑，却总觉得迷失。,0.0,0.0,0.0,0.08,0.88,0.09
经常在想，为什么有些人会离开，为什么有些事会发生。或许，这就是生活的无常吧。,0.1,0.0,0.0,0.14,0.71,0.16
每当站在高处，看着远方的风景，都会觉得自己是如此渺小，然而又充满希望。,0.0,0.0,0.82,0.0,0.16,0.0
每一段旅程，不论是平凡的还是特殊的，它们都会带给我不一样的感悟。,0.0,0.0,0.83,0.28,0.0,0.0
无论经历了多少困境，我依然相信，总有一天，我会找到属于自己的答案。,0.0,0.0,0.83,0.14,0.0,0.0
每一场雨后，都有晴天。尽管有时看似漫长，但我始终相信，云层之后，总会有阳光。,0.0,0.0,0.91,0.07,0.0,0.0
