posts,angry,fear,happy,neutral,sad,surprise
生活中最美的瞬间，往往是那些不期而遇的细节。坐在窗前，阳光洒进房间，空气中弥漫着茶香。那种宁静、安逸的感觉，仿佛一切都暂停了，只剩下自己和这世界的和谐相处。,0.0,0.0,0.88,0.22,0.0,0.0
每次写字时，我总能感受到一种不自觉的释放。那些平常无声的情感，突然在纸上找到了位置。文字的力量，似乎能让所有的迷茫都变得清晰。写下来，心里好像更轻了。,0.0,0.0,0.78,0.08,0.0,0.0
觉得自己在不断迷失，却又在迷失中找到些许真实。我也许不懂方向，但至少我知道每一步都是我自己走的。哪怕步伐蹒跚，我也会继续走下去，带着自己的节奏。,0.0,0.05,0.89,0.0,0.06,0.0
看到朋友们忙碌的身影，突然意识到自己内心有多么渴望一种从容的生活。每个人都有自己的步伐，能否找到自己的节奏，才是最重要的事。,0.0,0.0,0.75,0.0,0.08,0.0
最近有些反思，发现自己对许多事情的看法已经发生了变化。小时候总想着完美，长大后却发现，真正值得珍惜的，往往是那些带着缺陷的美丽。,0.0,0.0,0.22,0.24,0.6,0.1
“孤独的美好”是我一直相信的哲学。独处时，我有更多的时间去聆听内心的声音，去发现那些被忽略的小美好。只有真正与自己相处，才能真正理解这个世界。,0.0,0.0,0.76,0.23,0.08,0.0
今天在街角看到了一个小女孩，她的笑容是那么纯粹，那一瞬间，心里的烦躁全都消失了。世界原来是可以这样简单、纯净的，不是吗？,0.0,0.0,0.83,0.0,0.0,0.16
每当夜深人静，思绪便开始泛滥。想起曾经的自己，那个怀抱梦想却常常迷茫的我。也许，走过的每一段路，都会为今天的自己积淀些许力量吧。,0.0,0.0,0.31,0.12,0.62,0.0
看到一本书的书名，突然明白了自己的内心。原来我们每个人都是在一场孤独的旅行中，寻找属于自己的答案。那些看似平凡的日子，反而是最宝贵的。,0.0,0.0,0.79,0.0,0.07,0.08
今天读到一句话：“真正的幸福，是在自己创造的世界中找到安宁。”有些事，虽然是无声的，但它却能在心中留下无法磨灭的印记。,0.0,0.0,0.71,0.22,0.13,0.0
有时候，我会对生活失去信心。每个人都在忙碌奔波，而我却总是感到不知所措。但我知道，自己只需要一点时间去调整，去寻找属于我的方向。,0.0,0.0,0.34,0.21,0.51,0.0
不得不承认，我已经开始慢慢欣赏生活中的不完美。那种错落有致的美，正如人生的波折一样，才使得一切变得更加真实和动人。,0.0,0.0,0.93,0.09,0.0,0.0
今天又看了一部电影，结局并不如我所预料，但却给我带来了深刻的思考。有时候，生活也像这部电影，充满了不确定性，却又充满了可能。,0.0,0.0,0.72,0.18,0.05,0.06
觉得自己有时候过于感性，容易被外界的声音影响。可是，正是这些声音，才让我更了解自己，更清楚自己要的是什么。,0.0,0.0,0.36,0.29,0.46,0.0
突然有一种深深的感慨：不管经历了多少风雨，最终总会走到属于自己的那片宁静海岸。每一段旅程，都充满了不为人知的精彩。,0.0,0.0,0.91,0.0,0.0,0.0
看着窗外的风景，内心有一种说不出的感动。生活的细节总是如此美好，只是我们太忙，常常忽略了它们。今天，我决定停下来，好好欣赏。,0.0,0.0,0.98,0.0,0.0,0.0
有些人会说，追求内心的平和是一种逃避。可我却觉得，这是一种深刻的勇气。面对喧嚣与纷扰，依然能保持内心的宁静，才是真正的力量。,0.0,0.0,0.83,0.23,0.0,0.0
人生最美的时刻，往往不是达成目标的那一刻，而是一路走来的心境和感悟。回头看，所有的经历都成了美丽的点缀。,0.0,0.0,0.97,0.0,0.0,0.0
和朋友讨论人生的意义，觉得每个人的回答都不尽相同。而这正是人生的魅力所在。每个人都有自己的轨迹，和自己最真切的故事。,0.0,0.0,0.81,0.29,0.0,0.0
曾经追求过许多外在的东西，但现在才明白，真正的满足，是来自内心的平和与自知。世界没有你想象的那么复杂，真正重要的是你自己的感受。,0.0,0.0,0.74,0.19,0.09,0.06
今天和朋友谈到梦想，突然意识到，很多人都在寻找属于自己的舞台，而我则在寻找一个属于自己的角落。每个人的生活方式不同，但都在追求幸福。,0.0,0.0,0.75,0.17,0.0,0.11
如果问我，生活中最值得追求的是什么，我的答案是：真实。无论是对自己，还是对他人。真正的自由，来自于内心的坦诚与纯粹。,0.0,0.0,0.63,0.39,0.0,0.0
看着身边的人忙碌生活，内心涌上一股难以言喻的情感。每个人都有自己的方式去应对生活的挑战，而我，依然希望能找到属于我的那片宁静。,0.05,0.0,0.83,0.0,0.11,0.0
今天突然感到有些孤单。没有人理解我心中的世界，所有人都在忙碌自己的生活。而我，只是静静地站在这里，感受着这一切的流动与变化。,0.1,0.0,0.12,0.18,0.69,0.0
那些曾经的迷茫，似乎随着时间的推移变得越来越清晰了。我开始理解，人生的意义并不是追求某个目标，而是在过程中感知和成长。,0.0,0.0,0.68,0.25,0.07,0.0
最近有种无法言喻的感动，来自于身边人给我的小小关怀。虽然这些关怀看似微不足道，但却能在某个瞬间温暖我的心。,0.0,0.0,0.98,0.0,0.0,0.0
不得不说，生活中总有一些无法预见的惊喜。昨天的失望，也许会成为今天的幸运。所有的起伏，都是我成长的一部分，值得珍惜。,0.0,0.0,0.99,0.0,0.0,0.0
每个人都有自己的孤独，而我，也在这片孤独中，找到了自己的一份安宁。也许，这就是生活的真实面貌——在孤独中成长，在孤独中绽放。,0.0,0.0,0.75,0.14,0.15,0.09
看完一部深刻的电影，久久不能平静。电影中的情感、思想让我反思了许多，特别是对于人生的态度。原来，所有的答案，都藏在我们自己的内心。,0.0,0.0,0.31,0.28,0.46,0.08
生活是一场不折不扣的探索，探索自我、探索世界、探索人与人之间的关系。每一次的遇见，都让我更加确定，自己的选择并非偶然。,0.0,0.0,0.71,0.27,0.0,0.06
今天早晨，阳光照进窗户，感觉一切都如此美好。生活的美好往往就在于这些细微的瞬间，它们总是悄然走进我的心里，带来温暖。,0.08,0.0,0.98,0.0,0.0,0.05
有些东西，虽然表面上不显眼，却在心里留下深刻的烙印。生活就是这样，很多看似微不足道的小事，才是最值得记住的。,0.0,0.0,0.83,0.15,0.15,0.0
在世界喧嚣的背后，我常常渴望那种独处的时光。只有在独处的时候，我才能真正听见自己的心跳，才能找到内心的宁静与力量。,0.0,0.0,0.67,0.24,0.16,0.0
生活是复杂的，但却也充满了无限的可能。每个选择，每个决定，都是我们人生中的一块拼图，最终组成的，是属于我们的完整画面。,0.0,0.0,0.67,0.39,0.0,0.05
这段时间，我开始思考自我成长的意义。越来越觉得，真正的成长不是外在的变化，而是内心的深刻领悟和转变。每一次的反思，都是一种进步。,0.0,0.0,0.83,0.21,0.0,0.0
曾经试图改变自己以适应这个世界，但现在我明白，只有做最真实的自己，才能真正感受到生命的意义。我们每个人，都是独一无二的存在。,0.0,0.0,0.85,0.09,0.0,0.09
一直觉得，人生没有固定的轨迹。每个人都有自己独特的旅程，带着不同的故事，走向不同的未来。重要的不是目的地，而是一路上的风景。,0.0,0.0,0.61,0.21,0.21,0.08
每一次回首，都觉得自己走得太快，错过了太多美好的瞬间。生活有时候就像是一首歌，值得用心去听，去品味每一个音符。,0.0,0.0,0.8,0.08,0.28,0.0
不知道为什么，今天的心情格外宁静。也许是因为心里那些沉淀已久的烦恼终于得到释放，剩下的只是那份淡淡的安宁。,0.0,0.0,0.73,0.11,0.15,0.0
最近特别喜欢一些安静的地方。那里没有过多的喧嚣和打扰，只有风的声音，和自己的心跳。似乎，这才是最能让我放松的地方。,0.0,0.0,0.92,0.14,0.0,0.0
每一次反思，都会让我更加明白自己。生活的意义，其实并不复杂，它只是由那些平凡的瞬间构成。当我意识到这一点，所有的迷茫都变得渺小。,0.0,0.0,0.51,0.29,0.31,0.0
生活总是充满了变化，而我也在不断适应。每一段旅程，无论是顺境还是逆境，都让我变得更加坚强。无论怎样，都会继续前行。,0.0,0.0,0.99,0.0,0.0,0.0
觉得自己越来越喜欢这种简单的生活。远离浮躁，远离喧嚣，只想在这片宁静的时光里，享受每一刻的平和与自在。,0.0,0.0,0.98,0.08,0.0,0.0
有时候，最深的感悟并不是来自书本，而是生活中的点滴。每一天，我都在尝试着从细小的事物中找到生命的意义和价值。,0.0,0.0,0.8,0.16,0.0,0.0
看过一部电影，虽然故事平凡，但却让我感受到一种深深的力量。生活也许并不完美，但正是这些不完美，让我们更加真实。,0.0,0.0,0.98,0.1,0.0,0.0
最近开始反思自己对生活的态度。曾经觉得必须要有一个明确的目标，而现在，逐渐明白，人生的意义并不完全在于目的地，更多的是在于过程中的体验。,0.0,0.0,0.49,0.38,0.17,0.09
生活总是充满了起伏，今天可能是低谷，明天或许就是高峰。无论如何，我都会继续前行，寻找那些属于我的光。,0.0,0.0,0.89,0.08,0.0,0.0
常常在忙碌和喧嚣中迷失自己，但每次静下心来，我都能重新找回内心的宁静。也许，生活本来就是这样，充满了不确定，却又能找到自己的节奏。,0.0,0.0,0.89,0.0,0.0,0.0
突然觉得，成长并不意味着离开曾经的自己。反而是让自己更清楚地认识到，所有的变化，都是为了成就一个更加完整的自我。,0.0,0.0,0.8,0.09,0.09,0.0
最近喜欢上了安静的下午茶时光。泡一壶茶，翻开一本书，静静地坐着，享受这片刻的宁静与安逸。生活，有时候就是这样简单。,0.0,0.0,0.9,0.16,0.0,0.06
