posts,angry,fear,happy,neutral,sad,surprise
有时我也在想，是不是每个人的灵魂都在某个时刻迷失过？但只要相信自己，走得稳，迷路也是通向自由的一部分。#人生# #自我探索#,0.0,0.08,0.67,0.19,0.14,0.11
有些时候，生活就像不期而至的雨，打湿了衣服，湿透了心情，但当你抬头，发现有彩虹的那一刻，一切都值得了。#情感# #生活感悟#,0.0,0.0,0.82,0.09,0.2,0.06
为什么总是会陷入那些看似无法逃脱的困境？或许是因为我们总在寻找答案，而不懂得享受当下的迷茫。#心情随笔# #迷茫#,0.0,0.13,0.0,0.28,0.7,0.05
觉得自己像是个漫游在星际的旅人，每个选择都是一次新的冒险，每个决定都是一颗新的星星。#宇宙# #个人成长#,0.06,0.0,0.82,0.1,0.05,0.11
如果你总是被过去困住，试着让自己变成未来的人。只有放下旧事，才有可能迎接新的一天。#放下# #前行#,0.0,0.0,0.67,0.23,0.16,0.07
每次面对未知的挑战时，内心总会有些小小的害怕和不安，但这些都是成长的滋味。#勇气# #成长#,0.0,0.21,0.9,0.0,0.0,0.0
从某个角度看，人与人之间的关系就像星座一样复杂而美丽。每一次的碰撞，都是命运的小小安排。#星座# #人际关系#,0.0,0.0,0.42,0.59,0.12,0.09
也许，我们不需要找到所有的答案，只需要找到适合自己的一段路，勇敢地走下去。#人生哲理# #自我发现#,0.0,0.0,0.77,0.33,0.09,0.0
生活总是这么平凡，却又充满了不经意的美好。每一顿饭、每一场雨，都能让你重新审视自己的内心。#生活# #心灵治愈#,0.0,0.0,0.97,0.13,0.06,0.07
喜欢孤独的人，可能并不是逃避世界，而是正在与自己的内心对话，寻找那份久违的宁静。#孤独# #内心世界#,0.06,0.09,0.51,0.31,0.27,0.07
每个人都渴望被理解，但更重要的是，我们要学会自我理解，才能在这条路上走得更加坚定。#自我认知# #情感疗愈#,0.0,0.0,0.69,0.33,0.08,0.0
其实，生活最美的部分，并不是某个目标的达成，而是在追逐的过程中，发现了不期而至的美丽。#生活美学# #人生旅程#,0.0,0.0,0.68,0.31,0.08,0.13
什么时候开始，心中的痛变成了习惯？有时，我觉得自己好像已经学会了与痛苦共存。#心灵# #痛苦#,0.0,0.15,0.0,0.09,0.93,0.07
有些话，不是说出来就能解决的。更多的是需要静静地听，感受对方的情感波动。#情感共鸣# #理解#,0.0,0.0,0.54,0.52,0.12,0.0
人生的意义，或许就藏在那些微小的日常里。阳光洒在窗台上，咖啡香从杯口飘起，这些简单的瞬间才是最真实的幸福。#生活美好# #日常幸福#,0.09,0.0,0.94,0.0,0.0,0.1
看着窗外的云，突然觉得自己也可以像它们一样，漂浮在天空，无拘无束。#梦想# #自由#,0.0,0.0,0.9,0.05,0.0,0.1
觉得有时候，自己就像是一本书，书页翻得很快，偶尔也会停在某一章，读着读着就会泪流满面。#感性# #人生故事#,0.06,0.07,0.31,0.15,0.68,0.0
或许，最强大的力量并不是外界的支持，而是我们自己内心深处，那份从未放弃的坚持。#内心力量# #坚持#,0.0,0.0,0.84,0.18,0.06,0.0
那些微小的失落，其实都是生命中的小小风景，走得再远，也别忘了去欣赏沿途的风景。#生活感悟# #小确幸#,0.0,0.0,0.92,0.08,0.13,0.07
星座并不能完全定义一个人，但它给了我们对自己深层次了解的机会。我常常觉得，自己在星空下更容易明白自己。#星座# #自我探索#,0.0,0.0,0.53,0.45,0.1,0.07
一个人的成熟，不在于他能承受多少痛苦，而在于他能从每次痛苦中汲取多少智慧。#成长# #痛苦#,0.0,0.08,0.53,0.3,0.47,0.0
生命中有太多不确定性，但也正是这些不确定性让我们有了探索的动力，让我们活得更加真实。#生活哲学# #探索#,0.0,0.05,0.72,0.32,0.0,0.0
总是觉得自己像一颗星，孤独地在夜空中闪烁，偶尔被云遮住，偶尔又会一闪而过。#孤独# #星空#,0.0,0.17,0.0,0.21,0.89,0.0
每个人都有属于自己的节奏，尽管有时我们会错过某些时刻，但总有一天，我们会在自己的节奏中找到属于自己的位置。#自我# #成长#,0.0,0.0,0.84,0.15,0.0,0.09
这些年，总是觉得自己越来越孤独，却又无法说清楚，为什么总是有那么多的情感无法表达出来。#情感困惑# #孤独#,0.0,0.11,0.0,0.06,1.0,0.0
我不要求世界对我如何，但我希望自己能不畏未来，坚定地走下去，即使前方没有明确的道路。#人生信念# #未来#,0.0,0.0,0.85,0.11,0.0,0.07
有时，想象自己成为别人眼中的光，是否也能照亮那些迷失的灵魂？#想法# #自我探索#,0.0,0.0,0.52,0.24,0.22,0.13
在那些宁静的夜晚，总会想起过去的自己，那个曾经天真单纯的自己，那个有无限梦想的自己。#回忆# #成长#,0.0,0.06,0.67,0.0,0.31,0.0
今天，一杯热茶，温暖了身体，温暖了心情。简单的幸福，原来就是这么触手可及。#生活感悟# #简单幸福#,0.0,0.0,0.95,0.0,0.0,0.11
是否有人和我一样，总觉得自己的思维总是飘忽不定，难以抓住，却又永远无法停止思考。#思维# #感性#,0.0,0.08,0.21,0.32,0.55,0.09
梦里常常漫游在不同的世界，醒来时，却总是怀念那个完全属于自己的梦境。#梦境# #自我觉察#,0.0,0.09,0.09,0.27,0.66,0.0
生活从来不是线性的，但每次跌倒，我们都能从中找到重新站起来的力量。#生活感悟# #人生挑战#,0.0,0.09,0.79,0.27,0.05,0.0
为什么总觉得自己在世界的某个角落，被人忽视，甚至被忘记。也许，正是这份孤独，才是成长的动力。#孤独# #成长#,0.07,0.1,0.22,0.17,0.67,0.06
时间过去了，但心中的那份纯粹和渴望，依然像一颗星，在黑暗的夜空中闪烁。#星座# #纯粹#,0.0,0.0,0.8,0.19,0.16,0.06
生活就像一首歌，有时节奏快，有时缓慢，关键是要在其中找到属于自己的旋律。#生活# #旋律#,0.0,0.0,0.83,0.3,0.07,0.0
从不懂得放手的人，总是活在过去的回忆里，然而，真正的成长，是学会与过去和解，放手一切。#成长# #放手#,0.0,0.07,0.75,0.16,0.2,0.08
如果所有人都知道自己要做什么，那么每个人就不会迷失在这条漫长的路上了吧。#人生思考# #迷茫#,0.0,0.12,0.24,0.29,0.45,0.07
让自己更加坚定，像一颗星星，即使没有人看到，也依然保持闪烁。#坚定# #星星#,0.0,0.0,1.0,0.07,0.0,0.0
每一段感情都是一场奇妙的冒险，不是所有的故事都能有个圆满的结局，但每一次相遇，都是一份珍贵的礼物。#爱情# #情感#,0.0,0.0,0.87,0.07,0.08,0.11
最痛苦的，并不是你拥有的东西不够，而是你总在追求那个永远得不到的东西。#人生感悟# #内心挣扎#,0.0,0.12,0.12,0.3,0.84,0.0
有时候，人生就像一张白纸，每一个选择都在上面留下痕迹，最终勾画出属于你自己的独特轨迹。#人生轨迹# #选择#,0.0,0.0,0.47,0.44,0.19,0.11
真正的力量，并非来源于别人的肯定，而是来自你自己心底的勇气与坚持。#内心力量# #坚持#,0.0,0.0,0.77,0.34,0.0,0.0
有时候，生活就是要学会放下，不再执念，不再追求完美。只有这样，我们才能看到最真实的自己。#放下# #自我发现#,0.0,0.0,0.81,0.19,0.09,0.06
每个人都在走自己的路，而我希望走一条不受拘束的路，去追寻那些值得追求的梦想。#人生目标# #自由#,0.0,0.0,0.78,0.16,0.0,0.1
有些时候，最不舍的不是某个人，而是那个曾经无忧无虑的自己。#自我怀念# #成长#,0.0,0.07,0.19,0.17,0.78,0.0
生活中，总会有一片宁静的海，那是我们心灵的港湾，不管风浪如何，我们终究会回到那片海中。#心灵港湾# #宁静#,0.0,0.0,0.85,0.2,0.14,0.0
不论多么孤独，总有一天你会遇见那个与自己灵魂相通的人，他会让你明白，孤独也可以美丽。#爱情# #孤独#,0.0,0.09,0.7,0.11,0.22,0.09
每次感受到世界的压迫时，总会想，或许我们每个人都是天上那颗孤独的星，拼尽全力保持闪耀。#星空# #孤独#,0.16,0.15,0.07,0.12,0.74,0.0
渴望走得更远，但有时也需要停下来，听听内心的声音，看看周围的风景。#人生# #成长#,0.0,0.0,0.82,0.11,0.2,0.0
虽然有时会失落，但我始终相信，每一份努力，都会在某个不经意的时刻，开花结果。#人生# #努力#,0.0,0.05,1.0,0.0,0.05,0.0
