posts,angry,fear,happy,neutral,sad,surprise
最近感觉自己有点迷失，不知道未来该往哪里走。每次想清楚一点又会被新的想法打乱，似乎总在不停地探索。#迷茫与探索#,0.0,0.22,0.05,0.21,0.63,0.0
今天看到窗外的阳光照进房间，瞬间觉得自己有些重新充电的感觉。生活好像突然变得简单了许多，温暖的一天。#阳光的力量#,0.0,0.0,1.0,0.0,0.0,0.05
每个人都有自己的不容易，有时候看似平凡的生活背后，藏着别人无声的坚持。我们能做的，就是多一点理解，少一点评价。#共情与理解#,0.0,0.0,0.6,0.33,0.08,0.0
今天放慢脚步去走了一段街，发现许多不曾注意的小细节，才意识到原来这个城市也有着不为人知的温柔。#生活的细节#,0.05,0.0,0.73,0.08,0.1,0.21
喜欢在安静的午后泡一杯茶，慢慢地喝着，想象着自己生活在某个平行宇宙里，或许那里的我更自由。#静谧的午后#,0.06,0.0,0.77,0.17,0.06,0.09
每个人心中都有一片小小的森林，里面住着无数的梦想。有时候迷失在其中，但总会有人带你走出迷雾，找到出路。#梦想与迷茫#,0.0,0.06,0.61,0.26,0.14,0.0
最近喜欢上了老电影。它们好像有一种魔力，能带我回到过去，感受那些久违的情感和纯粹的时光。#电影与回忆#,0.0,0.0,0.79,0.17,0.11,0.05
今天读到一句话：“生活就是一次次的相遇，不管是人还是事。”感叹生命中遇到的每个人，每段经历，都不简单。#人生的意义#,0.0,0.0,0.81,0.07,0.09,0.11
写了些文字，却总觉得自己没能表达出内心的真实想法。或许，文字永远只能是心情的影像，而非完全的写照。#文字与心情#,0.0,0.0,0.0,0.4,0.67,0.05
每次觉得自己不够好时，就会想起那些陪伴我走过难关的人。他们的鼓励就像一道光，指引着我走向更好的自己。#感恩与成长#,0.0,0.0,1.0,0.0,0.0,0.0
每当遇到不顺心的事，我总是喜欢用画画来发泄情绪。也许，艺术就是这样，不用言语，直接触碰心灵。#艺术与疗愈#,0.06,0.0,0.68,0.34,0.1,0.07
走过一段长路，才明白什么才是最珍贵的东西。不是眼前的物质，而是那些看似微不足道，却一直陪伴着我们的感情。#感情与生活#,0.0,0.0,0.75,0.15,0.15,0.1
最近总是很容易被一些小事感动，或许这是成长的印记吧。岁月的沉淀让我们更懂得珍惜生活中的点滴。#成长的意义#,0.0,0.0,0.91,0.0,0.07,0.0
想起小时候，面对生活中的困惑和迷茫时，总喜欢找一个安静的角落，一个人待着。也许，我依然是那个需要安静的孩子。#回忆与成长#,0.0,0.05,0.76,0.07,0.2,0.0
有时候，总觉得自己像个迷失在大海中的小船，不知道什么时候才能找到岸边。但或许，海中的波涛也是成长的一部分。#迷茫与成长#,0.0,0.09,0.24,0.28,0.6,0.0
看着窗外的雨滴慢慢滑落，突然明白了“雨后彩虹”的意义。有些事，不必急于求成，慢慢等待，总会有转机。#生活的哲理#,0.0,0.0,0.79,0.21,0.11,0.0
对未来总是充满期待，但也有些惧怕。因为我知道，未来的每一步都意味着选择，而选择背后又隐藏着不确定的风险。#未来与不确定性#,0.0,0.34,0.27,0.3,0.14,0.1
每个人心里都有一段难以忘记的往事，它们或许让我们痛苦，但也正是这些往事，让我们变得更加坚强。#往事与坚强#,0.0,0.06,0.76,0.12,0.19,0.0
今天和朋友聊了很多，才发现每个人都有自己的故事。那些看似平凡的生活背后，藏着不为人知的辛酸与努力。#人生的故事#,0.0,0.0,0.69,0.19,0.15,0.12
最近总是想起那些曾经放不下的人。虽然我们都已经走向不同的生活轨迹，但曾经的记忆，依然温暖如初。#过去与记忆#,0.08,0.05,0.42,0.1,0.54,0.0
每天都在努力前行，虽然偶尔会觉得疲惫，但一想到自己坚持下来的意义，就会变得坚定。#坚持与努力#,0.0,0.07,0.94,0.0,0.0,0.0
喜欢走在安静的小路上，听着风吹过树叶的声音。每一刻都觉得心灵得到了洗涤，生活变得轻松愉快。#宁静的时光#,0.0,0.0,0.95,0.11,0.0,0.0
昨天和朋友一起去看了展览，感叹艺术真的有种奇妙的力量。它能够触动人心，带你去到另一个世界。#艺术的力量#,0.0,0.0,0.81,0.19,0.0,0.14
最近总是想读书，却总是没能静下心来。也许，人生的忙碌就是这样，总是在不断地追逐，找不到停下来的理由。#书与生活#,0.06,0.0,0.09,0.16,0.77,0.0
看见一对老夫妻，手牵着手走在街头，心里感到一种温暖。也许，生活的真正意义，不就是陪伴和理解吗？#爱情与陪伴#,0.0,0.0,0.87,0.1,0.11,0.08
每当遇到不懂的事，就会去问身边的人。虽然答案并不总是完美，但那份真诚的关心却是最温暖的存在。#人与人之间#,0.0,0.0,0.9,0.1,0.0,0.0
昨晚做了一个梦，梦见自己变得非常勇敢，面对一切困难都毫不畏惧。醒来后，我也希望自己能变得如此坚定。#梦想与勇气#,0.0,0.09,0.95,0.0,0.0,0.0
不知道为什么，最近总是有种无名的焦虑。或许，人生中的不安和迷茫，总是来得悄无声息。#焦虑与迷茫#,0.0,0.2,0.0,0.17,0.7,0.09
走进咖啡馆，空气里弥漫着浓郁的咖啡香。我喜欢这种宁静的氛围，它让我暂时忘记外界的喧嚣，感受到内心的平静。#咖啡与宁静#,0.0,0.0,0.77,0.31,0.0,0.06
今天和朋友聊天，说起了各自的未来。每个人都有自己的梦想，虽然道路不同，但都是为了追寻心中的那个光明的未来。#未来与梦想#,0.0,0.0,0.68,0.25,0.0,0.08
最近沉迷于画画，每当拿起画笔，仿佛能进入另一个世界。也许，艺术就是这样，它能让我们暂时忘记现实，找回自我。#艺术与自我#,0.0,0.0,0.75,0.28,0.06,0.09
生活中总是充满了不确定，但我学会了接受这些不完美。因为，正是这些不完美，让生活变得更加真实。#生活的真谛#,0.0,0.0,0.9,0.08,0.0,0.09
记得小时候，总觉得世界很大，自己很渺小。现在慢慢长大，才明白，真正的勇敢是敢于面对自己，面对生活。#成长与勇气#,0.0,0.06,0.78,0.12,0.12,0.07
最近总是喜欢和朋友一起去散步。走在路上，和他们谈论生活中的点滴，感受到那份真实的陪伴。#友情与陪伴#,0.0,0.0,0.92,0.11,0.0,0.0
我喜欢夜晚的寂静，喜欢一个人走在街头，享受着宁静的时光。或许，这就是我最需要的放松方式吧。#夜晚的宁静#,0.0,0.0,0.8,0.2,0.0,0.07
每次觉得疲惫时，就会想起小时候那段无忧无虑的时光。也许，生活的真谛就在于，找到自己的节奏，享受每一刻。#怀旧与安慰#,0.0,0.0,0.84,0.07,0.14,0.0
最近喜欢上了手账，每天都会记录下自己的心情和想法。这样一来，生活的点滴都能被记录下来，成为美好的回忆。#手账与生活#,0.0,0.0,0.81,0.19,0.08,0.0
每天都在努力前行，虽然有时觉得自己很渺小，但我相信，只有坚持下去，才能看到自己的改变。#坚持与成长#,0.0,0.06,0.93,0.0,0.0,0.06
生活中的小确幸就是这样，不需要大起大落，只要每天有一点点的快乐，就足够温暖。#生活的小确幸#,0.0,0.0,1.0,0.0,0.0,0.0
最近做了一些自我反思，意识到有时候自己的心态不够积极。希望自己能更勇敢地面对未来，不再被过去的阴影束缚。#自我成长#,0.0,0.06,0.66,0.21,0.12,0.0
看了一场电影，感受到了很多关于人生和爱的思考。或许，生活就像一场电影，我们是自己故事的导演。#电影与生活#,0.0,0.0,0.67,0.34,0.09,0.12
早晨醒来，看到窗外的阳光，心情瞬间明亮了起来。生活中有太多小确幸，我们总是容易忽略它们。#生活的温暖#,0.0,0.0,0.92,0.0,0.05,0.06
最近总是迷茫，不知道未来要走什么路。但我知道，只有坚持自己的信念，才会找到真正属于自己的方向。#迷茫与坚持#,0.0,0.08,0.57,0.14,0.28,0.08
看着朋友们一一步入婚姻的殿堂，心里不禁生出一些感慨。也许，人生最美好的事就是找到那个和自己共度一生的人。#爱情与婚姻#,0.0,0.0,0.76,0.13,0.12,0.06
生活的每一天都充满未知，但也正是这些未知让我们充满了期待。每一步走过去，都成了美好的回忆。#生活的期待#,0.0,0.0,0.96,0.0,0.0,0.0
看到朋友圈里有人发了旅行的照片，心里也很想去旅行。或许，生活就是一场不断追寻梦想的旅程吧。#旅行与梦想#,0.0,0.0,0.79,0.1,0.0,0.12
最近总是觉得生活好像变得有些沉闷，似乎缺少了些什么。也许，偶尔换个角度看世界，或许一切都会不一样。#生活的反思#,0.08,0.07,0.22,0.25,0.52,0.0
每次遇到挫折，都会觉得自己很无力。但回过头来一想，其实每一次的挫折，都是成长的机会。#挫折与成长#,0.0,0.07,0.49,0.22,0.35,0.0
想起小时候，每天都很期待过节，因为节日里总能收到糖果和礼物。现在长大了，虽然没有糖果，但有了更多的责任和选择。#成长与变化#,0.0,0.0,0.97,0.0,0.06,0.0
生活中最难得的就是找到自己真正喜欢的事，并为之努力。虽然路很长，但每一步走下去，都是一种幸福。#生活与追求#,0.0,0.0,1.0,0.0,0.0,0.0
