posts,angry,fear,happy,neutral,sad,surprise
今天在路上看到一对老人牵着手走，瞬间感动得想哭。也许生活的美好，正是在这份平凡与温暖里。#生活中的温暖#,0.0,0.0,0.9,0.0,0.07,0.07
看完这部电影后，不知道为什么，心里充满了失落。也许某些故事，只有在你亲身经历时才会懂。#电影与感情#,0.0,0.07,0.06,0.25,0.73,0.0
今年的夏天有些特别，开始喜欢上独自去公园走走，偶尔坐下来，听听风吹过树叶的声音。#独处的时光#,0.0,0.0,0.7,0.19,0.17,0.0
今天终于做了自己想做的事——画了一幅画。虽然不完美，但至少是我自己的世界，充满了个人的情感。#创作与情感#,0.0,0.0,0.92,0.0,0.0,0.0
一直觉得自己做不到的事，突然有一天竟然做到了。每一次的小进步，都是对自己最大的奖励。#成长与自信#,0.0,0.0,0.92,0.0,0.0,0.17
每次经历一些挫折，我就会想起那些曾经的努力，虽然不一定能立刻看到回报，但至少我一直在努力。#坚持与努力#,0.0,0.1,0.93,0.0,0.0,0.0
看着窗外的雨滴落下，心里却觉得特别宁静。或许，生活中的烦恼也需要一些时间去沉淀，才能发现新的方向。#雨天的思考#,0.08,0.0,0.56,0.22,0.2,0.0
不知道为什么，总是喜欢看那些悲伤的故事，仿佛通过别人的痛苦，能更好地理解自己的情感。#悲伤与共鸣#,0.15,0.0,0.35,0.11,0.56,0.0
今天去图书馆读书，突然想到过去的自己也曾在这里奋斗过。或许这就是时间带来的力量，回首时，我们都会变得更好。#回忆与成长#,0.0,0.0,0.91,0.0,0.08,0.07
早上起床看到阳光透过窗户洒在床上，感觉一天的开始就是这么美好。希望今天能保持这样的好心情。#阳光与心情#,0.0,0.0,1.0,0.0,0.0,0.0
生活中，有些事虽然无法改变，但我们可以选择用不同的心态去面对。接受自己，接受不完美的世界。#心态与成长#,0.0,0.0,0.75,0.27,0.07,0.06
最近总是沉迷于一些老电影，它们有一种特别的魅力，能让我回忆起那些纯粹的时光。#电影与回忆#,0.0,0.0,0.76,0.21,0.12,0.0
今天做了一个决定，放下过去的一些执念。可能真的，时间会让你明白：有些东西，早就不再属于你。#放下与成长#,0.0,0.0,0.42,0.3,0.4,0.07
最近喜欢一个人走在街上，听着自己喜欢的歌，慢慢地走，仿佛时间都变得慢了下来。#孤独与宁静#,0.0,0.0,0.69,0.15,0.2,0.0
听完这首歌，心里忽然充满了勇气。也许，生活就是这样，在一些意外的瞬间，给你力量去面对明天。#音乐与力量#,0.0,0.0,0.88,0.1,0.0,0.0
有时候，我会问自己，为什么会有那么多不顺心的事。可能答案就是，生活就是由这些不完美组成的，我们才能成长。#生活与成长#,0.0,0.0,0.48,0.26,0.27,0.1
今天试着去理解别人，从另一个角度看问题。或许，我们总是固执于自己的想法，忘了去感受他人的立场。#理解与共情#,0.0,0.0,0.48,0.46,0.21,0.0
今天晚上，静静地坐在窗前，看着城市的灯光，突然觉得生活很美好。没有华丽的言辞，只有一份宁静的满足。#城市与宁静#,0.0,0.0,0.86,0.11,0.0,0.09
每个人心里都有一片小小的世界，有时候很难把它向别人展示。即使如此，我依然选择保持真实的自己。#真实与自我#,0.0,0.0,0.63,0.24,0.15,0.07
最近在思考，生活中到底什么最重要。也许，最重要的就是那份能够带给你温暖的陪伴和对生活的热爱。#思考与温暖#,0.0,0.0,0.76,0.13,0.06,0.06
总觉得自己有些迷失，走在路上不知道自己要什么。但不管如何，我知道，只要不放弃，总会找到属于自己的方向。#迷茫与希望#,0.0,0.09,0.56,0.07,0.32,0.05
今天遇到了一些不愉快的事，但回想起来，也许它们是让我更坚强的力量。生活总是充满了挑战，我们要学会面对。#挑战与成长#,0.0,0.08,0.91,0.0,0.0,0.0
看着窗外的蓝天白云，心情突然好起来。大自然的美总是那么治愈，让人不自觉地放下烦恼。#自然与心灵#,0.0,0.0,0.94,0.07,0.07,0.0
最近喜欢一个人安静地待着，喝一杯茶，翻翻书，享受片刻的宁静。生活中的忙碌让我更需要这样的小小安慰。#独处与宁静#,0.0,0.0,0.83,0.13,0.1,0.0
今天去散步，看到了一只小猫懒懒地躺在阳光下，突然觉得，生活其实很简单，偶尔停下来，享受这一刻就够了。#简单与幸福#,0.0,0.0,0.93,0.0,0.0,0.12
最近总是会想起一些人，一些事。虽然他们已经离开了我的生活，但那些记忆仍然会时不时浮现，带着一丝温暖。#回忆与温暖#,0.0,0.07,0.78,0.0,0.2,0.05
今天听到一句话：“不管前方有多么艰难，都不要轻易放弃。”也许这就是生活的意义，不断前行，才能看到希望。#坚持与希望#,0.0,0.0,0.86,0.09,0.0,0.0
每当我觉得自己不够好时，我就会想起那些曾经鼓励我的人。他们的支持让我更加坚定，走下去的勇气就在心里。#鼓励与成长#,0.0,0.08,0.98,0.0,0.0,0.0
今天做了一些小改变，整理了自己的空间，做了自己喜欢的事。虽然是小小的调整，但心情却变得明亮了许多。#改变与心情#,0.0,0.0,0.84,0.11,0.08,0.0
总是会有一些不期而遇的温暖，像是偶然收到的一个小礼物，或是某个不经意的微笑，能让你的一天变得特别。#温暖与意外#,0.11,0.0,0.94,0.0,0.0,0.09
最近特别喜欢在安静的下午，坐下来喝一杯热茶，看一会儿书。生活中的这些小确幸，让我感到无比的满足。#安静与满足#,0.0,0.0,0.94,0.07,0.0,0.0
今天终于有时间静下心来，看看书，听听音乐。这样的时光总是那么治愈，让人觉得生活充满了可能。#静谧与治愈#,0.0,0.0,0.99,0.06,0.0,0.07
每次遇到困难时，我就会告诉自己：“这一切都会过去的。”无论多么艰难，生活还是会继续，我们也会变得更强。#困难与坚持#,0.0,0.08,0.87,0.09,0.0,0.0
看着镜中的自己，忽然觉得，时间过得真快。每个人都会在岁月中改变，但最重要的是，始终保持真我。#时间与自我#,0.0,0.0,0.85,0.08,0.07,0.07
今天和朋友聊了很多，才发现大家都在为不同的事情努力着。虽然我们走的路不一样，但我们都有一个共同的目标：幸福。#友谊与目标#,0.0,0.0,0.89,0.0,0.0,0.08
每当夜深人静，回想起这一天，我会不自觉地微笑。即使有些小小的不顺，但依然有那么多美好的瞬间值得记住。#夜晚与反思#,0.06,0.0,0.91,0.0,0.09,0.0
总是期待着明天，期待着未来的每一个新开始。无论怎样，生活总是充满了希望，我相信明天会更好。#期待与希望#,0.0,0.0,1.0,0.0,0.0,0.0
有时候觉得自己特别孤独，但又想，或许孤独是我与自己对话的方式。只有在孤独中，我才能找到真实的自我。#孤独与自我#,0.06,0.13,0.19,0.31,0.5,0.1
每天都在为了明天努力，却忽略了今天的美好。希望我能学会更加珍惜眼前的一切，享受每一个当下。#珍惜与感恩#,0.0,0.0,0.86,0.0,0.12,0.07
今天听到一句话：“不管多忙，都要给自己留一点时间。”突然觉得，这就是生活中最重要的一点：对自己好一点。#自我关爱#,0.0,0.0,0.84,0.11,0.0,0.0
最近总是感到有些焦虑，不知道自己到底想要什么。也许，人生本就没有明确的答案，重要的是走下去。#焦虑与成长#,0.0,0.2,0.0,0.21,0.75,0.05
每次走在街上，看着身边匆匆忙忙的人们，我都会想，他们每个人背后都有自己的故事。而我，也不过是其中一部分。#人生与故事#,0.0,0.0,0.24,0.34,0.39,0.17
生活总是充满了不确定，但我知道，只有自己才能给自己答案。希望每天都能更加勇敢，去追求自己的梦想。#勇气与梦想#,0.0,0.05,0.88,0.07,0.0,0.0
看着窗外的天空，突然觉得，生活并不需要太多复杂的东西。有时，只需要一片蓝天，一阵清风，心情就会变好。#简约与心情#,0.0,0.0,0.83,0.16,0.0,0.12
今天突然觉得，自己很幸运。尽管生活中有很多不顺，但依然有很多人愿意陪伴我，给我温暖。#感恩与陪伴#,0.0,0.0,0.98,0.0,0.0,0.0
不知道从什么时候开始，我变得不那么急于去追求目标，而是更注重每一刻的感受。也许，这就是生活的真正意义。#生活与感受#,0.0,0.0,0.72,0.15,0.08,0.16
看着周围的人，每个人都有自己独特的光芒。虽然我们不一定能走到一起，但每个人的存在都是一份珍贵的礼物。#人生与存在#,0.0,0.0,0.95,0.05,0.0,0.07
生活有时像是一场戏，演员各自扮演着不同的角色。而最重要的是，我们能从每一场戏中学到些什么。#人生与角色#,0.0,0.0,0.53,0.52,0.07,0.07
最近总是对生活产生疑问，为什么我们总是追求着什么，却忘了停下来看一看。这些忙碌中的小细节，才是生活的真谛。#生活与反思#,0.0,0.0,0.39,0.27,0.3,0.14
今天和朋友聊天时，我们谈到了未来。虽然每个人的路不同，但我们都相信，只要心中有光，未来一定会更好。#未来与希望#,0.0,0.0,0.75,0.24,0.0,0.0
