posts,angry,fear,happy,neutral,sad,surprise
人生就像一本未完的书，章节很多，细节却总是模糊不清。我不急，慢慢翻，慢慢理解。#人生的意义#,0.0,0.0,0.68,0.22,0.16,0.0
在这喧嚣的世界中，找到一处宁静的角落，才发现自己是如此需要平静。偶尔停下来，才会明白自己走的路对不对。#安静的时光#,0.0,0.0,0.63,0.22,0.24,0.08
昨晚一直失眠，天亮时我决定起来，洗个澡，做点自己喜欢的小事，偶尔给自己一点微小的安慰。#平凡的安慰#,0.0,0.09,0.87,0.06,0.09,0.0
总是过于在意别人眼中的我，渐渐丢失了最真实的自己。或许，真正的自由，是不再依赖外界的评价。#自我觉醒#,0.0,0.05,0.51,0.32,0.36,0.0
“不是所有的迷失都是无路可走，也许只是暂时看不见前方。”希望自己能在迷茫中找到方向。#迷茫与希望#,0.0,0.09,0.63,0.12,0.18,0.0
今天看到一个小故事：“人不会因为你消失而忘记你，但你会因为不断消失而忘记自己。”让我深思。#自我与他人#,0.0,0.0,0.45,0.36,0.25,0.0
时间总是无情地提醒你，过去的永远无法回去。好在，我们可以从中汲取力量，继续向前。#时间与成长#,0.0,0.0,0.78,0.1,0.17,0.0
生活中总有不期而遇的美好，那些小小的瞬间，让人心安。就像今天路边的一朵花，轻轻摇曳。#生活中的美好#,0.08,0.0,0.95,0.0,0.0,0.0
现在回想起那些年少时的梦想，它们或许已经改变，但那份追求的心依旧没有变。#梦想与现实#,0.0,0.0,0.66,0.13,0.25,0.1
有时候，宁静的夜晚比任何语言都来得深刻。没有人打扰，只有自己与思想相对。#夜晚的静谧#,0.0,0.0,0.63,0.29,0.08,0.0
不知道什么时候开始，我学会了享受孤独。并不是害怕与人交往，只是喜欢独自思考的时光。#孤独与思考#,0.0,0.13,0.62,0.11,0.27,0.06
早晨的阳光透过窗帘洒进房间，温暖的感觉让我想停下脚步，享受这一刻。#简单的幸福#,0.0,0.0,0.98,0.0,0.0,0.06
人总是容易忽略眼前的幸福，直到失去才懂得珍惜。今天，我决定要更好地珍惜眼前的一切。#珍惜眼前#,0.0,0.0,0.76,0.0,0.27,0.0
有些人走过，心里留下的痕迹永远抹不掉。即便时光流逝，那些记忆依旧温暖。#记忆与感情#,0.0,0.05,0.52,0.2,0.44,0.0
每次看完一本书，我总是有点失落。似乎书中的世界，才是我更向往的地方。#书中的世界#,0.0,0.09,0.18,0.2,0.55,0.0
看着窗外的雨，心里有种莫名的宁静。大雨总能洗净心头的杂念，让一切变得清晰。#雨与思绪#,0.07,0.07,0.65,0.17,0.18,0.0
有时候，想要找一个人分享，却又发现自己有太多无法言说的情感。#情感的深处#,0.0,0.0,0.0,0.12,0.92,0.0
生活中有很多复杂的事情，但我始终相信，简单的幸福才是最值得追求的。#简单的幸福#,0.0,0.0,0.87,0.13,0.0,0.0
今天决定去散步，感受大自然的声音。走着走着，突然就找到了那份久违的安宁。#散步与安宁#,0.0,0.0,0.75,0.14,0.14,0.06
每当我感到迷茫时，我会去翻看那些旧照片，找回曾经的自信和勇气。#照片与回忆#,0.0,0.07,0.64,0.26,0.22,0.0
有时候，我觉得自己像一颗漂浮在海上的孤独星星。没人理解，但依然发光。#孤独与闪光#,0.09,0.1,0.14,0.26,0.62,0.0
最近总是心绪不宁，但我知道，静下来，给自己一点时间，心情总会好转。#心情与静谧#,0.0,0.0,0.67,0.25,0.13,0.0
每个夜晚，我都会在梦里与过去的自己对话，悄悄问自己，走得对吗？#梦与反思#,0.0,0.06,0.49,0.2,0.33,0.0
我不是一个特别善于表达的人，但总是通过行动去传递关心。有时候，沉默也是一种关怀。#沉默与关怀#,0.0,0.0,0.67,0.3,0.1,0.0
这些天的忙碌让我有些疲惫，想到要好好休息，放慢脚步，才不会迷失方向。#休息与放慢#,0.0,0.07,0.37,0.33,0.4,0.0
今天走进了一家书店，看到满墙的书，仿佛所有的知识都在等待我去领悟。#书店与知识#,0.06,0.0,0.58,0.31,0.09,0.11
看着别人分享的生活，我才意识到，自己太久没有认真去记录了。生活的每一刻都值得珍惜。#记录生活#,0.0,0.0,0.8,0.0,0.2,0.07
今天又想到了小时候的梦想，虽然现在的自己早已不再追逐那些曾经的东西，但心里的那份纯真依旧存在。#童年的梦想#,0.0,0.0,0.86,0.0,0.14,0.08
每次看着手中的咖啡，都会想起那些细腻的小事。咖啡的温度刚刚好，恰似我的心情。#咖啡与生活#,0.0,0.0,0.79,0.19,0.09,0.0
每个人都有自己的挣扎，而我们能做的，就是在这些挣扎中，找到平衡。#挣扎与平衡#,0.0,0.0,0.44,0.54,0.05,0.0
今天的阳光格外明媚，我想，把这份阳光收在心里，带着它去面对今天的挑战。#阳光与挑战#,0.0,0.0,0.85,0.14,0.0,0.0
不知道从什么时候开始，我学会了用一种更加温柔的眼光看待这个世界，哪怕它有时很残酷。#温柔的眼光#,0.0,0.08,0.79,0.06,0.19,0.0
我喜欢在寂静的夜晚，静静地思考，不急不躁，给自己的内心一些时间去安定。#夜晚与思考#,0.0,0.0,0.68,0.3,0.0,0.0
最近学会了不再强迫自己去迎合别人，做自己才是最重要的。#做自己#,0.0,0.0,0.83,0.11,0.05,0.0
想到过去的自己，曾经为了一些小事焦虑过，才明白，很多事情真的不值得大惊小怪。#过去与成长#,0.0,0.1,0.28,0.17,0.45,0.14
每当我觉得生活很忙碌时，我会给自己找一些简单的乐趣，像是读书、散步、做饭。#简单的乐趣#,0.0,0.0,0.69,0.32,0.06,0.07
每一次的失败，都让我更加坚强。我知道，人生就是一个不断试错的过程。#失败与成长#,0.0,0.06,0.8,0.12,0.16,0.0
看到别人快节奏的生活，我忽然觉得，自己喜欢慢慢走，享受每一步的风景。#慢生活#,0.0,0.0,0.9,0.14,0.0,0.1
生活中的很多事情，都没有完美的答案。与其焦虑，不如静下来，顺其自然。#焦虑与自然#,0.0,0.07,0.19,0.44,0.43,0.06
有时候，最幸福的时光，就是与自己相处，安静地做着自己喜欢的事。#与自己相处#,0.0,0.0,0.83,0.13,0.0,0.0
今天再度想起那个朋友，虽然我们已经很久没有联系，但那段友谊依然温暖如初。#友谊与时间#,0.0,0.0,0.92,0.0,0.11,0.0
如果说生活是一场电影，那么每一秒都值得去品味。#生活如电影#,0.0,0.0,0.73,0.36,0.0,0.0
看到一条消息：“生活很简单，只是我们自己把它复杂化了。”突然觉得很有道理。#生活的简单与复杂#,0.08,0.0,0.42,0.35,0.17,0.19
不知道为什么，最近总是喜欢看那些温暖的小故事。它们总能让我在繁忙的生活中找到一丝慰藉。#小故事与温暖#,0.0,0.0,0.86,0.0,0.09,0.0
每一次的旅行，都是一次心灵的洗礼。每一处风景，都能带给我不同的感悟。#旅行与心灵#,0.0,0.0,0.81,0.22,0.08,0.0
时间过得飞快，过去的种种已成回忆，唯一能做的就是继续向前走。#时间与回忆#,0.0,0.06,0.38,0.23,0.47,0.0
一个人时，我喜欢静静地看书，思考，反省。那些时光，带给我的是成长与觉悟。#独处与思考#,0.0,0.0,0.71,0.27,0.14,0.05
每次看到别人的成功，我就会反思自己的努力。我知道，成功不是偶然，而是不断付出的结果。#努力与成功#,0.0,0.0,0.82,0.18,0.05,0.0
生活中有太多不如意，但也正是这些不如意，塑造了今天的自己。#不如意与成长#,0.0,0.07,0.26,0.24,0.56,0.0
不喜欢过于复杂的生活，我更愿意追求简单的快乐，静静享受每一个平凡的瞬间。#简单与快乐#,0.0,0.0,0.92,0.12,0.0,0.07
