posts,angry,fear,happy,neutral,sad,surprise
人生的每个瞬间，都像是一幅未完成的画。我们不急，慢慢填充那些色彩，直到它变得完整。#慢慢走#,0.0,0.07,0.69,0.31,0.12,0.0
昨晚和自己对话，才发现原来自己一直在逃避的，是对未来的恐惧。今天，决定勇敢面对一切。#自我对话#,0.0,0.18,0.58,0.13,0.21,0.1
我最喜欢的时光，是黄昏时分，阳光透过树叶，洒下斑驳的光影。我静静地站在这里，听着内心的声音。#黄昏的思绪#,0.1,0.0,0.75,0.16,0.11,0.0
看到那张熟悉的照片，突然有些想念那个笑容灿烂的人。时光飞逝，但那份温暖，始终未曾离开。#旧时光#,0.06,0.06,0.15,0.06,0.88,0.0
每次听到那首歌，我都会回想起那些年少的时光。那些看似微不足道的瞬间，却是我最珍贵的回忆。#怀旧#,0.0,0.06,0.69,0.06,0.31,0.08
生活是一场不停的追逐，偶尔停下，才发现原来自己想要的不是速度，而是沿途的风景。#停下来看看#,0.0,0.0,0.68,0.19,0.19,0.0
当你累了，放下所有的负担，去找个角落静静地待会儿。你会发现，世界变得不再那么沉重。#自我关怀#,0.0,0.0,0.69,0.23,0.25,0.0
看到一则故事，讲的是那个坚强的女孩如何克服重重困难。突然意识到，或许我也能做到。#坚强的自己#,0.0,0.07,0.82,0.0,0.08,0.07
“不为明天担忧，只为今天活得更好。”有时候，放下过去，才能让自己在当下更加自由。#活在当下#,0.0,0.0,0.8,0.17,0.0,0.05
如果说人生是一场旅行，那么我希望自己能走得慢一点，感受沿途的每一朵花、每一阵风。#慢慢走，细细品#,0.0,0.0,0.81,0.25,0.0,0.0
看着窗外的雨，心里突然有种平静的感觉。雨声和着风声，仿佛是大自然在唱歌，安慰我疲惫的心。#雨中的宁静#,0.0,0.07,0.7,0.17,0.13,0.0
我一直相信，最好的时光往往是最平凡的时光。就像今天，午后的阳光洒在书本上，恰到好处。#简单的幸福#,0.0,0.0,0.97,0.0,0.0,0.08
有时候，最好的选择是放慢脚步，倾听自己内心的声音。这样，我们才能找到属于自己的路。#内心的声音#,0.0,0.0,0.64,0.33,0.12,0.0
生活中总是有那么多不如意，但当我学会了放手，反而发现自己能过得更轻松。#放手与释放#,0.0,0.0,0.82,0.13,0.08,0.11
最近沉迷于一些老歌，每一首歌都像是一段回忆，带我回到那个曾经的自己。#音乐与回忆#,0.0,0.0,0.65,0.26,0.18,0.0
总觉得人生中的某些人是注定要遇见的，即使他们在某个时刻离开，也总会留下一些美好的东西。#注定的相遇#,0.0,0.0,0.55,0.07,0.35,0.09
每次听到“过去的事就让它过去吧”，都会觉得很有道理。放下，才能继续走向未来。#放下与前行#,0.0,0.0,0.71,0.24,0.12,0.0
偶尔，一杯咖啡，一本书，和一个安静的下午，就是我最渴望的生活状态。#简单生活#,0.0,0.0,0.8,0.2,0.0,0.06
最近的自己有点迷失，但我知道，迷失只是暂时的。终有一天，我会找到属于自己的光。#迷失与光明#,0.0,0.08,0.71,0.16,0.16,0.07
对于我来说，最好的旅行是去一个陌生的地方，不带任何目的，只是走走停停，去感受。#无目的旅行#,0.0,0.0,0.59,0.35,0.06,0.06
我一直相信，孤独并不是坏事。它给了我时间去了解自己，去思考生活的意义。#孤独与成长#,0.0,0.1,0.62,0.25,0.21,0.0
看到一些朋友走得很快，突然有些焦虑。但我知道，我不需要和别人比，我的节奏才是最重要的。#自己的节奏#,0.0,0.07,0.56,0.18,0.2,0.0
总是把自己放得太低，总是觉得自己不够好。突然意识到，或许我应该给自己更多的信任和空间。#自我信任#,0.05,0.0,0.54,0.16,0.32,0.0
生活里那些小小的细节，总能带给我无尽的感动。就像今天，看到一只小鸟飞过，心情顿时明朗。#生活的细节#,0.0,0.0,0.95,0.0,0.0,0.06
生活太快了，我决定学着慢下来。每一个瞬间都值得我们用心去感受，不管是阳光，还是雨滴。#慢下来#,0.0,0.0,0.89,0.1,0.0,0.0
每当我感到迷茫时，我总是去寻找那片属于自己的天空。那里没有束缚，只有自由和梦想。#迷茫与梦想#,0.0,0.0,0.54,0.23,0.21,0.0
人生中的每一次选择，都是一次新的冒险。我想走自己的路，尽管它充满不确定，但我不怕。#冒险与选择#,0.0,0.22,0.77,0.17,0.0,0.0
有时候，心情不好，就去走一走，看看外面的世界。你会发现，世界比你想象的要宽广得多。#心情与旅行#,0.0,0.0,0.64,0.27,0.17,0.0
今天早上，我决定做一些自己喜欢的事，哪怕只是安静地喝杯茶。这样的小确幸，才是生活的真谛。#小确幸#,0.0,0.0,0.92,0.07,0.0,0.06
每当我迷失在喧嚣中，我会静下来，听听自己的心声，找到属于我的那份宁静。#静下心来#,0.0,0.0,0.79,0.29,0.07,0.0
曾经我也以为，幸福是遥不可及的。但现在我明白，幸福其实就在身边，只需要我们去发现。#发现幸福#,0.0,0.0,0.81,0.08,0.11,0.13
如果可以，我愿意和喜欢的人一起去旅行，去那些没有喧嚣的地方，享受彼此的陪伴。#旅行与陪伴#,0.0,0.0,0.86,0.14,0.0,0.0
喜欢清晨的阳光，温暖而柔和。它不急不躁，像是给了我们一个新的开始，去追求今天的梦想。#清晨阳光#,0.0,0.0,1.0,0.0,0.0,0.0
最近一直在想，人生到底是什么。或许它就是一连串的选择，一次又一次的错过与相遇。#人生的意义#,0.0,0.0,0.25,0.24,0.54,0.14
最近感到很累，但我知道，只有休息够了，才能重新站起来，迎接新的挑战。#疲惫与恢复#,0.0,0.09,0.56,0.13,0.4,0.0
今天和朋友聊了一会儿，突然觉得自己不再那么孤单。原来，分享心情也是一种解脱。#分享与解脱#,0.0,0.0,0.71,0.21,0.15,0.17
在生活的繁忙中，我时常忘记自己要的是什么。偶尔静下来，才发现，最重要的不过是内心的平静。#平静与反思#,0.0,0.0,0.44,0.33,0.3,0.0
每天都有无数的事情要做，但我依然喜欢在空闲的时候，静静地看书、听音乐，享受片刻的安宁。#安宁时光#,0.0,0.0,0.88,0.11,0.0,0.05
看到一段话：“生活不就是一场等待吗？等待心灵的成长，等待人与人之间的理解。”让我有些触动。#生活的思考#,0.0,0.07,0.62,0.15,0.08,0.14
总是把自己推到极限，忘记了自己的感受。或许，是时候给自己一些温柔了。#自我关爱#,0.0,0.06,0.44,0.21,0.4,0.0
有时候，我觉得生活像是一条河流，时而平静，时而激荡。但无论怎样，它都在不断流淌。#生活的河流#,0.0,0.0,0.66,0.26,0.19,0.0
看到别人过得很忙碌，我突然有点羡慕。其实我也可以拥有忙碌，但我更喜欢拥有属于自己的安静时光。#安静与忙碌#,0.0,0.0,0.84,0.11,0.07,0.1
人生中的每一段旅程，都会留下痕迹。虽然有些是痛苦的，但它们让我更懂得珍惜现在的幸福。#人生的痕迹#,0.0,0.0,0.82,0.08,0.23,0.0
无论走到哪里，总会遇到一些困扰。学会放下，学会接受，才是成长的真正意义。#放下与成长#,0.0,0.0,0.64,0.3,0.12,0.0
今天决定给自己放个假，不去想任何烦恼。就这样静静地坐在这里，看看窗外的风景。#放松时光#,0.0,0.0,0.86,0.18,0.0,0.05
看着身边的人走得那么快，我突然觉得，自己好像慢了一些。但我知道，慢点也没有关系。#慢下来#,0.0,0.09,0.36,0.25,0.47,0.0
喜欢在夜晚安静地思考，回顾一天的得失。有时候，最好的对话，只有自己和自己的心灵。#夜晚与思考#,0.0,0.0,0.71,0.23,0.15,0.0
如果有一天，我能回到过去，我会给那个迷茫的自己一个温暖的拥抱，让他知道，未来会更好。#回到过去#,0.0,0.06,0.83,0.0,0.11,0.0
生活是一场冒险，但我愿意勇敢去追寻。我相信，只有不断前行，才会遇见更加精彩的风景。#勇敢前行#,0.0,0.07,0.92,0.12,0.0,0.0
想做一个平静的人，不争不抢，不与人计较。只在自己的小世界里，安静地活着。#平静的生活#,0.0,0.0,0.84,0.23,0.0,0.0
