posts,angry,fear,happy,neutral,sad,surprise
爱情的真谛，或许就是在彼此的心里找到了安静的角落，哪怕世界再喧嚣，依然有彼此守护的温暖。#爱情与温暖#,0.0,0.0,0.85,0.11,0.08,0.06
失去过很多，才知道什么是最重要的。爱自己，尊重自己，才能在未来的日子里勇敢地去爱他人。#自爱与成长#,0.0,0.06,0.86,0.11,0.07,0.0
偶尔怀念过去那些简单的时光。没有复杂的选择，没有繁琐的责任，只有阳光和微风，最单纯的快乐。#怀念过去#,0.0,0.06,0.74,0.0,0.28,0.05
有时候，生活给了我们沉重的负担，但也正是这些负担，让我们变得更坚强，更懂得珍惜身边的每一个人。#成长的力量#,0.0,0.06,0.95,0.0,0.08,0.0
每段关系的开始，都是一个未知的冒险。不知道结果如何，但如果你愿意一起走，我愿意和你一起探索。#勇敢的爱情#,0.0,0.08,0.86,0.14,0.0,0.0
喜欢在安静的午后，喝一杯茶，听一首歌。世界仿佛都慢了下来，只有心跳和呼吸，陪伴着我。#宁静的时光#,0.0,0.0,0.84,0.12,0.12,0.0
不知道从什么时候开始，习惯了把所有的感情藏在心里，不说出来，却总希望有人能懂。#内心的独白#,0.15,0.0,0.13,0.15,0.75,0.0
生活总是充满不确定，但我相信，只要心中有爱，就能找到前行的力量。#爱与希望#,0.0,0.0,0.89,0.1,0.0,0.0
爱情，像是手中的沙，抓得太紧反而流失。只有放开，让它自然流淌，才能拥有最美的风景。#爱情的哲理#,0.0,0.0,0.66,0.44,0.26,0.0
今天的我，不再急于去追寻什么，只想静静地过好每一天，珍惜眼前的人和事。#慢下脚步#,0.0,0.06,0.62,0.24,0.17,0.0
以前总觉得自己不够好，直到有一天，突然明白，最重要的是做自己，而不是为了别人去改变。#做自己#,0.0,0.0,0.69,0.07,0.2,0.1
一个人的世界，安静且深邃。每个孤独的瞬间，都是一次自我发现的机会。#孤独与自我#,0.0,0.06,0.63,0.32,0.17,0.07
总有人在你最无助的时候，默默为你提供支持。这样的朋友，才是人生中最珍贵的礼物。#珍贵的友谊#,0.0,0.0,0.94,0.0,0.0,0.0
喜欢清晨的第一缕阳光，温暖而不刺眼。它提醒我，新的一天开始了，带着希望与梦想。#清晨的阳光#,0.0,0.0,1.0,0.0,0.0,0.0
走到生命中的某个阶段，你才会发现，最值得珍惜的不是那些浮华的物质，而是那份内心的平和与安宁。#珍惜内心的宁静#,0.0,0.0,0.77,0.22,0.11,0.0
每一段关系的成长，都需要时间与包容。真正的爱，是在彼此的磨合中逐渐明晰，最终找到最适合的自己。#爱与磨合#,0.0,0.0,0.76,0.27,0.07,0.0
有些感情，虽然已经结束，但它留给我们的，依然是美好的回忆。只要心中有爱，离别也不再那么痛苦。#告别与回忆#,0.0,0.07,0.67,0.14,0.36,0.0
每一次的跌倒，都是一次成长的机会。不要害怕失败，因为它是通向成功的必经之路。#从失败中成长#,0.0,0.1,0.81,0.27,0.0,0.0
生活中的点点滴滴，或许并不完美，但正是这些不完美，才组成了我们最真实的自己。#真实与成长#,0.0,0.0,0.8,0.22,0.07,0.0
爱情不是占有，而是彼此的尊重与理解。当两个人可以在无声的陪伴中找到安慰，那就是最深的爱。#深沉的爱#,0.0,0.0,0.88,0.11,0.0,0.0
我不追求完美，只希望在每一段关系中，能够真心实意地去爱，去为对方付出。#真心与付出#,0.0,0.0,0.8,0.14,0.0,0.06
生活并不总是如意，但只要有爱，哪里都是天堂。愿每一个日子都充满温暖和阳光。#生活与爱#,0.0,0.0,0.98,0.0,0.0,0.0
无论外界多么喧嚣，我依然喜欢在夜晚找一个安静的角落，和自己独处，去思考和沉淀。#夜晚的宁静#,0.0,0.0,0.78,0.17,0.0,0.0
爱是给予而不是索取。在爱情里，我愿意为你做任何事情，只希望你感受到我最深的关怀。#给予与关怀#,0.0,0.0,0.77,0.18,0.0,0.0
每一次的相遇，都是命运的安排。即使相识不久，我也能感受到你给我的温暖与关爱。#命运的安排#,0.0,0.0,0.83,0.14,0.11,0.07
人生就像一场旅行，虽然有时会迷失，但总会有某个瞬间，让你重新找到方向，继续前行。#迷失与重生#,0.0,0.05,0.8,0.16,0.13,0.06
失落时，总会有些人默默地陪伴在身边，安静地给你力量。感谢这些温暖的人，他们是我前行的动力。#温暖的陪伴#,0.0,0.06,0.93,0.0,0.0,0.0
每一段感情的结束，都是一次新的开始。我相信，失去的只是过往，未来依然值得期待。#感情的转变#,0.0,0.0,0.79,0.19,0.12,0.07
爱情中最美好的部分，不是浪漫的誓言，而是彼此在平凡日子里共同度过的每一刻。#平凡中的浪漫#,0.0,0.0,0.76,0.24,0.06,0.09
在一个人的时候，学会了照顾自己，学会了在孤独中找到安慰。最终，最重要的，还是自己。#学会独处#,0.0,0.0,0.65,0.24,0.23,0.0
记得有一次听到朋友说：“爱一个人，不是为了占有，而是为了让她过得好。”我突然懂了。#爱与放手#,0.0,0.0,0.64,0.14,0.18,0.07
我们都在寻找属于自己的幸福，有时它并不远，只是被自己的心结所阻挡。#寻找幸福#,0.0,0.05,0.53,0.18,0.31,0.07
喜欢安静的午后，阳光洒在书页上，温暖而柔和。这样的时光，简单却充满意义。#简单的幸福#,0.0,0.0,0.97,0.05,0.0,0.09
爱情的美好，并不在于两个人的完美契合，而是在于彼此的理解与包容。#理解与包容#,0.0,0.0,0.75,0.34,0.0,0.0
不管遇到什么困难，只要我心中有爱，就能找到勇气继续前行。#爱与勇气#,0.0,0.07,0.92,0.09,0.0,0.0
每次回首，都觉得曾经的自己有些懵懂。但正是这些不完美，让我成长为今天的自己。#成长与反思#,0.0,0.09,0.69,0.13,0.27,0.0
没有谁能一直陪伴你，但那些曾经在你身边的人，都会成为你生命中的宝贵回忆。#珍惜曾经#,0.0,0.07,0.71,0.21,0.25,0.0
生活没有那么复杂，我们只是习惯了让自己陷入迷茫中。放轻松，简单活着，才是最真实的自己。#简单生活#,0.0,0.0,0.76,0.23,0.06,0.08
我始终相信，爱情是彼此间最深的理解与支持。没有什么比知道你被珍惜更重要。#被珍惜的爱#,0.0,0.0,0.83,0.09,0.08,0.0
生活中最美好的瞬间，不是追求得来的，而是意外的发现。在平凡的日子里，也能找到不平凡的幸福。#意外的幸福#,0.0,0.0,0.95,0.0,0.0,0.11
曾经的自己，渴望爱情，但更渴望的是理解与包容。如今，遇到一个懂我的人，是最幸运的事。#理解与爱情#,0.0,0.0,0.93,0.0,0.0,0.0
爱情的本质，不是占有，而是尊重与陪伴。真正的爱，是愿意陪你走过每一个春夏秋冬。#尊重与陪伴#,0.0,0.0,0.76,0.31,0.06,0.0
每个人都在寻找心灵的归宿，而那个最适合你的人，或许就在不远的地方，等你去遇见。#心灵的归宿#,0.0,0.0,0.68,0.24,0.12,0.05
有些人虽然不再联系，但曾经的点点滴滴，依然深深烙印在心里。#深刻的回忆#,0.06,0.0,0.59,0.09,0.35,0.0
每一次的挑战，都是一次成长的机会。学会接受，学会放手，才能更好地拥抱未来。#挑战与成长#,0.0,0.0,0.82,0.2,0.0,0.0
生活总是充满不确定，但我相信，最终一切都会变得明朗。#不确定的未来#,0.0,0.0,0.79,0.14,0.0,0.08
每当我迷茫时，总会记得那句：“不论何时，走下去，明天一定会更好。”#前行与希望#,0.0,0.0,0.84,0.05,0.0,0.0
我开始明白，真正的幸福，不是外界的评价，而是自己内心的平和与满足。#内心的幸福#,0.0,0.0,0.82,0.11,0.08,0.06
人生如梦，但正因如此，我们才要更加珍惜每一个当下。#珍惜当下#,0.0,0.0,0.78,0.16,0.11,0.0
有些人，陪你走过了许多岁月，最后却依然是你心底最温暖的回忆。#温暖的回忆#,0.0,0.0,0.7,0.09,0.29,0.06
