posts,angry,fear,happy,neutral,sad,surprise
三十岁了，生活开始显得有些无力。身边人越来越少，孤独感逐渐加重。可是，又能怎么做呢？是不是该接受这样的状态？ #孤独感 #三十岁,0.08,0.21,0.0,0.11,0.87,0.0
早晨醒来，突然想起自己快过生日了。岁月不待人，我却像个旁观者般看着自己走过的路。 #生日 #时间的流逝,0.0,0.0,0.36,0.08,0.51,0.12
生活中那些无法选择的事情，往往才是最有意义的。那些能控制的部分，我却总想挣扎一番，像是对抗命运。 #人生 #命运,0.0,0.1,0.14,0.23,0.6,0.0
每次站在高处，看到月光洒下，心里总有一种深深的凄凉感。似乎，所有灯火都与我无关。 #孤独 #城市的灯火,0.13,0.15,0.0,0.24,0.83,0.0
人活在世，很多事情是无法选择的。可是，自己能选择的部分，哪怕微不足道，也得坚持去争取。 #选择与命运,0.0,0.0,0.52,0.28,0.2,0.05
有些人总觉得自己与别人不同，殊不知他们只是把自己困在了想象的孤岛上。 #自我设限 #孤独,0.05,0.16,0.0,0.4,0.56,0.0
最近越来越不喜欢社交。面对陌生人，总感觉自己像是个局外人。是不是该接受自己不擅长与人互动的事实？ #社交恐惧,0.16,0.47,0.0,0.23,0.5,0.09
今天又是一天无意义的忙碌。想做的事总是被拖延，心里明明知道不该这样，却总是按下不表。 #拖延症 #生活困扰,0.22,0.13,0.0,0.07,0.76,0.0
每次遇到挫折，总觉得自己离目标又远了一步。但回头想想，自己早已走了很长一段路。 #成长的痛苦,0.0,0.0,0.13,0.09,0.9,0.0
每个阶段的自己，都有不完美的地方。可是，接纳这些不完美，也许才是最大的成长。 #接受自己 #成长,0.0,0.07,0.81,0.13,0.1,0.0
看着周围人不断前进，我却总觉得自己原地踏步。是不是目标设得太高？还是自己过于挑剔？ #自我批评,0.29,0.0,0.0,0.24,0.5,0.06
生活中的矛盾似乎永无止境。明明知道有些事情无法改变，却依然忍不住去抗争。 #内心挣扎,0.0,0.09,0.0,0.16,0.77,0.0
走到这里，我渐渐明白，成功并非一蹴而就，而是无数次的失败与坚持后才有的结果。 #坚持 #失败,0.0,0.0,0.52,0.28,0.31,0.0
目光所及，繁华尽收眼底。但我的心中，却始终无法摆脱那份空虚感。 #物质与精神,0.0,0.0,0.0,0.24,0.71,0.0
真正的强者，从不惧怕孤独。与其与人争斗，不如独自面对自己的内心。 #孤独 #内心强大,0.0,0.12,0.8,0.23,0.0,0.0
看到别人的进步，我总是深感压力。是不是我的努力还不够？每次进步都显得那么微不足道。 #目标 #努力,0.14,0.15,0.27,0.07,0.54,0.0
每当自己做得不好时，我总是回头想，或许自己没有足够的天赋。但这样反复的自我怀疑，真的能改变什么吗？ #自我怀疑,0.08,0.13,0.0,0.15,0.56,0.12
生活中，总是有不必要的琐事缠身。偶尔停下来想想，这一切究竟是为了什么？ #生活琐事,0.0,0.0,0.09,0.34,0.42,0.19
时不时地回望过去，发现自己竟然在不知不觉中走了很远的路。是否该庆幸自己并没有停滞不前？ #回顾 #成长,0.0,0.09,0.49,0.0,0.38,0.19
总是想要做得更好，却每次都陷入自我怀疑。或许我真的是不够努力，才会进展缓慢。 #自我怀疑,0.0,0.2,0.0,0.13,0.75,0.0
不知为何，总感觉自己被生活的琐碎压得喘不过气。忙碌的背后，我到底在追求什么呢？ #忙碌 #自我迷失,0.06,0.13,0.0,0.09,0.75,0.1
与人交往时，总觉得自己有些格格不入。也许是我从不愿与他人过多分享内心的世界吧。 #人际关系,0.07,0.06,0.0,0.36,0.51,0.08
面对工作中的琐事，我总是带着冷静的态度应对，但偶尔也会感到内心的疲惫。 #工作压力,0.0,0.09,0.06,0.34,0.62,0.0
最近感到自己真的变得麻木。每天都在机械地做事，却总觉得生活缺乏激情。 #生活麻木,0.24,0.16,0.0,0.0,0.86,0.0
明明有很多事要做，却总是拖延不前。也许是心里知道，做这些事情并不能给我带来什么实质性的改变。 #拖延,0.17,0.08,0.0,0.2,0.71,0.0
早晨醒来，突然发现生活已经不再那么充满激情。是时候给自己找点新目标，重新点燃动力了。 #目标 #动力,0.0,0.0,0.9,0.0,0.0,0.0
生活并没有预期中的美好，反而更加复杂与沉重。也许这就是成长的代价吧。 #成长的代价,0.0,0.06,0.09,0.16,0.65,0.0
看着他人的成功，我开始怀疑自己是否做得足够好。总觉得自己的努力和付出不值得被关注。 #自我怀疑,0.08,0.24,0.07,0.18,0.59,0.0
每当生活中遇到挫折，我都想彻底放弃。但转念一想，只有通过这些挫折，我才会变得更强大。 #坚持,0.0,0.06,0.82,0.1,0.08,0.0
细数那些让自己失望的时刻，我发现这些失望其实都在告诉我，自己需要更加坚强。 #失望与成长,0.07,0.08,0.31,0.08,0.62,0.0
如果生活中的每个选择都必须承担后果，那我愿意为自己的选择负责。#选择 #责任,0.0,0.0,0.49,0.33,0.0,0.0
经常反思自己做得不够好的地方，但也渐渐学会放过自己，接受不完美。 #自我接纳,0.0,0.0,0.74,0.26,0.11,0.0
做事时，总有一种无法满足内心标准的感觉。或许，这正是我不安的来源。 #内心不安,0.06,0.16,0.0,0.18,0.57,0.0
每天都有新的挑战等着我，但同时也有许多让我感到压抑的事物。如何在压力下依然前行？ #压力与前行,0.0,0.14,0.17,0.33,0.39,0.06
偶尔停下来想想，生活中什么才是最重要的。是不是应该放下那些不必要的执着？ #放下执着,0.1,0.0,0.34,0.33,0.32,0.0
生活中最难的部分，往往不是做事，而是学会如何处理内心的焦虑和不安。 #内心焦虑,0.0,0.18,0.06,0.52,0.45,0.0
明明知道自己有很多不足，但依然保持对自己深刻的期待。我，是否给自己设定了过高的标准？ #自我批评,0.2,0.0,0.07,0.29,0.39,0.0
看着那些不断进步的人，我时常会陷入自我怀疑。为什么他们做得那么好，而我却总是卡在原地？ #自我怀疑,0.12,0.17,0.0,0.21,0.44,0.24
每次看到别人取得成就，我都会反思自己是否做得足够好。或许，自己真的应该更努力一些。 #自我反思,0.06,0.0,0.58,0.24,0.15,0.0
今天想了很久，才意识到，真正的成功不仅仅是外界的认可，而是自己内心的平和。 #成功与平和,0.0,0.0,0.61,0.32,0.07,0.11
明明知道自己不完美，还是会对自己要求过高。可能，这就是我永无止境的自我批判。 #完美主义,0.18,0.0,0.1,0.27,0.38,0.0
每次看到那些“完美生活”的展现，我总是想，生活真的可以这么理想化吗？ #生活理想,0.07,0.0,0.41,0.1,0.22,0.3
走过很多弯路，终于明白，人生就是一场不断调整的过程。不要太纠结于结果。 #人生调整,0.0,0.0,0.72,0.21,0.11,0.0
时不时想，人生中有没有什么事是我可以完全掌控的？很多事情看似可以选择，但却往往受到外界的影响。 #生活的不可控,0.07,0.0,0.0,0.27,0.5,0.16
每次感到心累时，我都会想，或许只有通过放手，才能获得真正的自由。 #放手 #自由,0.0,0.06,0.36,0.27,0.42,0.0
总觉得生活中的一些不如意只是暂时的。也许，经历过这些困境后，我会看到更好的自己。 #生活的考验,0.05,0.0,0.54,0.19,0.36,0.0
明知自己有很多缺点，仍旧忍不住去改善。生活似乎总在提醒我，完美并不存在。 #不完美,0.0,0.0,0.29,0.18,0.53,0.0
每次做决定时，我都需要权衡各种利弊。生活中的每一分选择，都在塑造着我。 #生活选择,0.0,0.0,0.39,0.46,0.15,0.05
近期感到自己内心的焦虑越来越强烈。或许，只有通过改变现状，我才能获得更多的平静。 #内心焦虑,0.0,0.22,0.0,0.22,0.66,0.0
总想着让自己更高效，但每次做事时，都会发现自己无形中被拖延了。 #效率与拖延,0.19,0.0,0.0,0.33,0.44,0.0
