posts,angry,fear,happy,neutral,sad,surprise
无论人如何变化，心中的轨迹始终不变。偶尔翻回过去的笔记，才发现那些年追逐的目标，已然达成。生活的美好，原来全藏在那些不经意的努力里。,0,0.0,0.76,0.0,0.14,0.11
明知有些事无法掌控，却总是不能停下手中的操作。偶尔让自己无所事事，却又立刻察觉这不属于我的状态。坚持、独立，这才是我的核心。,0,0.0,0.57,0.17,0.23,0.09
看似选择不多，但选择本就不重要。懂得如何让自己沉浸于某一领域，便是优雅的生活方式。,0,0.0,0.72,0.42,0.0,0.0
考虑事物时，我总喜欢剖析每一层可能。人类的行为，实在是无法预测的，但这并不影响我继续观察的兴趣。,0,0.0,0.42,0.51,0.12,0.0
周围的变化，似乎总是不太重要。重要的是，是否能坚持自己的原则。在这纷扰的世界中，有时只有自己才是最值得依赖的。,0,0.0,0.63,0.21,0.17,0.0
以为自己的世界已经是最理想的，直到它因为一些无法控制的小事摇摇欲坠。偶尔提醒自己，稳定的背后是持续的努力和耐心。,0,0.0,0.74,0.17,0.17,0.0
对于那些未曾经历过的事物，总是充满了深深的怀疑。这是INTJ的常态——质疑的背后是对完美的渴望。,0,0.05,0.36,0.29,0.21,0.0
一直相信“精准”比“迅速”更为重要。人生并非跑步，而是逐步推动的积累。每一小步的深思熟虑，才是成就的大步。,0,0.0,0.75,0.35,0.0,0.0
无论在什么样的环境下，最大的挑战往往是与自己对话。在忙碌的背后，我始终不忘思考生活的意义和目标。,0,0.0,0.67,0.24,0.0,0.0
生活中总有一些事让人不解，但有时候不理解也无妨。我的思维不必与每一个人同步，重要的是自己的方向。,0,0.0,0.47,0.38,0.15,0.07
有时候，停下来思考比快速行动更有价值。人生的意义并不在于速度，而在于走得更远更稳。,0,0.0,0.83,0.29,0.0,0.0
没有永远的对错，只有适合与不适合。人活在世，最难的莫过于在变化中找到合适的平衡点。,0,0.0,0.36,0.51,0.23,0.0
生活不必急于求成，慢下来，你会发现真正重要的东西远在你意识之外。真正的目标往往隐藏在琐碎的细节里。,0,0.0,0.49,0.51,0.11,0.0
你所走的每一步都在定义未来，别让短期的成就掩盖了长远的视角。长远的眼光，往往让人走得更远。,0,0.0,0.58,0.45,0.07,0.0
在复杂的选择面前，我会选择静下来。不是放弃，而是更深刻地思考，哪一条道路真正值得走。,0,0.0,0.55,0.31,0.13,0.0
每个决定都像棋盘上的一步。我不是为了赢，而是为了走到更远的未来。,0,0.0,0.77,0.21,0.0,0.0
大多数时候，安静的观察比参与更能让我看到真相。与其追随流行，不如静下心来，探索真正的意义。,0,0.0,0.58,0.45,0.0,0.0
有些事，知道它不可行依旧要试一试。这种明知不可为而为之的坚持，才是INTJ独有的风格。,0,0.0,0.68,0.33,0.05,0.0
社交并非目的，而是一种工具。我更看重深度而非广度，真正的交流需要时间和耐心。,0,0.0,0.28,0.75,0.0,0.0
每个人都在追求某种目标，而我更喜欢挑战那些几乎不可能实现的目标。生活，终究是个人与自我的博弈。,0,0.0,0.36,0.45,0.16,0.0
常常问自己，所谓的成功究竟是为了什么？是为了他人的认可，还是为了心中的平静？,0,0.0,0.15,0.33,0.32,0.18
总觉得生活中的某些事，虽说不完美，却能让我从中提炼出智慧。这些不完美的细节，也成就了我所理解的完美。,0,0.0,0.85,0.13,0.07,0.06
人生的某些选择，总需要些许冷静的反思。唯有这样，才能避免被表象迷惑，做到真正的自我。,0,0.0,0.7,0.32,0.0,0.0
看似选择不多，但那些不经意的选择才是最关键的。最终，我们都会明白，最重要的只有我们自己的内心。,0,0.0,0.6,0.29,0.15,0.0
坚信自己，超越眼前的困难，每一次的突破都让自己变得更强大。最终，所有的努力都不会被辜负。,0,0.05,0.94,0.05,0.0,0.0
人生没有标准答案，只有不断探索和自我审视。在这条路上，最值得的是始终如一的坚持。,0,0.0,0.88,0.12,0.0,0.0
从某种角度看，挑战自己才是最有效的方式。只要你有足够的耐心和远见，一切困境都能化解。,0,0.0,0.59,0.44,0.0,0.0
大多数人都在追寻一种“快速成功”的假象，然而真正的成功其实源于沉淀和耐心的积累。,0,0.0,0.39,0.65,0.0,0.11
每次停下脚步的时候，我会重新审视自己走过的路。只有这样，才能从每一条曲线中汲取力量。,0,0.0,0.78,0.22,0.0,0.0
每一次的困惑背后，都是自我突破的开始。人只有在面对困境时，才能更清晰地看到自己的潜力。,0,0.0,0.61,0.42,0.0,0.0
每个人都有自己的时区，走自己的路，不急于和别人比较。我有我自己的节奏，这才是最合适的方式。,0,0.0,0.68,0.34,0.0,0.0
世间的路很多，但最值得的往往是那些冷静地思考后，选择坚持的路。,0,0.0,0.8,0.19,0.1,0.0
人生中的每一步决策，都可以影响到未来。我选择小心翼翼，但毫不犹豫。,0,0.0,0.63,0.35,0.0,0.07
以“冷静”作为前提，任何复杂的决策都能在时间的积淀中显现出答案。,0,0.0,0.38,0.71,0.0,0.0
大多数的失败并不来自于能力的不足，而是缺少一个冷静的思考和清晰的目标。,0,0.0,0.12,0.65,0.36,0.0
生活中的焦虑源自于过度追求未来的结果，却忽略了每一步的真实价值。,0,0.0,0.0,0.6,0.34,0.11
人生最难的不是选择，而是对选择后的坚持。大多数人都在试图找到捷径，却忘了坚守的意义。,0,0.0,0.28,0.31,0.58,0.0
生活中，总是有各种不可控的因素。最好的应对方式，不是反应，而是冷静分析。,0,0.0,0.25,0.67,0.1,0.0
我深信每个成功者背后，必定有一个不断质疑自己的内心。质疑，是自我提升的开始。,0,0.0,0.4,0.48,0.0,0.06
自由并非放任，而是能够在自己选择的框架内，勇敢地探索未知。,0,0.0,0.65,0.39,0.0,0.0
永远不要让琐碎的事物扰乱自己的节奏。每次的打断，都意味着一次重设自己的机会。,0,0.0,0.48,0.39,0.22,0.0
永远不要为他人设限，真正的自由来源于不断扩展自己的边界。,0,0.0,0.47,0.53,0.0,0.0
生活并不是关于结果，而是如何面对结果后的内心平和。每一场挑战，最终都将成为自我塑造的机会。,0,0.0,0.69,0.37,0.0,0.0
我深知，真正的成长来自于面对无数的挑战和选择，每一次突破，都是自我升华的开始。,0,0.0,0.79,0.26,0.0,0.0
总有人会告诉你该怎么做，但最终的决策始终属于你。别人无法替你承受后果，只有自己明白最深的需求。,0,0.0,0.46,0.31,0.22,0.08
生活的美好在于持续的挑战和进步，每一个不起眼的小细节，最终都会汇聚成大的力量。,0,0.0,0.93,0.11,0.0,0.0
这个世界的复杂度，不在于它有多繁琐，而是如何在其中找到最适合自己的方式。,0,0.0,0.25,0.79,0.0,0.08
每个选择都有它的代价，但只有经过选择后，才能更清晰地知道自己真正的价值所在。,0,0.0,0.43,0.55,0.09,0.0
有时候，最重要的不是找到最好的答案，而是学会如何面对不确定性。,0,0.0,0.63,0.37,0.0,0.0
总在寻找一种能够平衡内外世界的方式，但也清楚，只有在内心找到了平衡，外在的一切才会变得清晰。,0,0.0,0.49,0.48,0.09,0.0
