posts,angry,fear,happy,neutral,sad,surprise
今天把工作做得极其高效，开会时经理说，“你这不是真正工作，而是在做报告。” 我想，是的，我在做的是报告，打破常规的报告。🎯,0.08,0.0,0.25,0.41,0.0,0.16
刚买了一个大数据分析课程，心想着这回能学到东西，结果发现老师讲的内容，几乎就是我之前在论文中提到的理论。,0.0,0.0,0.0,0.33,0.14,0.43
最近偶然发现了一个自律的极致版本，早晨五点起床去跑步，晚上十二点整理工作文档。感觉，生活完全掌控在我手中。,0.0,0.0,0.83,0.12,0.0,0.11
刚刚看了一部电视剧，剧情情节安排紧凑，画面也很有深度，结果结局竟然让我怀疑自己是不是还没完全明白剧本的意义。,0.0,0.1,0.0,0.08,0.27,0.62
每天面对无数的选择，我依然认为，做决定时最重要的标准就是：不合常规，便是对的。,0.0,0.0,0.45,0.32,0.11,0.06
通过不断分析和思考，我已经完成了三年内的大部分计划，唯一没完成的计划是“保持人际关系”，这真是个谜。,0.0,0.19,0.0,0.37,0.27,0.37
今天又被人称为“书呆子”，我想，大家是不是以为我就是个坐在实验室里搞科研的模样？其实，我更喜欢看数据背后的深意。,0.0,0.0,0.4,0.43,0.0,0.16
“你为什么这么冷静？”这个问题我问自己一百遍了。答案是，别人忙着感性，我忙着理性。,0.24,0.0,0.0,0.39,0.15,0.2
终于明白了：人类的最强武器不是语言，而是无声的逻辑推理。也许，这就是我存在的意义。,0.0,0.0,0.69,0.17,0.0,0.13
刚和一位朋友聊天，他说，“人活得久了，就懂得什么是感情。” 我心想，这种东西我早就看透了，只是没有时间去体验。,0.0,0.0,0.07,0.34,0.52,0.11
社交媒体总让我觉得自己是在看一场真人秀。每天都有人在为明天的新闻做准备，而我却在为未来的战略做准备。,0.12,0.0,0.11,0.49,0.17,0.09
刚刚看完一篇管理学文章，作者的观点过于简单，结果我在纸上写下了“这就是为什么我更愿意独立思考。”,0.07,0.0,0.0,0.41,0.25,0.15
每次看同事们讨论“创新”，我总是忍不住想：他们所谓的创新，实际上只是“从别人那里借来的想法。”,0.21,0.0,0.0,0.39,0.0,0.16
做决策时的原则：1%可能性我会把它算进去；99%可能性我早就想好了应对策略。,0.0,0.0,0.3,0.66,0.0,0.08
对我来说，生活中的成功不仅仅是完成任务，而是如何在这些任务中找到自我价值。,0.0,0.0,0.51,0.57,0.0,0.0
听说过“人的一生只是一场追求意义的旅行”，但我总觉得大部分人走的并不是属于自己的路。,0.0,0.0,0.05,0.39,0.53,0.15
刚刚看到一则广告，广告里有个人说：“生活就是要享受。” 我想：享受是个不错的词，但它是理性之后的奖赏。,0.0,0.0,0.52,0.45,0.0,0.08
作为INTJ，我并不是讨厌社交，而是觉得大多数对话太过于肤浅，完全无法满足我内心深处的探求。,0.15,0.0,0.0,0.43,0.39,0.06
今天和同事讨论未来发展，他说，战略一定要灵活，不能固守。我的想法是：固守只是另一个角度的灵活。,0.0,0.0,0.12,0.78,0.0,0.0
讲真，每天都有人在说“生活要简单”，但在我看来，复杂和理性并不冲突，它们才是实现目标的途径。,0.0,0.0,0.37,0.42,0.0,0.2
有人问我怎么保持专注，我的答案是：尽量避免无聊的社交活动，选择性忽视不重要的信息。,0.0,0.0,0.21,0.72,0.0,0.11
不断改变自己的方式，只是为了给未来的自己一个更好的“准备状态”，这是我的生活原则。,0.0,0.0,0.74,0.28,0.0,0.09
今天一个人提到“多尝试，少计划”，我只能说，这种生活方式对我来说是充满不确定性的冒险，而我更喜欢计划。,0.0,0.0,0.68,0.3,0.07,0.05
世界的常规模式大部分人都能跟随，只有少数人敢于推翻它，我就是那个少数人。,0.26,0.0,0.12,0.46,0.06,0.0
最近开始挑战自己在有限时间内完成更多事宜。结果发现，能管理得好自己的时间，才能管理好一切。,0.0,0.0,0.26,0.33,0.19,0.18
总有人说：“最好的计划是立即行动。” 但我的理解是：最好的行动是基于最理性的计划。,0.0,0.0,0.18,0.69,0.0,0.06
每当我开始做一些自我反思时，我发现，大部分问题都来自我太理性，忽略了人情世故中的复杂性。,0.0,0.0,0.0,0.51,0.34,0.15
看着同事们每天忙忙碌碌地安排工作，我总会想，是否我的生活太过于追求高效了，以至于忽略了生活的另一面。,0.12,0.0,0.0,0.26,0.64,0.13
每个人都说“跳出舒适区”，可我更喜欢在舒适区中找到属于自己的节奏。,0.0,0.0,0.75,0.24,0.0,0.0
许多人以为我的冷静是缺乏感情，其实是感情在逻辑面前，显得并不那么重要。,0.0,0.0,0.13,0.38,0.5,0.07
这一年，最深刻的感悟是：生活中最难的部分不是挑战，而是将每个挑战都转化为自己的优势。,0.0,0.0,0.65,0.3,0.0,0.0
经常有人问我：你为什么不尝试更自由的生活？我想告诉他们，真正的自由源自于对自己未来的掌控。,0.0,0.0,0.23,0.55,0.0,0.13
在一切努力的背后，我始终相信，不是努力多就能成功，而是做对了什么事，才能达到预期效果。,0.0,0.0,0.82,0.18,0.0,0.0
不管是工作还是生活，掌握时间的分配才是最重要的技能。每个决定都意味着时间的消耗。,0.0,0.0,0.29,0.67,0.06,0.0
昨天看到一则新闻：“某公司为应对挑战，开始调整战略。” 看来大部分公司都不懂，真正的战略是适应变化，而非简单地应对挑战。,0.0,0.0,0.09,0.67,0.0,0.17
一天的时间不够用，那就分配时间。每天都在优化自己的生活和工作方式，效率是前进的动力。,0.08,0.0,0.55,0.47,0.0,0.0
最近对“创新”有了新的理解：创新不一定是做别人没做的事，而是把已知的事做得更好。,0.05,0.0,0.53,0.5,0.0,0.0
每个人都说要“找到自己的热情”，但我觉得，热情不过是对成功的附加品，真正的力量来自理性的规划。,0.0,0.0,0.58,0.43,0.05,0.0
当一个朋友问我：你怎么能这样不急不躁地做事？我回答：因为我早就知道结果是什么。,0.11,0.0,0.16,0.41,0.18,0.2
今天做了一个决定，虽然不完美，但我能接受。最重要的不是做出完美选择，而是做出理性判断后的选择。,0.0,0.0,0.73,0.15,0.0,0.0
每次遇到困难，我总会冷静分析所有的选择，并选择那个看似最难但最有可能成功的路径。,0.0,0.06,0.66,0.29,0.0,0.0
生活中，很多人为了迎合外界的期待而迷失方向。而我始终认为，追求自我认知与独立思考才是最值得追求的。,0.0,0.0,0.53,0.38,0.1,0.0
总有人问我：“你怎么这么理性？” 我反问：“难道不理性就能成功吗？”,0.39,0.0,0.0,0.23,0.11,0.32
今天的工作进展顺利，开始总结：每个项目的成功，都离不开对细节的追求。,0.0,0.0,0.73,0.23,0.0,0.0
职场中常有人讨论领导力，而我更愿意研究如何理性地为团队提供最优的决策支持。,0.0,0.0,0.29,0.66,0.0,0.07
最近看了一篇关于“完美主义”的文章，作者说完美主义是种负担。我认为，追求完美并非负担，而是一种理性选择。,0.0,0.0,0.29,0.67,0.0,0.0
今天遇到一件让人不解的事：别人说的“快速决策”我理解成“有效决策”，但效率永远不应该牺牲质量。,0.17,0.0,0.0,0.35,0.09,0.25
今天思考了一下人生的意义——不在于追求短期目标，而是理解每个目标背后的深层价值。,0.0,0.0,0.36,0.58,0.0,0.1
听人说，“人生在世，最大的收获是经历。” 我不这么认为，最大的收获是智慧，而智慧来自冷静和分析。,0.0,0.0,0.47,0.51,0.0,0.09
当别人说“人生就是一场冒险”时，我总觉得，冒险之前，应该先计算风险。,0.0,0.0,0.2,0.58,0.17,0.07
