posts,angry,fear,happy,neutral,sad,surprise
突然意识到，理论与实践有时候是完全不同的。推理逻辑无可挑剔，执行时却总能碰壁。INTJ的特质：头脑清晰，行动迟缓。#生活的挑战# #理性与实践#,0.05,0.09,0.31,0.45,0.21,0.0
今日心情：为了达成目标，我又一次放弃了短期满足。INTJ的一天，就是将眼前的小欲望放在未来的计划里。#长远规划# #即时满足的诱惑#,0.0,0.0,0.75,0.13,0.15,0.0
早晨的第一杯咖啡，总能让我迅速进入思考状态。INTJ的大脑仿佛按下了开关：解决问题，消化信息。#每日仪式# #思考模式#,0.0,0.05,0.58,0.38,0.0,0.06
看完一场TED演讲，思考了一个晚上：如何让复杂的思想简洁明了？INTJ的终极目标：提升自己的表达能力。#思维训练# #表达力#,0.0,0.0,0.33,0.59,0.0,0.09
今天终于决定不再纠结那些微不足道的细节，放手让事情自然而然发展。是时候学会适时放松，不要让完美主义吞噬自己。#完美主义# #学会放手#,0.0,0.0,0.84,0.09,0.08,0.0
每次做决策时，都会反复分析利弊。INTJ的内心永远充满“假如……那么……”的推理。#决策# #分析型思维#,0.0,0.0,0.36,0.68,0.05,0.0
明天的工作计划已经列好。INTJ最大的优点就是：永远不会让明天的事堆积到后天。#高效生活# #有条不紊#,0.0,0.0,0.71,0.31,0.0,0.0
晚上花了两个小时整理思维导图，仿佛每个细节都能精准对接。对于INTJ来说，结构化思维就是最有效的工具。#思维导图# #结构化思维#,0.0,0.0,0.37,0.62,0.0,0.0
今天做了个实验：让别人给我提出问题，看看能否迅速作答。结果证明，我还得多练习随机应变的能力。#自我反思# #提升应变力#,0.0,0.0,0.44,0.45,0.1,0.0
其实人生就像一个庞大的算法，找到合适的参数，就能获得最优解。#INTJ心法# #优化人生#,0.0,0.0,0.4,0.7,0.0,0.0
思考过后，我决定：生活不需要太多的干扰。给自己留出更多时间来做有意义的事。#自我提升# #保持专注#,0.0,0.0,0.73,0.28,0.05,0.0
被朋友问到未来规划时，我忍不住分享了我的五年计划。INTJ的世界里，时间总是被精准计算。#五年计划# #目标导向#,0.0,0.0,0.56,0.4,0.06,0.14
在社交场合，我总是那个安静的观察者。做事之前先分析情境，理解人性，再决定是否参与。#社交观察# #理性人#,0.0,0.0,0.46,0.6,0.0,0.0
早晨的第一件事：确认我是否有条理地安排了今天的任务。INTJ的生活就像是一个精心设计的时间表。#有序生活# #任务管理#,0.0,0.07,0.49,0.54,0.0,0.0
看完一本书，竟然有种掌控了知识的感觉。INTJ的大脑需要不断地填充新的信息，才能保持活力。#知识吸收# #自我成长#,0.0,0.0,0.73,0.0,0.08,0.2
今天收到了一个挑战，迅速分析并制定了对策。这种思维模式真是INTJ的独特优势。#解决问题# #挑战自我#,0.0,0.0,0.64,0.28,0.0,0.09
感觉最近自己对情感的理解越来越深刻。INTJ不是不懂情感，而是用理性的方式去分析它。#情感分析# #理性心态#,0.05,0.0,0.41,0.5,0.08,0.0
以数据为基础，生活更有条理。这是我作为INTJ的生活哲学：一切皆可量化。#数据化生活# #理性思维#,0.05,0.0,0.5,0.61,0.0,0.0
每次与人沟通，总会忍不住思考对方的逻辑。是时候提醒自己，沟通不单是思维交流，也是情感交流。#沟通技巧# #情感智商#,0.0,0.0,0.41,0.47,0.17,0.0
最近迷上了逻辑推理游戏。每个线索都能带来新的发现，完美符合INTJ的大脑需求：精准、高效、无懈可击。#逻辑游戏# #理性思维#,0.0,0.0,0.53,0.47,0.0,0.0
觉得自己越来越冷静，不再为别人眼中的“小事”动摇。INTJ的内心世界逐渐坚硬而理智。#自我掌控# #内心坚定#,0.08,0.09,0.82,0.21,0.13,0.0
和朋友聊了很多关于未来的话题，结果我开始怀疑自己的规划是否过于完美主义。#完美主义# #反思自我#,0.0,0.16,0.07,0.3,0.49,0.08
与人互动时，我总是尽力让对方感受到我尊重他们的观点。然而，心底依旧有个声音提醒我：保持警觉。#人际关系# #理性沟通#,0.0,0.0,0.24,0.48,0.15,0.0
无论如何，我始终相信：最有效的思维方式是从全局出发，分析每个细节，再做决策。#战略思维# #全局观念#,0.0,0.0,0.42,0.58,0.0,0.0
今天重温了《黑客帝国》，突然觉得我们是不是也生活在一个虚拟世界？INTJ永远喜欢深挖背后的“真相”。#哲学思考# #虚拟现实#,0.0,0.06,0.49,0.35,0.12,0.13
对于我来说，每一个目标的设定都要有充分的理由。否则，一切都显得没有意义。#目标驱动# #理性分析#,0.08,0.0,0.16,0.69,0.09,0.0
观察他人解决问题时，我常常思考：他们的思维方式是否足够高效？作为INTJ，我总是喜欢寻找最优解。#效率至上# #问题解决#,0.0,0.0,0.37,0.52,0.0,0.12
每次外出时，我都喜欢提前规划路线和时间。这种掌控感让INTJ的我内心平静。#精确规划# #时间管理#,0.0,0.06,0.59,0.41,0.08,0.0
最近深刻体会到，过度思考的结果常常是拖延症。INTJ需要控制这种过度分析的倾向，尽早行动。#拖延症# #行动优先#,0.11,0.15,0.0,0.56,0.26,0.0
今晚的计划：阅读、思考、总结。INTJ的一天，往往充满理性与深刻的自我反思。#自我总结# #提升自我#,0.0,0.0,0.76,0.26,0.0,0.0
我的世界是建立在严密逻辑之上的，每一步都要有依据。否则，空谈一切毫无意义。#逻辑思维# #严谨人生#,0.0,0.0,0.41,0.53,0.08,0.0
最近的课题是如何高效管理时间。INTJ的生活必须井然有序，否则会感到深深的不安。#时间管理# #高效生活#,0.06,0.12,0.14,0.56,0.17,0.0
我向来不喜欢模糊不清的决策，每次都要做到心中有数。INTJ的优点和缺点：都太理性。#理性思维# #决策分析#,0.08,0.0,0.37,0.48,0.11,0.0
今天意识到：生活中有些问题并不是非黑即白的，而是需要不同的角度去看待。#深刻反思# #多元视角#,0.0,0.0,0.39,0.53,0.11,0.0
总有人说我冷静，实则内心是充满矛盾的。INTJ总在理性与情感之间不断徘徊。#内心独白# #理性与情感#,0.0,0.08,0.07,0.43,0.49,0.0
生活中的很多事情，最终都得回归到一个点：效率。提高效率，才是生存的根本。#效率优先# #生存哲学#,0.0,0.0,0.39,0.72,0.0,0.0
遇到复杂的问题时，我喜欢将其拆解成更小的部分，逐一攻破。INTJ的策略：分而治之。#问题拆解# #理性分析#,0.06,0.07,0.2,0.88,0.0,0.0
突然意识到，自己对于时间的掌控越来越精确。INTJ的生活，从来不容忍浪费。#时间控制# #高效人生#,0.0,0.0,0.8,0.11,0.0,0.1
今天再次证明了，过于理性的思维方式可能导致社交困难。INTJ的弱点：缺乏共情。#社交困境# #理性过头#,0.14,0.13,0.0,0.45,0.29,0.0
深夜的思考总是让人迷失。我喜欢通过整理笔记来理清思路，这样才能找到内心的方向。#深夜思考# #理性解答#,0.0,0.08,0.38,0.5,0.2,0.0
每次开始新的项目时，我都会深入分析背景资料，制定详细计划。INTJ的工作方式：从细节入手。#项目管理# #详细计划#,0.0,0.06,0.12,0.86,0.0,0.0
终于懂得了，过度的完美主义可能带来焦虑。INTJ需要学会接纳“好就够了”。#完美主义# #自我接纳#,0.0,0.0,0.77,0.12,0.21,0.0
今天想了很多，决定从现在开始更多地关注内心的声音，而非外界的评价。#自我成长# #内心世界#,0.0,0.0,0.5,0.35,0.15,0.08
每个人都有自己的节奏。对我来说，高效地生活，才是成功的关键。#节奏掌控# #理性生活#,0.0,0.0,0.63,0.41,0.0,0.0
计划从来不只是纸上谈兵，INTJ需要真正付诸实践，这样才能看到成果。#目标执行# #实践第一#,0.0,0.06,0.51,0.52,0.0,0.0
在解答别人问题时，我时常保持冷静，因为我知道：理性思维才是最有效的解法。#冷静思考# #问题解决#,0.0,0.0,0.44,0.57,0.0,0.0
对我来说，人生就像一个复杂的公式，每一步都需要精心设计。#人生哲学# #理性思维#,0.0,0.0,0.3,0.66,0.11,0.0
最近的一个发现：理性并非万能，情感同样不可忽视。#理性与情感# #自我觉察#,0.0,0.0,0.34,0.62,0.0,0.07
从未停止过对完美的追求，但逐渐明白：有时完美只是一种幻觉。#完美主义# #追求与放手#,0.0,0.0,0.66,0.27,0.09,0.09
对于我而言，生活的意义不在于短暂的享乐，而在于长远的成就。#长远规划# #人生目标#,0.0,0.0,0.63,0.36,0.1,0.08
