posts,angry,fear,happy,neutral,sad,surprise
面对学术界的挑战，不禁想起了导师说的：“只有你无法逾越的门槛，没有你无法完成的任务。”每次遇到困难，便提醒自己，是时候精进了。#学术奋斗# #自我超越#,0.0,0.0,0.74,0.13,0.0,0.0
大多数人以为读博就只是在实验室里消耗时间，但实际上，真正的挑战是要在无数次怀疑中，仍然坚持自己的判断力和方向。#学术挑战# #思维碰撞#,0.0,0.12,0.44,0.44,0.0,0.11
最近才意识到，我是那种宁愿待在图书馆里翻阅古籍，也不愿在喧嚣的城市中浪费时间的人。大概是这份孤独，赋予了我持续前行的力量。#INTJ思维# #独立思考#,0.0,0.09,0.59,0.16,0.23,0.07
有些人对生活的期待太高，失望感总是来得很快。我的生活哲学就是：无论遇到什么，保持冷静，踏实做事，不给自己无谓的负担。#冷静思考# #理性人生#,0.0,0.0,0.68,0.31,0.07,0.0
博士生涯的压力早已让我麻木，但每当看到那些成功的研究成果，我就意识到，一切努力都值得。#科研路上# #无尽探索#,0.0,0.07,0.8,0.0,0.11,0.0
如果一个人不能从每次失败中汲取教训，那他就无法真正进步。我也曾在失败中迷茫过，但每一次，我都站了起来。#失败是成功之母# #学术成长#,0.0,0.07,0.71,0.21,0.22,0.0
喜欢独立做事，但也知道自己绝不是孤军作战。背后有导师、同学和朋友的支持，才让我能够在这条道路上越走越远。#团队力量# #学术支持#,0.0,0.05,0.9,0.09,0.0,0.0
今天开会时，导师突然问我：“你有时间做实验吗？”我笑着回答：“有时间做，但最怕没有做的心情。”#科研心态# #无尽挑战#,0.0,0.22,0.27,0.31,0.2,0.1
我常常想，学术与生活的平衡，是不是一种奢望？或许，它从来就不是一条可以直行的路。#学术与生活# #平衡迷思#,0.08,0.1,0.0,0.44,0.4,0.13
很多时候，我感到自己像个孤独的探险者，在无人之境中摸索前行。希望终有一日能揭开那一层层未解之谜。#探索精神# #科研初心#,0.0,0.1,0.52,0.32,0.07,0.06
以前总以为，读书能带来所有的答案，直到我开始读博，才明白：真正的学问，不是获得答案，而是提出更好的问题。#学术探索# #问题至上#,0.0,0.0,0.49,0.39,0.0,0.15
那些以为读博就是打打实验、写写论文的人，大概从未见过每天要处理的文献和无尽的反复推敲。#学术生活# #辛勤耕耘#,0.06,0.0,0.56,0.18,0.11,0.08
还记得博士生入学那天，导师告诉我：“你来这里，唯一的任务就是思考。”那时我并不理解，现在，终于有了一点儿感悟。#深度思考# #学术沉淀#,0.0,0.0,0.59,0.29,0.14,0.1
有时候在深夜，我对着屏幕发呆，觉得自己不仅是在做学术，还是在做心理建设。#内心挣扎# #学术孤独#,0.1,0.25,0.0,0.17,0.8,0.0
我的生活充满了学术与孤独的二元性，偶尔怀疑自己是否能够坚持下去，但每一次看见研究的新进展，又重新燃起了希望。#学术挑战# #坚持不懈#,0.0,0.12,0.84,0.0,0.07,0.0
最近在整理老旧文献，想起那些曾经从前辈那里学习到的知识。时代变了，但经典的智慧永不过时。#知识传承# #学术积淀#,0.0,0.0,0.75,0.21,0.22,0.0
研究的每一步，似乎都要把自己从舒适区中拉出来。难免感到疲惫，但也知道这正是成长的代价。#学术成长# #自我挑战#,0.0,0.07,0.58,0.22,0.21,0.0
做科研这条路，既是漫长的等待，也是孤独的奋斗。幸运的是，每一个小小的发现，都值得我继续坚持。#科研精神# #孤独求索#,0.0,0.09,0.74,0.11,0.13,0.0
有时候，我甚至觉得自己像个疯子，不停地钻研那些别人都不理解的问题，但内心知道，只有这些问题，才能推动我前行。#执着探索# #学术奋斗#,0.0,0.0,0.61,0.17,0.12,0.0
学术上的挑战与生活中的琐事一样，一波未平一波又起。但我知道，终有一天，这一切都会成为我成长的印记。#学术道路# #坚持自我#,0.0,0.0,0.8,0.17,0.09,0.0
博士生涯的痛苦，不在于外界的压力，而是在于内心的怀疑和对自我极限的挑战。#内心修炼# #学术斗争#,0.0,0.09,0.25,0.53,0.27,0.0
总是听别人说“学术是孤独的”，然而孤独也给了我清晰的思维和独立的判断。#独立思考# #学术孤独#,0.06,0.18,0.1,0.32,0.54,0.0
当我在研究室里熬夜时，偶尔会想：这真的值得吗？然后我就回答自己：“值得。”#学术决心# #努力向前#,0.0,0.0,0.78,0.08,0.12,0.0
生活很无趣，但科研给了我另一种意义的存在。或许，学术就是这样，能在无聊的世界里创造出精彩。#学术世界# #创造新知#,0.09,0.0,0.89,0.13,0.05,0.07
读博之后，我才明白，所谓的“学术自由”，并不是随心所欲，而是在束缚中追求一丝光明。#学术自由# #坚持探索#,0.0,0.0,0.49,0.33,0.0,0.14
每次在学术路上遇到瓶颈，我都告诉自己：“这只是一场马拉松，停不下来。”#学术挑战# #自我激励#,0.0,0.06,0.69,0.22,0.14,0.0
一直在想，研究的意义到底是什么？或许，答案就是：找到一个永远值得追求的目标。#学术探索# #终极问题#,0.0,0.0,0.3,0.48,0.0,0.18
最近反思自己，发现一条铁律：无论多忙，始终要给自己一些独立思考的时间。否则，灵魂会被消耗殆尽。#独立思考# #自我修养#,0.0,0.0,0.36,0.46,0.22,0.0
晚上在图书馆一待就是几个小时，连加餐都懒得吃。真是过了几年，才体会到“学术食粮”不仅是知识，还有精神上的满足。#科研生活# #夜以继日#,0.11,0.0,0.45,0.0,0.4,0.0
写论文时常常会迷失在细节里，但每次完成一个小目标，成就感都让我再次投入到研究中。#学术写作# #小胜利#,0.0,0.0,0.98,0.0,0.0,0.0
许多人都说，我的理想生活就是图书馆一角的安静。是的，我所追求的正是那份专注与宁静。#INTJ理想# #学术之道#,0.0,0.0,0.66,0.33,0.0,0.06
每次在图书馆读书，旁边的人都可能不理解我为何如此投入。其实，我只是想通过思考，找到生活的意义。#独立思考# #深度阅读#,0.0,0.07,0.38,0.48,0.16,0.07
博士生涯中的孤独和压力，早已让我麻木。但每一次的研究突破，却总能让我焕发新生。#学术挑战# #突破自我#,0.0,0.12,0.76,0.14,0.15,0.05
近乎完美的计划往往被突如其来的问题打乱，但这种不断调整的过程，也让我逐渐学会从容应对生活中的不确定性。#计划与调整# #学术进步#,0.08,0.05,0.66,0.2,0.1,0.07
最近看了《黑天鹅》，越发觉得有些事情，越是无法预料的才更能让人印象深刻。学术研究中的每一次发现，也像是黑天鹅。#学术思维# #黑天鹅理论#,0.08,0.1,0.31,0.5,0.12,0.0
走在学术的道路上，每次回头都可以看到曾经的小小失败，但正是这些失败，塑造了今天的自己。#失败与成长# #学术积淀#,0.0,0.06,0.57,0.17,0.35,0.0
好久没有认真审视自己的人生了，感觉越来越像一个只会沉浸于研究的机器人。需要调整，不能再被学术占据生活。#生活平衡# #学术与生活#,0.13,0.0,0.34,0.19,0.48,0.0
幸好生活中有一些小确幸，例如，在阅读的世界里，我能找到片刻的慰藉。#书籍的力量# #INTJ心境#,0.0,0.0,0.83,0.09,0.0,0.0
最近对未来有些迷茫，不知道该如何选择，是继续专注学术，还是去做其他自己感兴趣的事。#人生选择# #迷茫时刻#,0.0,0.16,0.07,0.3,0.51,0.09
每天都在与时间赛跑，虽然知道时间不等人，但仍想慢下来，享受当下。#时间管理# #学术生活#,0.0,0.0,0.6,0.33,0.13,0.06
人生是一场关于选择与自我认知的游戏。很多时候，选择了某条路，就意味着与其他道路的告别。#人生选择# #自我认知#,0.0,0.0,0.3,0.6,0.19,0.07
常常觉得，研究与生活的界限并不那么明确。或许，生活本身就是一场漫长的研究实验。#生活与研究# #哲学思考#,0.0,0.06,0.09,0.56,0.37,0.07
很多时候，科研之路是无尽的自我怀疑。可正因为如此，才能不断修正自己的理论与实践。#科研自疑# #思维修正#,0.0,0.11,0.27,0.51,0.18,0.0
无论生活怎样，我始终觉得，学术给了我最具挑战性的“游戏”。#学术挑战# #持续进步#,0.0,0.0,0.87,0.08,0.0,0.0
这些年，学术的路越走越深，才渐渐发现，最重要的不是获得答案，而是不断提出有价值的问题。#学术探索# #问题至上#,0.0,0.0,0.59,0.34,0.0,0.07
最近在思考，未来的科研之路，是否会变得更加开放与共享。希望更多人能看到学术背后的真正价值。#学术创新# #共享科研#,0.13,0.0,0.37,0.48,0.0,0.06
看着那些沉迷于外界世界的人，才明白，学术的世界依然有它独特的魅力。#学术之美# #专注与探索#,0.0,0.0,0.68,0.3,0.06,0.09
看似是独立思考的选择，实际上却是对未来的责任感。#学术与责任# #思考的力量#,0.0,0.0,0.63,0.37,0.0,0.0
只要自己不放弃，就永远有机会去成就某些伟大的目标。#坚持不懈# #自我实现#,0.0,0.0,0.86,0.13,0.0,0.0
在学术的世界中，孤独是无法避免的。#INTJ# #孤独学者#,0.0,0.18,0.0,0.56,0.42,0.0
