posts,angry,fear,happy,neutral,sad,surprise
人们总喜欢谈论“幸运”，但从来没意识到“努力”的重要性。最终结果才是检验一切的标准，而不是单纯的运气。#战略思维,0.0,0.0,0.24,0.66,0.0,0.0
总有人问我，如何高效安排工作时间。我说，目标明确，任务分解，严格执行。这才是成功的根本。#时间管理,0.0,0.0,0.4,0.56,0.0,0.0
以“聪明”自诩的人，常常陷入最深的困境。明知没有筹码，却仍要下注，典型的自负。#谨慎,0.13,0.12,0.07,0.5,0.29,0.0
你不懂的大多数事，恰恰才是你需要学习的地方。#永远在学习,0.0,0.0,0.62,0.24,0.1,0.0
昨天看到一篇关于“极限思维”的文章，真是受益匪浅。有些问题的解决方案，其实早已在最深的层次等待我们去发现。#深度思考,0.0,0.0,0.53,0.31,0.0,0.0
观察力和分析力不等于感性，有时人们越理性，反而越能看透不为人知的真相。#理性思维,0.0,0.0,0.23,0.7,0.0,0.0
人生中总有许多无法控制的外部因素，但合理的预见和提前的规划，却可以让自己在风暴中稳如泰山。#战略眼光,0.0,0.0,0.56,0.49,0.0,0.0
今天读到一篇文章，讲到“生活中的不确定性”，从中提取的最大教训是：把不确定性转化为可以控制的变量，才是人生的智慧。#掌控人生,0.0,0.0,0.41,0.54,0.0,0.0
你对某件事越执着，越容易忽视其它更重要的事。而有时候，放手才能带来意外的收获。#理性决策,0.0,0.0,0.46,0.5,0.08,0.0
这几天一直在想，领导力的核心不是指挥别人，而是如何通过系统化的思考，引导团队走向目标。#领导力,0.05,0.0,0.28,0.56,0.0,0.11
为什么我不轻易评论时事新闻？因为每个人的观点往往只是局部的，真正的事实常常被忽略。#深度分析,0.06,0.0,0.06,0.65,0.09,0.06
听说最近有很多人在讲“改变世界”。我只想说，改变自己，才是改变世界的第一步。#内心革命,0.0,0.0,0.51,0.32,0.0,0.09
不是每一条选择都是最好的，但从中选择一条不后悔的路，却是最值得追求的目标。#人生选择,0.0,0.0,0.71,0.24,0.0,0.06
有时候，我会想，如果所有人都像我一样深思熟虑，世界会变成什么样。#独立思考,0.0,0.07,0.16,0.47,0.22,0.13
最近开始研究企业战略，发觉很多公司都在忽视一个根本原则：战略不在于制定多少，而在于执行力的持续强化。#战略思维,0.0,0.0,0.14,0.67,0.0,0.11
看完一部关于科技未来的纪录片，感触颇深。未来的科技与人类的关系，必将更加复杂。#科技趋势,0.0,0.1,0.19,0.61,0.0,0.09
逻辑思维的优点在于，你可以从复杂的信息中抽丝剥茧，看到最清晰的真相。#逻辑清晰,0.0,0.06,0.29,0.69,0.0,0.0
人生的意义，往往不在于完成多少事，而在于完成多少有价值的事。#价值思维,0.0,0.0,0.41,0.64,0.0,0.0
每当我陷入困境时，总是提醒自己：将问题拆解成更小的部分，逐步解决，最终便能走出困局。#问题解决,0.0,0.0,0.41,0.5,0.0,0.06
“耐心”不仅仅是等待，它是经过深思熟虑后做出的决定，是步步为营的策略。#耐心思维,0.0,0.06,0.52,0.65,0.0,0.0
今天花了两个小时讨论经济学原理，觉得自己更明白了世界运作的规律。知识就是力量。#知识改变世界,0.0,0.0,0.66,0.31,0.0,0.0
经常有人问我如何保持高效，我的回答是：专注，不分心，去除一切无关的干扰。#高效能,0.0,0.0,0.43,0.55,0.0,0.06
生活中的选择多得让人眼花缭乱，但最终能给你带来结果的，只有那些经过深思熟虑的决策。#深度思考,0.0,0.0,0.25,0.62,0.0,0.1
处理复杂问题时，最重要的是理清思路，找到问题的根源，而不是做无谓的表面文章。#问题导向,0.0,0.0,0.18,0.83,0.0,0.0
最近在看一本书，讲的是“系统思维”，它告诉我：所有问题都是相互联系的，解决一个问题，往往能带来多个好处。#系统思维,0.0,0.0,0.24,0.68,0.0,0.06
其实很多时候，所谓的“机遇”，不过是提前做好准备的人能够抓住的。#机会与准备,0.0,0.0,0.26,0.69,0.0,0.0
生活中，我们总是容易被眼前的诱惑所迷惑，但真正重要的事情，往往是需要耐心去等待和积累的。#战略耐心,0.0,0.11,0.59,0.54,0.0,0.0
看似平淡的生活，其实隐藏着巨大的潜力。你是否已准备好，通过思维的方式改变它？#潜力激发,0.06,0.0,0.41,0.54,0.0,0.14
无论如何，知识永远是最强的武器。无论世界如何变化，掌握核心知识就是掌控未来。#终身学习,0.0,0.0,0.58,0.46,0.0,0.0
在这个信息爆炸的时代，最珍贵的不是信息本身，而是如何从海量信息中筛选出有价值的部分。#信息筛选,0.0,0.1,0.14,0.73,0.0,0.09
世界的复杂性让我意识到，人们对简单问题的解决方案，往往反而最能达到最终效果。#简化问题,0.06,0.0,0.1,0.75,0.05,0.05
我的信条是：简单即是高效，而复杂无能。无论如何，简洁的逻辑往往能更精准地达成目标。#简化战略,0.08,0.0,0.26,0.66,0.0,0.0
每当我想做一件事时，我会考虑：它是否能带来长期的益处？如果不能，我就不会浪费时间。#战略思维,0.09,0.06,0.23,0.66,0.0,0.0
今天和一个朋友讨论未来的职业发展，得出的结论是：适应力比一时的胜利更为重要。#职业规划,0.0,0.0,0.19,0.7,0.0,0.06
生活中，不必为每一个小细节纠结不已，解决关键问题，才是达成最终目标的正确路径。#关键决策,0.0,0.0,0.31,0.57,0.0,0.09
每当我遇到困难，总是告诉自己：这是一个自我提升的机会，如何应对挑战，决定了我的成长。#挑战自我,0.0,0.0,0.6,0.26,0.0,0.08
我更偏向于长期目标的规划，而非短期的冲刺。任何成功，都是日积月累的结果。#长期主义,0.0,0.0,0.44,0.55,0.0,0.0
今天终于理解了什么是“智慧”：它不是拥有知识，而是如何在对的时间做出对的决策。#智慧决策,0.0,0.0,0.67,0.29,0.0,0.12
为什么我不参与不必要的社交？因为我知道，社交的质量远比数量重要。#高质量社交,0.12,0.0,0.25,0.51,0.1,0.1
在职场上，唯一不变的，就是变化。适应和反应才是最强的生存法则。#职场适应,0.0,0.05,0.38,0.63,0.0,0.0
情感的复杂性，是理性决策的一大挑战。我会告诉自己，在大多数情况下，冷静的分析更重要。#理性情感,0.0,0.0,0.27,0.67,0.0,0.0
看完一场演讲，最大的感悟是：成功不仅是能力的体现，更是战略眼光与行动力的结合。#成功法则,0.0,0.0,0.5,0.5,0.0,0.0
没有完美的方案，只有最适合当前局势的方案。调整计划，是面对不确定世界时的智慧。#计划调整,0.0,0.0,0.39,0.67,0.0,0.0
每个人都喜欢谈论“聪明”的人，但我更崇尚的是能够冷静分析，理性决策的人。#理性分析,0.0,0.0,0.43,0.55,0.0,0.0
生活中的挫折，更多的是对我们能力的考验。如何从中吸取教训，才能避免犯同样的错误。#自我反思,0.0,0.0,0.24,0.6,0.1,0.0
今天在思考一个问题：如何在忙碌的生活中找到属于自己的节奏，不被外界干扰。#个人节奏,0.0,0.0,0.31,0.52,0.0,0.12
目标明确，执行力强，才是决定成功的关键。无论你处于哪个阶段，始终保持战略眼光。#执行力,0.0,0.0,0.47,0.54,0.0,0.0
我不轻易对外界变化作出反应，直到我充分分析过后，才会采取最合适的行动。#冷静思考,0.0,0.0,0.33,0.63,0.0,0.0
每次面对选择时，我都会问自己：“这个决策，能否帮助我达成长期目标？”#战略选择,0.0,0.0,0.14,0.6,0.11,0.17
最近开始有意识地将碎片时间变得更有意义，连一分钟都不浪费，事半功倍的感觉真好。#时间管理,0.0,0.0,0.9,0.0,0.0,0.0
