posts,angry,fear,happy,neutral,sad,surprise
刚看完《沉香重华》，我发现现代爱情剧的创作已经没有任何突破。老套的父爱、母爱、恋爱套路，讲这些真的有意思吗？我只看情节深度，其他的……我可不感兴趣。,0.18,0.0,0.06,0.39,0.17,0.14
看《神探大战》时，真觉得那些打斗场面根本没啥深度。演员可以演好，但编剧不给力，真的很难给出好评。,0.3,0.0,0.0,0.2,0.56,0.0
我总觉得有些人忙着炫耀自己有多懂，却从不深度思考过背后的原理。比如那些不断炒CP的剧，真正的创新在哪里呢？,0.2,0.0,0.0,0.4,0.16,0.17
昨天和一个朋友讨论，真正的商业成功不仅仅是卖产品，而是产品的背后能否传递独特的价值观。今天决定自己也要做点有深度的东西。,0.0,0.0,0.38,0.5,0.0,0.11
刚学了个编程技巧，今天的效率提升了不少，感觉自己每天都在提升，才是真正的成就感。,0.0,0.0,0.99,0.0,0.0,0.0
看到一大堆人讨论明星的私生活，真是感到厌烦。对我来说，真正的看点是作品本身，而不是个人八卦。,0.77,0.0,0.0,0.21,0.15,0.0
刚看完某个电视剧，编剧的想象力真是匮乏。每个角色的转折都太随意，根本没有什么深思熟虑的铺垫。,0.2,0.07,0.0,0.2,0.48,0.06
对我来说，爱情不应该只是浪漫，而是需要深度的沟通与思维碰撞。毕竟，两个深度思考的人更能相互理解。,0.0,0.0,0.57,0.48,0.0,0.0
这些游戏里的策略决定胜负，我就喜欢看到那些深入思考并掌握局势的人。感觉像是在做一场复杂的博弈。,0.0,0.0,0.48,0.52,0.0,0.05
随便吐槽下最近的某些综艺节目，节目组为了博眼球拼命制造话题，但内容空洞，缺乏深度。,0.34,0.0,0.0,0.35,0.26,0.06
听到一位朋友说某电影“好看”，我觉得我们根本不是从同一个角度看问题。我关注的是电影的逻辑性和深层含义。,0.06,0.0,0.09,0.65,0.0,0.12
有些人在讨论中总是想让别人认同自己，真正的智者从来不需要别人认同，自己的观点就是最有价值的。,0.14,0.0,0.26,0.56,0.12,0.0
最近在看一些哲学书籍，才发现人生的许多问题，其实都可以用逻辑和推理来解答。,0.0,0.0,0.29,0.52,0.1,0.16
世界上有两种人，一种是追逐表面的荣誉，另一种是追逐内心的成就。显然，我属于后者。,0.0,0.0,0.08,0.65,0.18,0.06
昨晚做了个小实验，尝试在两小时内完成四个复杂任务。结果出奇地高效。也许人类的大脑并不如我们想象的那样有限。,0.0,0.0,0.26,0.39,0.1,0.26
每当我遇到复杂的情绪波动时，我总是先分析自己内心的逻辑，然后才决定如何行动。这是我的习惯，也是我保持冷静的方式。,0.0,0.0,0.51,0.56,0.0,0.05
看完某个电子竞技赛事，依旧是战术最重要。如果选手不能理解整体策略，单靠个人操作再好也无济于事。,0.06,0.0,0.08,0.68,0.19,0.0
有些人说“喜欢某明星”就像是盲目崇拜。但我看重的是他们背后的工作态度与专业能力，而非个人魅力。,0.0,0.0,0.29,0.62,0.0,0.13
最近常在思考，所谓的“成功”不仅仅是结果，更多的是过程中的深思熟虑。每一步都应该经过计算，而非盲目冲动。,0.0,0.0,0.44,0.52,0.0,0.0
决策时我不喜欢感性冲动，更多的是权衡利弊，找到最优解。毕竟人生需要精确计算，而非心血来潮。,0.0,0.0,0.49,0.49,0.0,0.0
不得不承认，很多人所谓的“热情”其实是对某个话题的肤浅兴趣。真正的热爱，是对事物本质的深度理解。,0.0,0.0,0.2,0.62,0.1,0.11
最近参加了一个讨论，大家在一开始的几分钟就陷入了情绪争执，而我早已通过思考清楚了立场。,0.05,0.0,0.0,0.67,0.11,0.13
我不太懂那种“看热闹”的心态。对于我来说，关注的永远是事件的本质，而非热议的外表。,0.1,0.0,0.1,0.57,0.08,0.1
每次看到别人做出的快速决策，我都会想，背后是否真的经过深思熟虑？有时候效率不等于成功。,0.05,0.0,0.08,0.43,0.25,0.22
我喜欢的人生方式是，每一个选择都是经过深思熟虑的，每一步都不留遗憾。,0.0,0.0,0.92,0.14,0.0,0.0
今天见到一个朋友，他依然坚持“情感至上”的原则，我只想说，情感并不是解决所有问题的万能钥匙，逻辑才是。,0.0,0.0,0.5,0.33,0.11,0.13
有人说我太理性了，可我觉得，理性是用来解决问题的，而感性常常让人陷入困境。,0.0,0.0,0.08,0.45,0.42,0.06
如果一个人能静下心来理性分析所有的事情，那么他才是真正的聪明人。,0.0,0.0,0.44,0.68,0.0,0.0
每当我听到那些没有深度的声音，就觉得真是浪费时间。真正的知识和智慧从来不是靠喧嚣得来的。,0.51,0.0,0.07,0.17,0.38,0.0
看完这场比赛，我明白了一个道理：个人英雄主义永远不如团队合作的智慧。,0.0,0.0,0.51,0.5,0.0,0.0
对我来说，人生的核心并不是拥有多少资源，而是如何运用有限的资源创造无限的可能。,0.0,0.0,0.39,0.63,0.0,0.07
昨天看了一部高概念科幻片，思维的碰撞让我思考了很多，真的很久没有看过这么有深度的电影。,0.0,0.0,0.56,0.14,0.17,0.16
在现代社会，思维的深度比情感的表达更能打动人。很多时候，只有用头脑解决问题，才能迎接真正的挑战。,0.0,0.0,0.53,0.55,0.0,0.0
人生就像是一场棋局，最重要的并不是棋子本身，而是如何制定最优的战略，清晰地看到每一步的意义。,0.0,0.0,0.52,0.59,0.0,0.0
为什么很多人都只关注“快餐式”的信息？这只会让他们失去对深度问题的兴趣。,0.22,0.0,0.0,0.65,0.18,0.1
我一直觉得，许多人都在“为情感所困”，而不是“用理性来解答情感”。理性思维的力量才是人生的真谛。,0.0,0.0,0.35,0.51,0.14,0.06
对于我来说，任何一件事都不能仅凭一时的冲动来做决定。每一步都要经过深思熟虑，才能不后悔。,0.0,0.0,0.63,0.3,0.1,0.0
有些人讲述的故事太过情绪化，我只关心事实和背后的逻辑。真正的智慧，往往藏在这些细节中。,0.0,0.0,0.24,0.64,0.17,0.06
真正的挑战并不是外界的压力，而是如何面对自己内心的动摇，如何冷静决策。,0.0,0.0,0.29,0.66,0.0,0.07
看剧不看表面，看的是剧本的深度与人物的复杂性，只有这样才能从中获得真正的启发。,0.0,0.0,0.37,0.74,0.0,0.0
无论做什么事，都要有计划。随心而动，最后只会在毫无意义的重复中浪费时间。,0.14,0.0,0.27,0.39,0.3,0.0
有人说我是“理性冷漠”，但我认为，这只是一种深思熟虑后的冷静，并不是无情。,0.0,0.0,0.22,0.58,0.12,0.0
不管别人如何评价，我始终相信最重要的不是结果，而是过程中逻辑的严谨性。,0.0,0.0,0.58,0.42,0.0,0.0
许多人总是追逐表面上的成功，却忽视了深层次的思考与自我提升，这才是他们永远追不上目标的原因。,0.0,0.0,0.0,0.58,0.4,0.1
对于一些人来说，情感的泛滥就像是病毒，瞬间感染，让他们失去对事物的真正判断力。,0.08,0.14,0.1,0.64,0.25,0.0
看了场比赛，感觉最有趣的是分析选手们背后的策略，而不是他们一时的表现。,0.0,0.0,0.55,0.49,0.0,0.08
我很讨厌看到那些做事没有计划的人。就像是没有航向的船，最后只会随波逐流。,0.58,0.0,0.07,0.15,0.29,0.0
世界上最可怕的并不是失败，而是缺乏深度思考。只有不断反思，才能不断前行。,0.0,0.21,0.25,0.44,0.24,0.0
有些人认为“情感”是解决问题的方式，可是，如果没有理性的支持，情感永远无法产生积极的变化。,0.0,0.0,0.11,0.75,0.26,0.0
我并不看重外界的评价，真正重要的是自己对每一步决策的认知。,0.0,0.0,0.28,0.6,0.0,0.07
