posts,angry,fear,happy,neutral,sad,surprise
自我提升不需要理由，人生的意义在于不断优化自己的缺陷，而不是满足他人的期望。,0.0,0.0,0.59,0.48,0.0,0.0
解决问题的关键在于找到根本原因，而不是表面现象。反思自己的行动，是否真的触及本质。,0.0,0.0,0.17,0.75,0.0,0.0
信息的获取和筛选至关重要，尤其是在这个信息爆炸的时代。大部分人都沉迷于表面，却忽略了深层的逻辑。,0.0,0.0,0.1,0.79,0.05,0.0
成功的标准并非他人的评价，而是自己的进步。如果今天的我，已经比昨天的我更聪明、更强大，那便足够了。,0.0,0.0,0.87,0.18,0.0,0.0
每一次失败，都是自己知识盲区的暴露。学会从失败中获取教训，而不是陷入自怜。,0.0,0.0,0.41,0.48,0.23,0.0
工作中遇到困难时，往往是自己没有抓住核心问题。深入分析问题，而不是被表象迷惑。,0.0,0.0,0.2,0.69,0.07,0.0
每个人的生活都有其独特的轨迹，真正重要的是如何驾驭自己的命运，而非随波逐流。,0.0,0.0,0.47,0.63,0.0,0.0
曾经的坚持，可能变成如今的束缚。学会及时放下，才能腾出手去迎接新的挑战。,0.0,0.0,0.56,0.27,0.25,0.0
学习从来不是为了迎合他人，而是为了让自己在未知的领域中变得更有能力。,0.0,0.0,0.64,0.42,0.0,0.0
人生没有所谓的“捷径”，只有不断的努力和调整。所有的外在成功，都是内在不断自我优化的结果。,0.0,0.0,0.69,0.41,0.0,0.0
不需要虚伪的社交，只需要真正理解自己的人。世界很大，能在其中找到心灵的共鸣，已是难得。,0.0,0.0,0.85,0.1,0.0,0.0
我的世界，理性高于感性。感情的波动不应成为行动的基础，唯有逻辑和思考才值得信赖。,0.0,0.0,0.68,0.36,0.0,0.0
时间管理的核心，不在于安排了多少事情，而在于安排了多少重要的事情。,0.0,0.0,0.12,0.81,0.0,0.0
我不怕孤独，怕的是在别人眼中失去自我。我活得自由，只为自己而活。,0.0,0.12,0.72,0.16,0.05,0.0
绝大多数的错误来源于思维的局限。每当你觉得无路可走时，试着换个角度来看待问题。,0.0,0.0,0.23,0.63,0.17,0.0
自信来自于内在的积累，不是外界的评价。那些看似光鲜的表象，都经不起时间的推敲。,0.0,0.0,0.69,0.36,0.17,0.0
身边的人总喜欢以偏概全，可我更在意的是从每一件事中得到的真正启示。,0.0,0.0,0.29,0.34,0.25,0.12
社交圈的大小，并不决定你的成就。重要的是能否在有限的时间里，做出最大程度的突破。,0.0,0.0,0.29,0.67,0.0,0.08
如果你能清晰地看到自己的目标，任何外界的干扰都无法改变你前进的方向。,0.0,0.0,0.39,0.64,0.0,0.0
在不确定的世界里，唯有自我进步才是唯一值得信赖的常数。,0.0,0.0,0.66,0.27,0.0,0.0
你无法改变的事物，就要学会接受；而你能改变的事物，要勇敢去做。生活就是这样不断地调整与适应。,0.0,0.0,0.87,0.19,0.0,0.0
面对生活的纷繁复杂，我们无法预见一切，但至少可以通过规划，让自己走得更远。,0.0,0.0,0.74,0.35,0.0,0.0
我相信，任何问题都有解决的方案，只要你有足够的耐心和智慧去挖掘。,0.0,0.0,0.59,0.49,0.0,0.0
不要为别人而活，所有的努力，最终还是要回归到自己身上。只有真正的自我才是值得追求的目标。,0.0,0.0,0.77,0.2,0.0,0.0
我不需要太多的外界肯定，自己的成长与进步，就是最好的证明。,0.0,0.0,0.9,0.11,0.0,0.0
每当觉得迷茫时，就站在自己的立场上思考：到底什么才是我真正想要的，而不是别人想要我做的。,0.0,0.0,0.42,0.37,0.23,0.08
成长是痛苦的，但它不可避免。你要么在痛苦中蜕变，要么在舒适中退化。,0.0,0.0,0.37,0.44,0.43,0.0
在这个快节奏的时代，拥有耐心反而成了一种奢侈，但这也是决定成功的关键。,0.0,0.0,0.44,0.52,0.14,0.0
生活没有捷径，只有不断努力和从错误中吸取教训。成功是少数人的必然，而绝大多数人都是在找不到的道路上绕圈。,0.0,0.0,0.29,0.52,0.25,0.0
经历过的每一次挫折，都是自己迈向更高水平的踏脚石。,0.0,0.0,0.79,0.2,0.0,0.0
随着时间的推移，我愈发理解：真实的自我，是在不断试错与自我检视中得到的。,0.0,0.0,0.59,0.39,0.0,0.0
我从不在乎别人的看法，重要的是自己是否满意自己。,0.0,0.0,0.48,0.39,0.07,0.07
习惯了孤独，反而更能看清自己和世界。外界的杂音，只是暂时的，唯有内心的声音永远不会被掩盖。,0.0,0.0,0.62,0.31,0.28,0.0
深入思考比盲目行动要来得重要。很多时候，行动并不代表进步，而是对问题的逃避。,0.0,0.0,0.25,0.68,0.16,0.0
我从不将自己局限于某一条路上，灵活应变才是解决问题的关键。,0.0,0.0,0.44,0.56,0.0,0.0
每一次的自我怀疑，都能让我更加坚信：只有理性与行动，才是解决问题的真正武器。,0.0,0.0,0.56,0.34,0.05,0.0
人生没有绝对的正确选择，只有是否能在有限的时间内，做出最优的决策。,0.0,0.0,0.36,0.51,0.09,0.05
每个决策背后，都有无数的因素在影响。但最终，最重要的还是自己的判断与坚持。,0.0,0.0,0.39,0.61,0.0,0.0
生活的复杂性让我变得更加理性，过于感性只会让我在某些时候偏离真正的目标。,0.08,0.0,0.12,0.48,0.53,0.0
与其沉迷于无谓的情感纠葛，不如将注意力集中在对自己的提升上。,0.0,0.0,0.29,0.74,0.0,0.0
不求一时的辉煌，只愿在时间的磨砺中，成就更加成熟的自我。,0.0,0.0,0.86,0.15,0.0,0.0
人生最可怕的事情，莫过于明知自己在做错的事情，却因为惯性而不愿改变。,0.0,0.38,0.0,0.26,0.45,0.0
自律并不等于压抑，而是对目标的坚守与对自己的承诺。,0.0,0.0,0.63,0.51,0.0,0.0
任何事物都不是静止的，只有不断学习与适应，才能在变化中立足。,0.0,0.0,0.59,0.53,0.0,0.0
不要因为短期的困难而放弃对未来的追求，真正值得的东西，往往需要时间的积淀。,0.0,0.0,0.7,0.33,0.11,0.0
看待问题的角度不同，结果也会天差地别。理性与逻辑是我做出每一个决定的基础。,0.0,0.0,0.29,0.59,0.09,0.0
很多时候，成功不仅仅取决于机遇，还要看你是否能在正确的时间做出正确的决定。,0.0,0.0,0.48,0.6,0.0,0.0
不喜欢的人生过于庸常，宁愿经历一番波折，也要活得有意义。,0.0,0.0,0.71,0.23,0.15,0.0
每当我觉得疲惫时，停下脚步，看看自己走过的路，发现一切都值得。,0.0,0.0,0.91,0.05,0.19,0.0
我的生活由我主宰，不受任何外界干扰。每一天，都在朝着自己设定的目标前进。,0.0,0.0,0.8,0.17,0.0,0.0
