posts,angry,fear,happy,neutral,sad,surprise
处理案件时，发现对方律师的论点几乎完全建立在空白的假设上，这让我想起了那些一开始以为“世界是平的”的人，直到证明他们错了才意识到这才是“真理”。,0.0,0.0,0.0,0.4,0.18,0.2
小娃拿着新学的单词向我炫耀，我居然可以轻松反驳她：“你知道，‘蛋’其实是‘卵’的一种。”有时觉得语言真的很有限，无法准确传达我们心中复杂的思维。,0.06,0.0,0.05,0.14,0.37,0.33
明明已经设定好了周一要加班的计划，结果又被迫临时调整。职场生活真是一场永无止境的变动和预设的冲突，忍不住想，能不能有一天，所有决策都由AI做？,0.56,0.0,0.0,0.0,0.48,0.12
今天写完一份合同，回头看看，发现自己又没能彻底消灭里面的模糊条款。法律行业好像永远都有一部分无法预见的盲点，就像我们无法预知未来的决策一样。,0.1,0.0,0.0,0.33,0.43,0.1
照顾两个娃，最大的成就感并不是让他们自己吃饭，而是终于能理解每一位父母在面临“没时间”的瞬间时，都有着深不见底的潜力。我们就是超级英雄。,0.0,0.0,0.96,0.0,0.0,0.0
昨晚给大娃看数学题，她一脸困惑的样子，我却不知该怎么用简单的语言解释。她的世界与我的世界，完全不同的层次感，真是让我既惊讶又好奇。,0.0,0.28,0.15,0.09,0.0,0.59
每次写brief的时候，我都在想：如果法律是数学，那该多好，明确的公式，固定的步骤。但最终，我们还是不得不面对“人为因素”的复杂性。,0.06,0.0,0.08,0.43,0.35,0.06
发现自己最近愈发厌恶无意义的社交，尤其是那些“见面寒暄，话题空洞”的场合。真正有价值的交流应该是理性与深度并存的，而非表面化的敷衍。,0.23,0.0,0.12,0.43,0.29,0.0
假期时，一家人去迪士尼玩，我开始反思，这种商业化的“快乐”是否真的能提供深层的满足感，还是我们已经习惯了这种表面的繁华？,0.12,0.0,0.09,0.27,0.48,0.2
最近常常思考，怎样才能从工作和家庭之间找到最优平衡点。每次都感觉自己像是在解一个复杂的数学题，永远找不到完美的解法。,0.07,0.0,0.0,0.31,0.65,0.08
今天讨论了一个项目合作的问题，发现对方的所有建议都充满了假设和理想化的推测。难道他们真的以为我们能一直在“假设的世界”里运作吗？,0.21,0.0,0.0,0.3,0.06,0.39
有些人说生活应该更多地享受感官刺激，我却觉得，深度思考和独立解决问题才是生活的真谛。无聊的派对和浅薄的对话永远不会让我满足。,0.0,0.0,0.4,0.24,0.41,0.0
想买个新的办公桌，想着要高效利用空间，结果研究了几小时，最后还是决定自己设计。过度简化的设计往往无法满足我追求完美的需求。,0.0,0.0,0.0,0.39,0.48,0.17
最近与同事讨论项目时，我明显意识到我们思维上的差异：他们关心的是执行，我关心的是为什么要执行，这种根本的不同让人感到有趣又挑战。,0.07,0.0,0.5,0.4,0.0,0.07
看到新闻里某些人动不动就“开启自我疗愈”，我却不禁想，能否更高效一点，用逻辑分析解决问题，而不是一味依赖感性的方法？,0.2,0.0,0.2,0.47,0.17,0.08
今天参加一个工作坊，发现自己依旧无法融入。对我来说，知识的获取是系统性的，而“随意”就能获得的信息，往往让我感到困扰。,0.0,0.08,0.0,0.37,0.54,0.11
最近家里的冰箱坏了，维修师傅说了几句模糊的技术话，我瞬间开始想：他是不是故意说的？“解释不清楚的东西”常常让我产生怀疑和警惕。,0.22,0.23,0.0,0.23,0.08,0.17
去超市买东西，看到满货架的商品，竟然开始深思：这些商品的生产过程是否真如广告所说那样高效、环保？我们的消费社会常常忽略了这些背后的真相。,0.11,0.0,0.0,0.35,0.06,0.49
刚刚做完一个研究，发现法庭的判决永远无法完全“标准化”，每个案例的特殊性就像是数学中的无理数，总是无法穷尽。,0.08,0.0,0.0,0.6,0.15,0.07
昨晚加班到深夜，突然意识到，生活的繁琐和日常的重复工作是不可避免的，只能在不断的挑战中找到自己的节奏。,0.0,0.0,0.37,0.18,0.41,0.0
看了一篇文章，讨论如何通过高效的时间管理提高工作效率，我觉得，最大的挑战并不是时间管理，而是能否找到真正有价值的任务。,0.0,0.0,0.1,0.71,0.0,0.0
看着一些人花时间和精力做无意义的“社交”，我不禁想：如果能把这些时间用来深度学习或解决问题，岂不是更加有价值？,0.21,0.0,0.29,0.31,0.15,0.15
和家人一起去爬山，虽然最后筋疲力尽，但深刻意识到：偶尔的放松和体力消耗，能让头脑更加清晰，面对工作和生活的挑战更有力量。,0.0,0.0,0.86,0.13,0.07,0.0
每次参加公司会议，听到大家对“创新”的讨论，我总是忍不住想，真正的创新应该是从深刻的思考和系统的研究中诞生，而非“趋势”的追随。,0.06,0.0,0.24,0.63,0.0,0.07
面对孩子的好奇心，我突然意识到，成年人丧失的好奇心，真的是不可逆的。思考的深度是否和我们是否保持好奇心密切相关呢？,0.0,0.0,0.11,0.51,0.18,0.13
在法庭上，一些案件的辩论让我想到，社会总是通过不断的“试错”和“纠错”来进化，哪怕有时这种进化过程充满了不确定性和风险。,0.0,0.0,0.23,0.65,0.0,0.0
最近发现，越来越多的人喜欢通过“情感的宣泄”来处理问题，而我却倾向于通过冷静的分析来找到解决方案。或许，这就是INTJ的思维方式吧。,0.0,0.0,0.25,0.56,0.0,0.16
看到同事每天都在抱怨工作，我却更加坚定地认为：只有通过系统的努力和思考，才能真正改变现状，而不是停留在抱怨中。,0.06,0.0,0.61,0.27,0.09,0.0
大娃的每次考试成绩都会引发我对教育的思考：教育是否过于注重成绩，而忽略了培养孩子的深度思维？这或许是目前教育体系的最大问题。,0.08,0.0,0.0,0.67,0.14,0.15
看到很多人都在谈论“未来的科技”，我却不禁开始思考：科技的真正进步，是否会使我们更有时间去思考那些更深层次的问题？,0.07,0.0,0.09,0.52,0.1,0.21
最近经常反思自己在工作中是否过于追求效率，有时候“速度”真的能带来更好的结果吗？看似高效，实际上可能忽略了过程中的重要细节。,0.08,0.0,0.0,0.4,0.33,0.21
买房这件事总是让我感到复杂而充满挑战。每一份合约的条款，每一个隐含的风险，都需要我从各个角度去思考，直到找到最合适的决策。,0.0,0.07,0.13,0.58,0.08,0.0
在法庭上听到对方律师的论点，我总是在想：为什么这么多人喜欢以“情感”的方式辩论？如果我们能更多地通过事实和理性来决策，世界会更高效。,0.16,0.0,0.21,0.46,0.07,0.16
每次看孩子写字，我都感叹，教育真的应该从最基础的思维方式开始培养，而非单纯的知识积累。孩子的未来，需要从思维的深度开始塑造。,0.0,0.0,0.45,0.46,0.06,0.09
最近公司组织的团队建设活动让我深刻意识到，真正有价值的团队合作，不是表面的“和谐”与“友好”，而是在深度挑战与思维碰撞中迸发。,0.0,0.0,0.52,0.49,0.0,0.0
每次看到职场上有人为了一点小利益争吵，我都会感到极度厌烦。时间本该用来解决问题，而不是消耗在无谓的争论中。,0.45,0.0,0.1,0.23,0.35,0.0
孩子的学习成绩固然重要，但我更关心的是他们是否具备独立思考的能力。这个世界充满了不确定性，思考能力才是最宝贵的财富。,0.0,0.0,0.54,0.46,0.0,0.0
最近在阅读一份复杂的法律文件时，脑海中充满了无数的逻辑推理和可能性。INTJ的思维总是如此：从无数的假设中寻找最精确的结论。,0.0,0.0,0.32,0.6,0.0,0.0
想起去年做的一份项目评估报告，才发现，很多成功的项目背后，都有着无数次的失败和试错。成功不应仅仅看表面，而应理解背后的深层次原因。,0.0,0.0,0.26,0.52,0.16,0.11
看到有些公司为员工举办“非正式”的聚会，我不禁想：与其浪费时间社交，不如专注于提高个人和团队的真正工作效率。,0.23,0.0,0.09,0.52,0.18,0.14
看着身边的人都在为“短期的愉悦”而忙碌，我却越来越坚定自己的想法：深度思考和长期目标才是人生的真正价值所在。,0.0,0.0,0.68,0.15,0.08,0.12
每次面对复杂的案件和无数的数据，我都能保持冷静的思维，因为我知道，只有通过深入的分析，才能揭示真相，找到最优解。,0.0,0.0,0.56,0.47,0.0,0.0
最近在处理一个法律案件，发现很多问题的背后都是情绪化的决策。我不禁想，或许我们应该更多地用理性来替代情绪，让决策更加清晰。,0.12,0.0,0.1,0.56,0.2,0.09
面对职场上的各种挑战，我发现自己越来越倾向于“深入钻研”，而不是“轻松应对”。INTJ的特质是：追求卓越，不妥协。,0.0,0.0,0.6,0.42,0.0,0.0
看着别人在社交媒体上分享他们的假期，我却不禁想：这些外部的展示，真的能够带来内心的满足感吗？真正的满足，应该来自内心的平静。,0.08,0.0,0.31,0.36,0.15,0.23
昨晚参加了一场技术研讨会，虽然大家讨论得热火朝天，但我却感到深深的疲惫。或许，“热闹”并不等于“有价值”，深入的探讨才是值得追求的目标。,0.0,0.0,0.22,0.39,0.34,0.0
最近在研究一个项目，发现很多人总是依赖直觉和经验，但在我看来，成功的决策背后，必须有充足的事实和数据支撑，而不仅仅是盲目的决策。,0.0,0.0,0.3,0.7,0.0,0.0
每次跟同事讨论时，我都会觉得自己比大部分人更能从系统性和战略性角度来分析问题。也许这就是INTJ的优势所在。,0.0,0.0,0.48,0.55,0.0,0.05
看到一些“创新”的产品，我反而开始怀疑：这种“创新”是否真的解决了核心问题，还是只是在表面上做了些改动？真正的创新，应该是对根本问题的改变。,0.1,0.08,0.0,0.61,0.0,0.21
在这个充满噪音的世界里，我越来越感到“宁静”的重要性。真正的思考和深度的创造力，往往都源自于那片属于自己的安静空间。,0.0,0.0,0.61,0.39,0.05,0.0
