posts,angry,fear,happy,neutral,sad,surprise
生活中的每一个选择，都是对未来的投资。我们不应只看眼前的安逸，而应注重长期目标的实现。通过理性规划，才能真正走向成功。#自我提升# #未来导向#,0.0,0.0,0.58,0.46,0.0,0.0
无论如何，目标明确才不会迷失。那些真正走得远的人，从不轻易改变自己设定的轨迹。他们懂得思考和调整，而不是随波逐流。#目标明确# #成功之道#,0.0,0.0,0.7,0.33,0.0,0.0
在复杂的世界里，最有效的策略往往是简化。减轻无意义的负担，专注于真正重要的事。#效率主义# #理性思维#,0.05,0.06,0.42,0.71,0.0,0.0
思考是一种力量，掌握思考的技巧，才能摆脱命运的束缚。你会发现，越是深刻的自我认知，越能实现不一样的突破。#深刻思考# #自我反省#,0.0,0.0,0.66,0.38,0.09,0.0
有些人可以一眼看穿他人的动机，但很少有人能真正看清自己的内心。当你洞察自己，才是真正的智慧。#自我觉察# #内心洞察#,0.0,0.06,0.47,0.54,0.0,0.06
成功是系统的结果，而非偶然的收获。每一分努力，都是为自己的未来铺路。#成功法则# #努力与回报#,0.0,0.0,0.75,0.34,0.0,0.0
对于我来说，选择一种适合自己的生活方式，比迎合他人的期待更为重要。做自己真正想做的事，是最值得追求的目标。#独立思考# #真实生活#,0.0,0.0,0.72,0.26,0.0,0.0
你能走多远，取决于你能够承受多少压力。真正的强者，往往不是从未经历过失败，而是能够在失败中找到力量。#坚持# #自我提升#,0.0,0.0,0.8,0.3,0.0,0.0
人生中的重要决策，往往来自于你对未来的深刻预判。真正的成功者，不是只活在当下，而是放眼未来，掌握命运。#未来导向# #战略思维#,0.0,0.0,0.5,0.61,0.0,0.0
其实，生活的复杂性并没有想象中那么难。把每一个小的选择做对，积累起来，最终成就不凡。#细节决定成败# #理性分析#,0.0,0.0,0.52,0.56,0.0,0.0
人生最重要的智慧，就是知道何时做出选择，何时耐心等待。懂得节奏，才能走得更远。#智慧# #节奏掌控#,0.0,0.0,0.8,0.34,0.06,0.0
真正的自信，不是外在的表现，而是内心深处的坚定。知道自己想要什么，哪怕面对未知的挑战，也依然不惧。#自信# #内心强大#,0.0,0.1,0.94,0.12,0.0,0.0
发现自己真正的潜力，是最为珍贵的财富。通过深入分析自己的人生轨迹，我们可以逐渐逼近理想的生活。#潜力发掘# #理性分析#,0.0,0.07,0.49,0.59,0.0,0.0
生活不必追求完美，追求的是方向与行动的契合。目标定得清晰，执行力才会真正到位。#行动力# #清晰目标#,0.0,0.0,0.68,0.34,0.0,0.0
复杂的生活背后，往往隐藏着简单的真理。对于我来说，最重要的是掌握如何做出最有效的决策。#决策力# #深度思考#,0.0,0.0,0.4,0.59,0.06,0.0
向内探索比向外寻求更重要。只有了解自己的真实需求，才能真正实现自我价值。#自我探索# #内在力量#,0.0,0.0,0.56,0.47,0.0,0.0
高效的人生，离不开高效的时间管理。每一刻都是未来成功的积累。#时间管理# #高效生活#,0.0,0.0,0.72,0.38,0.0,0.0
感情的深度，往往不是由表面的一时冲动决定，而是两个人能否在彼此的价值观和人生方向上达成共识。#深度关系# #理性分析#,0.0,0.0,0.23,0.82,0.07,0.0
每一份努力，都在为你未来的生活奠定基础。成功不是运气，而是背后持续的努力和思考。#努力与智慧# #人生规划#,0.0,0.0,0.79,0.28,0.0,0.0
人生最重要的能力，是学会选择。放下不必要的东西，专注于真正有价值的目标，才能取得突破。#专注# #战略选择#,0.0,0.06,0.59,0.45,0.0,0.0
真正的自我认知，能让我们超越短期的诱惑，专注于长远的目标。在冷静分析中，做出理智决策。#冷静思考# #自我认知#,0.0,0.0,0.53,0.52,0.0,0.0
高效的魔法并不在于形式，而是在于我们对细节的把控与执行力。每一条路径都值得精心铺设。#魔法与实际# #细节决定#,0.0,0.0,0.44,0.64,0.0,0.0
人际关系的深度，与其表面的交往不如内心的契合。当你能真正理解他人的需求，才能建立长久的关系。#深度关系# #理解他人#,0.0,0.0,0.38,0.73,0.08,0.0
读懂他人是能力，读懂自己才是真正的智慧。只有掌握内心的需求，才能找到真正的方向。#内心智慧# #读懂自己#,0.0,0.0,0.68,0.4,0.08,0.0
每一次小小的突破，都是通向未来的一个新的起点。坚持追求自己的目标，未来的路会越来越清晰。#突破与成长# #未来可期#,0.0,0.0,0.88,0.11,0.0,0.0
过去的成败并不能决定未来的方向，关键在于是否从中汲取了智慧。#反思与成长# #未来规划#,0.0,0.0,0.46,0.51,0.11,0.0
我的世界里，逻辑思维是最基本的语言。每一项决策，都是通过深思熟虑得出的。#理性思维# #深度思考#,0.0,0.0,0.33,0.72,0.0,0.0
如果你总是用常规的方式思考，你永远只能得出常规的结果。突破思维的边界，才能看到不一样的未来。#创新思维# #突破常规#,0.0,0.0,0.46,0.58,0.0,0.0
真正的成功不是一个瞬间的高光，而是无数次坚持后的积累。#坚持与积累# #成功之路#,0.0,0.0,0.77,0.31,0.05,0.0
在复杂的世界中，最有效的策略往往是专注于少数几个核心问题。#战略性思维# #问题聚焦#,0.0,0.1,0.11,0.9,0.0,0.0
高效的工作习惯，是每个成功者的必备。每一件事都要追求效率，浪费时间是对未来的最大浪费。#高效工作# #时间管理#,0.07,0.08,0.36,0.62,0.0,0.0
不要轻易听信他人的看法，真正重要的是你自己的判断力和执行力。#自我判断# #执行力#,0.0,0.0,0.43,0.59,0.0,0.0
一个强者的心智，永远是在面对挑战时保持冷静和理性。#心智力量# #冷静思考#,0.0,0.0,0.61,0.5,0.0,0.0
对我来说，成长从不意味着停滞。无论何时何地，我都在不断寻求突破自我的机会。#持续成长# #突破极限#,0.0,0.06,0.8,0.15,0.0,0.08
成功源于智慧与决策，当然，也与机遇息息相关。每一个决策，都要经过深思熟虑。#决策智慧# #成功与机遇#,0.0,0.0,0.49,0.61,0.0,0.0
真正的财富，不是拥有多少物质，而是有多少能改变命运的智慧。#财富观# #智慧财富#,0.0,0.0,0.55,0.55,0.11,0.0
一个人的内心强大，才是他最不可侵犯的资本。#内心强大# #自我掌控#,0.0,0.0,0.57,0.48,0.0,0.0
思考问题时，保持系统性与宏观视角，这才是解决复杂问题的根本所在。#系统思维# #宏观视角#,0.0,0.0,0.2,0.83,0.0,0.0
对于未来的规划，我从不依赖运气，而是靠着自己的智慧和努力。#未来规划# #智慧与努力#,0.0,0.0,0.8,0.25,0.0,0.0
成长的痛苦，是对未来的投资。每一次的挑战，都会让我们离目标更近一步。#成长痛苦# #未来投资#,0.0,0.1,0.41,0.29,0.34,0.0
在复杂的人际关系中，最重要的不是表面上的和谐，而是内心的相互理解。#人际关系# #深度理解#,0.0,0.0,0.24,0.83,0.06,0.0
独立思考，不被表象迷惑，才是一个明智之人的基本特质。#独立思考# #理性分析#,0.0,0.0,0.42,0.64,0.0,0.0
人生短暂，决定了我们不应浪费任何一刻在不重要的事情上。#人生哲理# #时间管理#,0.0,0.0,0.47,0.59,0.16,0.0
大部分问题，并非复杂，而是你是否看清了本质。真正的智慧在于解决问题的简化方式。#问题简化# #智慧解决#,0.0,0.0,0.4,0.66,0.0,0.07
我不相信所谓的“运气”，我相信的是系统的努力与理性规划。#运气# #理性规划#,0.06,0.06,0.46,0.37,0.0,0.08
用一种全新的眼光去审视这个世界，你会发现许多未曾注意的机会。#全新视角# #机会洞察#,0.07,0.11,0.44,0.53,0.0,0.08
用理性驾驭情感，用智慧掌控未来。#理性与情感# #智慧掌控#,0.09,0.0,0.63,0.46,0.0,0.0
你并不是世界的中心，但通过深刻的自我分析，你能够更好地找到自己在其中的位置。#自我分析# #找到定位#,0.0,0.0,0.35,0.7,0.06,0.0
选择的能力，决定了你能走多远。学会选择，学会放弃，才能更专注于真正重要的事。#选择能力# #人生策略#,0.0,0.06,0.49,0.53,0.13,0.0
成功的人，并不是没有烦恼，而是能够用正确的方式去面对问题。#成功思维# #问题解决#,0.0,0.0,0.6,0.43,0.0,0.0
