posts,angry,fear,happy,neutral,sad,surprise
当信息过载时，选择性忽略是最好的应对方式。每个人的认知极限都有不同，试图了解一切只会让我陷入焦虑。,0.07,0.12,0.08,0.57,0.31,0.0
计划永远没有变化快，但至少我能控制好方向。即使前路崎岖，总比迷失在漠然的生活中强。,0.0,0.05,0.94,0.05,0.0,0.0
在这个信息爆炸的时代，最重要的不是学习更多，而是学会筛选出有价值的部分。,0.0,0.0,0.34,0.68,0.0,0.0
有时候，你以为的“挑战”，其实不过是自己的认知局限。突破它，世界就变得更大。,0.0,0.0,0.48,0.38,0.16,0.06
每当人群喧嚣，我都深感孤独。不是因为寂寞，而是他们的思维方式我无法认同。,0.12,0.07,0.0,0.24,0.79,0.0
我的思维从不满足于表面，总是想深入探究事物背后的原理和动机，没办法，天生如此。,0.11,0.0,0.11,0.26,0.43,0.11
看别人陷入无尽的情感漩涡，我只想提醒自己：理性才是掌控生活的唯一途径。,0.05,0.0,0.35,0.27,0.24,0.0
反思和自省是我唯一真正信赖的方向。其他的一切都只是浮云。,0.0,0.0,0.75,0.22,0.0,0.0
最喜欢和那些逻辑清晰且独立思考的人交流，轻松且高效。,0.0,0.0,0.79,0.22,0.0,0.0
很多人总在追求一种“完美”生活，而我只是追求一种符合我理性需求的平衡。,0.0,0.0,0.26,0.49,0.14,0.13
好奇心在不断驱使我探索未知，但我从不轻易投入，只有当事实足够可靠时，才会深入。,0.0,0.0,0.63,0.39,0.0,0.0
每一次的决策都在权衡成本与回报，感觉自己有时候像个冷血的计算器。,0.36,0.07,0.0,0.21,0.46,0.0
人生不需要太多干扰，追求的是心灵的平静与内在的安定。,0.0,0.0,0.66,0.42,0.0,0.0
你可以不懂，但我不会耐心解释，因为不是所有人都值得我浪费时间。,0.22,0.0,0.2,0.26,0.52,0.0
有些人不喜欢挑战常规，而我，偏偏喜欢从不同角度去分析问题，打破规则。,0.0,0.0,0.27,0.45,0.19,0.09
思考的过程往往比行动更有价值。许多问题的答案在思考中已经找到，只是行动还未实施。,0.0,0.0,0.3,0.66,0.12,0.0
别把人生想得太复杂，简化就是力量。越是追求深度，越发现表面即已是最好的答案。,0.0,0.0,0.64,0.39,0.07,0.0
明知自己不适合某个环境，却依然选择坚持，因为无论如何，适应是人类的本能。,0.0,0.0,0.62,0.32,0.13,0.0
忙碌并不意味着高效，真正的效率在于目标的明确与执行的精确。,0.0,0.0,0.32,0.73,0.0,0.0
对于所谓的“社交”需求，我从来没有过多的渴望。人与人之间的关系，可以简单，可以深刻。,0.0,0.0,0.46,0.42,0.06,0.0
从来不相信命运的安排，只信自己能把握的每一分每一秒。,0.0,0.0,0.61,0.18,0.16,0.0
深夜沉思时，往往能得到比白日更清晰的答案。或许夜深人静，才是最适合思考的时刻。,0.0,0.0,0.53,0.38,0.1,0.0
每次看到别人用情感来支配理性，我都忍不住想：你错失了控制自己命运的机会。,0.26,0.0,0.0,0.14,0.55,0.05
高效的学习，源自于深度的思考，不在于接受多少信息，而是能从中筛选出多少有价值的内容。,0.0,0.0,0.3,0.77,0.0,0.0
和我谈理想并不需要大话，只要具体的行动和可以验证的成果。,0.07,0.0,0.44,0.52,0.0,0.0
理性是武器，逻辑是工具。只有两者结合，才能走得更远。,0.0,0.0,0.48,0.67,0.0,0.0
社交网络充斥着碎片化的内容，但我偏好那些需要时间与耐心去理解的深度文章。,0.0,0.0,0.17,0.71,0.1,0.0
与其随波逐流，不如在流沙中找到自我。真正的自由，是在自己的原则下行动。,0.0,0.0,0.55,0.5,0.0,0.0
看着很多人对“快餐式”思维的推崇，我只想提醒自己：深思熟虑的结果才值得自豪。,0.0,0.0,0.64,0.2,0.0,0.0
人生的本质是不断在错误中成长，但若没有自省的能力，错误只会重复。,0.0,0.0,0.35,0.46,0.36,0.0
很多人为了迎合他人，不惜抛弃自己，然而我早已明白：真正的强大在于独立。,0.0,0.0,0.57,0.23,0.18,0.06
社交的本质就是资源交换，我并不排斥，只是总觉得时间更应投入在真正有价值的事上。,0.0,0.0,0.48,0.5,0.0,0.0
从不跟随大众潮流，任何趋势都无法决定我的行动方向。我的选择，基于我的分析。,0.0,0.0,0.4,0.5,0.0,0.09
真正的“智慧”不是能说多少话，而是能沉默时不被无关紧要的言辞所干扰。,0.0,0.0,0.61,0.53,0.0,0.0
在人际关系中，我从来不求数量，只求质量。选择合适的群体，能让我更好地实现自我。,0.0,0.0,0.69,0.28,0.0,0.0
总有人试图操控他人的选择，而我更倾向于让每个人在自己的道路上自由探索。,0.06,0.0,0.22,0.53,0.11,0.08
在复杂的社会环境中，我更喜欢把注意力集中在自己能控制的事情上，才能少些干扰。,0.0,0.0,0.33,0.63,0.0,0.0
感性决策不适合我，分析与数据才是推动我前进的力量。,0.0,0.0,0.3,0.5,0.17,0.0
每当看着别人热衷于无意义的争论，我总想：浪费时间，错过了有价值的东西。,0.31,0.0,0.0,0.1,0.58,0.0
很多人说人生需要勇气，但我认为，更重要的是理性和坚持自己的立场。,0.0,0.0,0.58,0.47,0.0,0.0
想要改变世界，首先要改变自己。只有不断进化，才有资格去影响周围的一切。,0.0,0.0,0.7,0.37,0.0,0.0
不怕未知，只怕不够聪明。知识和经验是我应对挑战的武器。,0.0,0.18,0.75,0.17,0.0,0.0
现实总是让我意识到，有些人即使有再多的机会，也永远无法抓住属于他们的机会。,0.0,0.0,0.08,0.27,0.77,0.0
时刻警惕那些看似美好、但根本无法带来实际效益的选择。浪费时间是一种罪过。,0.33,0.06,0.09,0.46,0.12,0.0
做事一定要有系统的思维和清晰的结构，任何迷失方向的尝试，都只会浪费精力。,0.11,0.0,0.19,0.47,0.22,0.0
不怕被误解，只怕自己从不去思考。反思是最有效的成长途径。,0.0,0.07,0.63,0.3,0.06,0.0
生活中的每一个细节，都值得我们深究。只有不断反思，才能不断进步。,0.0,0.0,0.66,0.4,0.0,0.0
和聪明的人聊天，永远是最高效的交流，能激发出更多值得深思的观点。,0.07,0.0,0.67,0.37,0.0,0.0
我不喜欢追逐“流行”，我更喜欢找到真正对我有用的东西，赋予它新的意义。,0.0,0.0,0.69,0.32,0.0,0.0
无论外界如何变化，我始终坚持自己的原则。这样才能找到真正属于自己的道路。,0.0,0.0,0.7,0.3,0.0,0.0
