posts,angry,fear,happy,neutral,sad,surprise
最近阅读了关于量子力学的书籍。宇宙的奥秘原来如此令人着迷。人类的认知极限究竟在哪里？或许我们永远都无法突破那道屏障，成为真正的“全知者”。,0.0,0.0,0.24,0.43,0.08,0.29
人类一生的意义究竟是什么？如果意识是宇宙的产物，那我们与外界的关系是否也只是一种幻觉？当我静下心来，思考这些问题，突然意识到生命的每一刻都在寻找答案。,0.0,0.0,0.18,0.46,0.1,0.27
今天看了台剧《不够善良的我们》，颠覆了我对偶像剧的认知。那些哲学探讨、宇宙与死亡的深刻讨论，让我思考了好久。或许，生活本身就是一场哲学课。,0.0,0.0,0.19,0.38,0.36,0.09
时间对我来说，总是流逝得飞快。又是一年春天，这次的春风似乎带来了些许不安定感。总觉得有些事情正在发生，但它们从未真正清晰出现。,0.05,0.0,0.15,0.23,0.59,0.0
每次面对复杂的事物，我都会习惯性地抽离情感，理性分析。是的，或许这就是INTJ的标签——冷静、理智，但背后是对世界深深的好奇。,0.0,0.0,0.74,0.24,0.0,0.09
今天看到一篇文章，讲述了科技进步与人类心理的关系。科技虽能推动社会前进，却可能加速人类内心的空虚感。多么讽刺！,0.51,0.06,0.0,0.05,0.18,0.15
这个周末的纽约格外安静。城市的喧嚣稍有收敛，突然意识到，安静才是最接近思考的状态。而我，似乎已经习惯了这种独处的时光。,0.12,0.0,0.36,0.35,0.29,0.09
作为INTJ，我常常思考人的存在价值。与其追求外在的认同，不如深刻地理解自我。也许，生活的最终答案，就是探索未知的过程。,0.0,0.0,0.48,0.5,0.0,0.08
如果说科技是未来的钥匙，那人类的智慧便是解锁它的密码。然而，我们是否真的准备好面对即将到来的变革？深感自己仍然不够成熟，思维依旧局限。,0.0,0.05,0.07,0.42,0.43,0.0
今天走在街头，看到人们忙碌的身影，突然想到，许多人都在为外界的认同而努力。然而，真正的价值，或许是在不被理解的孤独中成长。,0.0,0.0,0.28,0.21,0.43,0.09
细想一下，很多人都把时间浪费在无关紧要的事物上。对我而言，每一刻都该是有意义的。思考，行动，再思考，这是我对时间的定义。,0.0,0.0,0.59,0.3,0.0,0.09
最近一直在看关于人工智能的讨论。作为INTJ，我对这类话题充满兴趣。我们是否准备好迎接人工智能带来的社会变革？或者说，我们根本没有足够的时间思考后果。,0.09,0.07,0.07,0.65,0.0,0.1
每当我在思考一个复杂问题时，总是习惯性地抽离自己，保持理性。情感常常会让我们陷入混乱，唯有冷静分析，才能看到事情的本质。,0.0,0.0,0.26,0.53,0.22,0.0
有时候我觉得，理解世界的方式可能并不完全依赖于逻辑。直觉、经验，甚至情感，都在潜移默化地塑造我们的认知。,0.0,0.0,0.24,0.69,0.09,0.0
最近看了一部纪录片，讲述了科学家如何突破常规思维，提出创新理论。那种冷静的理性与非凡的想象力结合，给了我无尽的启发。,0.0,0.0,0.63,0.36,0.0,0.0
看完《黑客帝国》，我再度思考了虚拟与现实的界限。我们究竟生活在怎样的世界里？如果一切都是幻象，那我们又该如何找到自己的存在价值？,0.0,0.0,0.13,0.57,0.14,0.2
身为INTJ，理性有时会让人感到孤独。当我需要理解复杂的概念或困惑时，我往往不依赖他人，而是选择独自思考。这样一来，或许可以少一些干扰。,0.0,0.0,0.39,0.54,0.19,0.0
今天的纽约又是晴空万里。这样的日子，适合静静地在窗前发呆，或者看一部冷门的纪录片，探索人类未解的谜题。,0.06,0.0,0.43,0.48,0.16,0.07
每次面对陌生的环境或人物，我都习惯先从外表剖析对方的逻辑。人类的行为似乎总是充满了矛盾，但一旦揭开表象，背后似乎总有某种理性支撑。,0.0,0.0,0.35,0.62,0.08,0.0
我常常思考，社会是否真的给了我们足够的自由去追求自己的目标？还是我们一直在为“系统”所设计的框架中打转？这一点，我至今未找到明确的答案。,0.0,0.0,0.0,0.48,0.19,0.23
从小到大，我一直对如何思考问题充满兴趣。不是盲目接受已有的答案，而是尝试从多个角度推理、分析，寻找最符合逻辑的解决方法。,0.06,0.0,0.38,0.57,0.0,0.0
时常自问，真正重要的是什么？若答案不在短期内显现，是否依然值得坚持？这也是INTJ的思维方式——深思熟虑，追求真正的目标，而非一时的繁华。,0.0,0.0,0.55,0.47,0.05,0.1
生活中最困扰我的问题，往往是如何平衡理性与感性。作为INTJ，我常常需要在两者之间找到微妙的平衡点，避免过度理智带来的冷漠感。,0.0,0.0,0.19,0.64,0.24,0.05
如果我告诉你，未来的科技可以让我们超越现在的认知，你会怎么想？在我看来，科技的发展不仅仅是改变外部世界，更是在挑战我们内部的思维模式。,0.11,0.0,0.13,0.64,0.0,0.1
作为INTJ，我习惯了独自面对问题。或许是因为我始终认为，最好的答案往往源自于对自我深刻的理解，而非依赖他人的看法。,0.0,0.0,0.32,0.61,0.12,0.0
今天思考了很久，是否所有的决策都应该基于理性？很多时候，情感也是一种强大的力量。可惜，我始终认为，情感会让人迷失。,0.0,0.0,0.12,0.2,0.66,0.0
在所有的思维模式中，最吸引我的，还是辩证法。世界的复杂性无法用简单的二元对立来解释，理解每个细节，才是深入洞察的关键。,0.0,0.0,0.41,0.61,0.0,0.08
每次整理思绪时，我都习惯将自己的思想画成一个完整的框架。将它们一一排列，形成清晰的结构。这样一来，复杂的问题也能迎刃而解。,0.0,0.0,0.43,0.67,0.0,0.0
看完一本书，我总是无法停下思考。那种与作者的思想碰撞的感觉，像是与一个陌生的灵魂对话。每一篇文章，都似乎在对我的思维构成挑战。,0.07,0.12,0.1,0.44,0.25,0.0
最近的思维过程就像是在解一个巨大的谜题。我思考了很多关于存在的课题，然而答案似乎永远无法揭晓。这种探索的乐趣，才是最值得追求的。,0.0,0.0,0.68,0.26,0.0,0.0
生活中最让我不安的，莫过于无法预见的未来。每个人都在追逐某个目标，却不清楚这条路究竟通向何方。唯一能做的，就是不断调整自己的方向。,0.0,0.07,0.08,0.27,0.57,0.0
今天读到一句话：“世界上的一切，都只是一场表演。”这让我深深思索：或许我们一生都在扮演着某个角色，而真正的自己早已遗失。,0.0,0.0,0.0,0.34,0.6,0.09
在人际交往中，我始终保持一种距离感。并非不喜欢与人接触，而是始终认为，真正的自我不应受到他人情绪的干扰。理性，总是最好的选择。,0.0,0.0,0.67,0.33,0.0,0.0
看完电影《盗梦空间》，我再度思考了梦境与现实的关系。究竟什么才是真实？也许，所有的感知只是我们心灵中的一场梦。,0.0,0.0,0.12,0.56,0.23,0.18
最近的生活似乎开始有些枯燥。对我来说，挑战和探索永远是最重要的动力。没有了前进的目标，生活就成了空洞的重复。,0.08,0.0,0.13,0.3,0.53,0.0
每次独处时，我总能找到心灵的平静。或许，这就是INTJ独特的内在世界：当外界的喧嚣消失，真正的自己才得以显现。,0.0,0.0,0.71,0.3,0.0,0.0
看着科技的飞速发展，内心却充满了疑虑。科技是否会改变我们的社会结构？或许，它会在某个时刻重塑我们对于“人”的定义。,0.0,0.12,0.0,0.51,0.22,0.2
最近在思考一个问题：人类的情感是否仅仅是大脑的化学反应？如果是这样，那我们所感知的“爱”和“恨”是否仅仅是大脑的错觉？,0.0,0.0,0.0,0.6,0.13,0.16
从小到大，我都偏爱独立思考。与其让别人告诉我什么是对的，倒不如自己去寻找那些隐藏在表象背后的真理。,0.0,0.0,0.45,0.38,0.18,0.0
看完《星际穿越》，我对时间和空间的感知发生了改变。我们一直认为时间是线性的，但或许它不过是一个人类自创的概念。,0.0,0.0,0.11,0.82,0.08,0.05
智慧的最高境界，是能在复杂中找到简单的规律。那些混乱的信息，经过思考与归纳，最终能够被我们理解并加以利用。,0.0,0.0,0.47,0.71,0.0,0.0
我不喜欢做随波逐流的事情。总觉得，世界上最重要的事情，是如何超越他人的看法，找到自己的独立见解。,0.0,0.0,0.39,0.42,0.13,0.0
每次面对复杂的挑战，我都会倾向于深入剖析。这种思维方式，或许正是INTJ最显著的特征：冷静、理性、深入。,0.0,0.0,0.35,0.76,0.0,0.0
最近在想，如果我们都能跳出自己固有的认知框架，是否能看到更多未曾察觉的真相？或许，真正的智慧，来自于对未知的探索。,0.0,0.0,0.43,0.38,0.08,0.15
生命的意义，或许不在于追求某个终极目标，而在于不断向前推进，探索那些永远无法完全理解的谜题。,0.0,0.0,0.51,0.51,0.0,0.0
对我来说，时间是最宝贵的资源。无论生活中多么繁杂，始终保持对时间的尊重，才是对未来最好的投资。,0.0,0.0,0.84,0.21,0.0,0.0
今天思考了很多，关于人类如何定义自我。这一切究竟源自于内心深处的本能，还是社会赋予我们的框架？这一问题让我困惑不已。,0.0,0.13,0.0,0.53,0.08,0.29
看完《黑镜》，我再次对科技的双刃剑特性感到警惕。我们是否在用科技塑造一个越来越不真实的世界？也许，未来的技术能改变一切，但能否改变我们的内心？,0.11,0.14,0.1,0.49,0.0,0.12
或许，人类永远无法知道宇宙的真正面目。即使我们通过科技探寻了无数的未知，依旧有许多谜题，等着被解开。,0.0,0.05,0.1,0.53,0.21,0.14
作为INTJ，最大的挑战之一就是如何平衡理性与情感。每次面对情感问题时，我都不禁思考，这一切的背后，到底藏着什么样的逻辑？,0.0,0.0,0.05,0.53,0.1,0.25
