posts,angry,fear,happy,neutral,sad,surprise
失眠了，不是因为不想睡，而是心里总有太多事需要处理。生活中，许多不受控制的因素，让我始终无法停下来休息。#思绪万千 #无法安睡,0.0,0.07,0.0,0.06,0.99,0.0
看到一些人过得比我好，我反而开始怀疑自己做的到底对不对。或许，我就是在追求一个看似完美的结果，结果却失去了自己。#自我怀疑 #生活的抉择,0.0,0.16,0.0,0.12,0.72,0.1
在这个看似简单的世界里，多少事都需要权衡。生活并非永远能按自己的节奏走，有时候还得随波逐流。#权衡 #生活的挑战,0.0,0.0,0.28,0.44,0.23,0.08
被迫面对自己不喜欢的事情，真的很难。知道自己该做什么，但却被动接受了生活给我的安排。#无奈 #生活的困境,0.0,0.13,0.0,0.0,0.85,0.0
真的，想要放空一下，远离一切压力。可是，生活就是这样，给了你机会，却又让你失去自由。#疲惫 #想要逃离,0.0,0.06,0.0,0.0,1.0,0.0
作为一个INTJ，设定目标是我生活的一部分，但越来越发现，自己往往陷入了理想和现实的冲突中。#目标设定 #理想与现实,0.0,0.0,0.0,0.48,0.38,0.09
朋友告诉我，要学会享受生活。但如果这生活本身就让我感到窒息，那我如何去享受？#内心的困境 #享受生活,0.11,0.13,0.17,0.34,0.43,0.06
工作上总是力求完美，可却发现最终结果总是与预期有差距。是不是我太过挑剔？还是，我从未真正理解“完美”的定义。#自我批判 #工作中的困惑,0.11,0.09,0.0,0.31,0.45,0.09
那些我曾觉得理所当然的事情，现在都成了我无法跨越的障碍。#成长的痛苦 #人生的考验,0.0,0.09,0.09,0.15,0.78,0.0
每天面对一堆无意义的琐事，反而开始怀疑，人生的意义究竟是什么？#人生的迷茫 #自我探索,0.0,0.18,0.06,0.27,0.42,0.21
看到有些人过得那么轻松，心里不禁有些羡慕。我总是在努力，但似乎离自己的目标还很远。#自我怀疑 #他人的成功,0.0,0.12,0.34,0.13,0.44,0.07
有时候不禁思考，生活是不是注定要在不断的失败和成功之间波动？每一次努力，都带着沉重的代价。#生活的代价 #努力与失败,0.0,0.09,0.08,0.28,0.58,0.0
今天做了一个决定，可能是为了逃避现实，但也许，逃避也是一种生存策略。#逃避 #现实的压力,0.0,0.14,0.22,0.48,0.34,0.0
面对工作中的挑战，总觉得自己无法完美应对。生活中的每一分每一秒，我都在为自己的不完美付出代价。#完美主义 #工作压力,0.0,0.12,0.12,0.2,0.6,0.0
如果一切都能按照计划顺利进行，那我或许可以暂时放松。但显然，生活从不按计划来。#计划与现实 #生活的无常,0.09,0.11,0.09,0.33,0.49,0.05
过去曾觉得生活需要改变，但在改变的过程中，我发现自己更迷茫了。#生活的变动 #迷失自我,0.0,0.13,0.06,0.19,0.68,0.06
总是习惯把自己逼得太紧，结果到头来，还是不得不面对自己的疲惫与不安。#自我压迫 #内心的疲惫,0.15,0.11,0.0,0.14,0.75,0.0
生活中的每一个抉择都充满不确定性。也许，这就是人生的魅力，尽管充满挑战，但总是能给你新的机会。#生活的选择 #不确定性,0.0,0.06,0.65,0.31,0.0,0.07
每当夜深人静，我会开始怀疑自己的选择。是不是我总是做错了什么，错过了最重要的东西？#自我怀疑 #夜深思,0.0,0.27,0.0,0.11,0.71,0.08
生活中太多无奈，但我总是习惯于把这些无奈压在心底，直到它们变得不可忽视。#内心的压抑 #生活的无奈,0.09,0.16,0.07,0.21,0.72,0.0
我发现自己对待工作和生活越来越冷静，但这种冷静背后，却是一种无法摆脱的孤独感。#冷静与孤独 #生活的抉择,0.0,0.15,0.2,0.35,0.36,0.11
总是对自己要求过高，却又无法达到预期的结果。或许，真正需要的是放下这些苛求，给自己一点空间。#完美主义 #自我调整,0.0,0.0,0.44,0.38,0.25,0.0
与人沟通时，总是喜欢理性分析，但却发现理性有时也成了与人建立联系的障碍。#沟通的难题 #理性与感性,0.0,0.09,0.0,0.7,0.22,0.07
我对待一切都很有计划性，但在生活的压力下，这种计划感却变得越来越薄弱。#计划 #生活压力,0.06,0.2,0.0,0.28,0.65,0.0
总觉得自己总是处于追逐目标的状态，而忽视了享受过程。生活，不仅仅是达成目标。#目标与过程 #生活的意义,0.0,0.0,0.37,0.49,0.24,0.0
明明知道自己需要休息，但还是忍不住继续忙碌。也许，我应该学会放下。#疲劳 #内心的焦虑,0.06,0.12,0.0,0.09,0.91,0.0
我不喜欢强迫自己做不喜欢的事情，但生活总是给我这样的挑战。#内心的挣扎 #生活的选择,0.0,0.12,0.27,0.26,0.36,0.0
不知道为什么，生活中的每个决定都显得那么重要，仿佛每一步都在决定着未来的走向。#人生选择 #不确定性,0.0,0.05,0.29,0.35,0.25,0.14
有时，我会想，生活是不是应该放慢一些，享受每一个当下？但随之而来的，却是对未来的不安。#放慢步伐 #焦虑,0.0,0.23,0.0,0.19,0.69,0.0
看到那些轻松的人，我不禁思考，生活的复杂到底是为了什么？#生活的复杂 #自我反思,0.06,0.08,0.26,0.26,0.28,0.18
不再期待完美，只希望自己能在这个不完美的世界里，找到属于自己的平衡。#不完美 #生活的平衡,0.0,0.0,0.74,0.17,0.1,0.09
做任何事情前，我总是需要详细的计划。但往往，生活中的意外让一切都变得不可预测。#计划与现实 #生活的不确定,0.0,0.14,0.12,0.39,0.46,0.13
生活不易，但我依然愿意为自己设定一个更高的标准。#生活与奋斗 #自我提升,0.0,0.0,0.77,0.22,0.0,0.0
有时候，我会觉得自己活得太过理性，似乎缺少了那份情感的温度。#理性 #情感,0.0,0.06,0.11,0.37,0.61,0.0
生活中的困难总是让人感到疲惫，但每次想要放弃时，心里又会涌现出新的希望。#困境与希望 #生活的力量,0.0,0.13,0.88,0.13,0.0,0.0
当我回望过往的选择时，依然没有后悔过。每个决定，都在塑造现在的自己。#选择 #成长,0.0,0.0,0.69,0.12,0.19,0.08
生活中的挑战不断，但我始终相信，只有走过这些挑战，才能迎接更好的自己。#挑战与成长,0.0,0.07,0.79,0.19,0.0,0.0
总觉得自己没有达到预期的高度，但这并不意味着我要停下脚步。#目标 #不断前进,0.0,0.05,0.7,0.09,0.0,0.05
面对失败，我依然保持冷静。也许，这就是成长的代价。#失败与成长,0.0,0.0,0.48,0.31,0.29,0.0
与其纠结于过去的失误，不如把握当下，努力走向更好的未来。#过去与未来 #生活的选择,0.0,0.0,0.61,0.35,0.0,0.06
每次尝试做新事物时，总会感到焦虑。但我知道，只有不断突破，才能有所收获。#焦虑与突破,0.0,0.15,0.32,0.28,0.35,0.08
生活中的不如意，最终都会成为你成长的养分。#不如意 #成长,0.0,0.07,0.43,0.36,0.39,0.0
其实，最难的是面对自己的内心。无论外界如何，真正的挑战来自内心。#内心的挑战 #自我认知,0.0,0.13,0.29,0.58,0.08,0.0
总觉得自己做得不够好，但每次回头看看，也算是有了一些进步。#自我要求 #成长的过程,0.0,0.0,0.81,0.11,0.09,0.0
生活中的每一段经历，都在教会我新的东西。只希望自己能学得更快一些。#成长 #经验,0.0,0.06,0.89,0.1,0.08,0.0
每当压力山大时，我就告诉自己，这一切都是暂时的。#压力与坚持 #短暂的痛苦,0.0,0.1,0.15,0.28,0.68,0.0
我不喜欢别人对我指指点点，但有时候，我也会觉得自己活得不够自信。#他人的眼光 #自信,0.0,0.1,0.38,0.25,0.39,0.0
生活总是在不断地挑战我的极限，但我相信，这些挑战最终会让我变得更强大。#挑战 #成长,0.0,0.11,0.84,0.14,0.0,0.0
每次面对困难时，我都会告诉自己，这只是一个过程，最终我会从中学到东西。#困难 #成长的过程,0.0,0.09,0.67,0.23,0.1,0.0
明知有些事无法改变，但我仍然选择坚持。这或许就是生活给我的力量。#坚持 #生活的力量,0.0,0.0,0.88,0.11,0.06,0.08
