posts,angry,fear,happy,neutral,sad,surprise
最近对时间的流逝感到格外敏感。每一分每一秒都在消耗，无论如何，我们始终无法抵挡它。对我而言，最值得投资的永远是自己对世界的理解，而非外界的评价。#时间管理#,0.0,0.0,0.45,0.36,0.14,0.0
我总是认为，人生中的选择更像是数学公式中的解题过程，找到最优解并不容易，但一旦抓住了规律，剩下的便是顺理成章。#思维方式#,0.0,0.0,0.44,0.54,0.05,0.0
看完《黑客帝国》，我更坚定了一个观点：人类的极限不是体力，而是思维的界限。我们为世界设限，实际上是在给自己设限。#哲学思考#,0.06,0.0,0.27,0.59,0.0,0.0
最近对《哈利·波特》中的魔法体系产生了新的看法，或许真正的魔法，并不是如何改变外界，而是如何塑造我们的内心。#成长#,0.0,0.0,0.43,0.53,0.0,0.09
《人类简史》中提到，语言的出现让人类能够在复杂的信息中找到秩序。每个言语的背后，实际上承载了无尽的智慧。#知识的力量#,0.0,0.0,0.3,0.71,0.0,0.0
"看到一则关于""人类情感""的讨论，深感社会中大多数人的情感表达其实是极度不够精准的。我们应学会对自己内心的复杂性进行解读。#情感分析#",0.0,0.08,0.08,0.7,0.07,0.0
《三体》带给我的不只是科幻的震撼，更是对人类文明演进的深刻反思。我们是否已经陷入自我封闭的循环？#科技与哲学#,0.0,0.1,0.1,0.58,0.17,0.07
经常在深夜里思考一个问题：我们追逐的究竟是什么？是成就、认同，还是超越所有人的某种孤独的顶峰？#内心独白#,0.0,0.0,0.22,0.43,0.23,0.18
人生的最大挑战是如何保持理性思维的同时，又不让自己变得冷漠。如何平衡感性与理性，才能真正成为自己想成为的人。#自我成长#,0.0,0.05,0.49,0.45,0.0,0.1
这几年逐渐意识到，真正的力量并非表面的聪明才智，而是如何在复杂的世界中保持清晰的头脑，做出理智的选择。#心智提升#,0.0,0.0,0.63,0.39,0.0,0.0
看完《利刃出鞘》，发现一个有趣的现象：电影中角色的选择与现实中的决策非常相似，总是被情感与理性拉扯。#人性洞察#,0.0,0.08,0.19,0.6,0.0,0.07
生命中的很多困境，最终都归结为如何对待自己的局限。如何在有限的资源与时间中做出最有价值的选择。#决策理论#,0.0,0.0,0.24,0.72,0.0,0.0
经常思考，究竟是“人生”更重要，还是“生活”更值得追求？是否我们太过于聚焦结果，而忽视了过程中自我突破的价值？#哲学深思#,0.0,0.0,0.26,0.55,0.23,0.13
有时候觉得，真正让人感到孤独的不是外界的隔阂，而是对内心深处的理解缺乏。当你无法面对自己的复杂时，孤独便悄然而至。#孤独的哲学#,0.0,0.14,0.13,0.51,0.44,0.0
《福尔摩斯》给了我一种启示：在任何情况下，都要冷静分析，摒弃情绪，方能从纷繁复杂的线索中看见真相。#逻辑思维#,0.0,0.0,0.43,0.58,0.0,0.0
看完《普罗米亚》后，感受最深的不是火爆的场面，而是影片中对“人类生存意义”的深刻探讨。火与水，毁灭与重生，一切都在交织中展开。#哲学探讨#,0.0,0.07,0.28,0.65,0.0,0.07
经常听到人们谈论“成功”时的标准，然而我始终认为，成功的真正定义，应该是如何定义自己，而不是他人眼中的结果。#自我定义#,0.0,0.0,0.26,0.59,0.07,0.13
常常思考，在快速发展的社会中，我们每个人的思想是否真的在成长，还是我们在不断重复自己曾经的思维模式？#思维定势#,0.0,0.0,0.25,0.47,0.1,0.17
《机器人大师》让我联想到一个问题：如果AI真的能超越人类的认知，我们是否还会是这个世界的主宰者？#未来的科技#,0.08,0.0,0.06,0.65,0.0,0.19
看到社会中很多人抱怨工作无趣时，我却总是想，工作是成就个人价值的途径，但如何找到真正的热情才是关键。#职业选择#,0.0,0.0,0.19,0.45,0.23,0.1
最近对于人类情感的运作方式感到困惑，很多情感的表达并没有得到合理的理解。我们是如何在误解中找到彼此的呢？#情感逻辑#,0.0,0.13,0.0,0.56,0.24,0.13
想法与现实之间，总有一段不小的差距。思维的飞跃和行动的实施，往往因为各种外部因素而受限。#理性与实践#,0.0,0.0,0.16,0.72,0.2,0.0
读《1984》时，我总是在思考，是否我们每个人都生活在不同形式的“监控”中？无形的束缚究竟影响了我们多少？#社会批判#,0.21,0.0,0.0,0.43,0.11,0.16
每一次的失败，往往都是一个重新定义自己的机会。我们总是在不断试错中，寻找最适合自己的道路。#失败的意义#,0.0,0.0,0.53,0.35,0.21,0.0
有时候，我怀疑，自己是否在用理性的面具掩盖内心深处的感性。也许，过于理性的生活，并不完全是幸福的保证。#自我认知#,0.0,0.0,0.19,0.35,0.38,0.1
看完《天才少女》，我有了新的思考：天赋与努力的关系并不是简单的线性，而是如何利用环境中的资源来最大化自我价值。#天赋与努力#,0.0,0.0,0.47,0.46,0.0,0.08
为什么很多人会过度依赖他人意见？也许在不确定的情况下，依赖他人的判断确实更为安全。但，真正的独立思考才是自由的源泉。#独立思考#,0.0,0.0,0.36,0.49,0.0,0.06
有时候，最困扰我们的不是没有答案，而是我们过于急于得出结论。慢下来，才能真正看见问题的本质。#思考方式#,0.0,0.06,0.2,0.63,0.19,0.0
我总觉得，有些人总是在用过于情绪化的方式面对生活，忽视了理性在决策中的重要性。情绪的波动，往往让我们丧失判断力。#情绪与理性#,0.09,0.06,0.06,0.6,0.28,0.0
《星际穿越》给我最大的感触是，我们在探索宇宙的过程中，实际上是在寻找自己的位置。我们存在的意义，或许正是在于探索未知。#宇宙探索#,0.0,0.0,0.38,0.57,0.0,0.05
最近读《苏菲的世界》，发现哲学的本质并不是空洞的抽象讨论，而是深入到生活中的每一个细节，反思我们所看见的一切。#哲学思考#,0.0,0.0,0.44,0.58,0.0,0.05
总有人说“人与人之间的关系是复杂的”，我倒觉得，真正复杂的是人类如何理解自己与他人之间的关系。#人际关系#,0.09,0.06,0.07,0.58,0.05,0.19
最近看《致命女人》，剧中的冲突让我思考，女人的力量并不在于外在，而在于内心深处的坚韧与聪慧。#女性力量#,0.0,0.06,0.54,0.42,0.14,0.0
对于许多人来说，生活就是为了迎合他人眼中的标准。而我觉得，真正的自由，来源于对自我的理解与坚持。#自由的定义#,0.0,0.0,0.45,0.55,0.0,0.12
最近喜欢上了《黑镜》的各种设定，它让我思考，科技发展迅猛的今天，我们是否已经失去了对人性本质的把握？#科技与人性#,0.07,0.0,0.3,0.53,0.11,0.11
每个人都在追求某种意义上的“完美”，但你是否发现，越是追求完美，越是容易迷失在无尽的要求中。#完美主义#,0.0,0.0,0.21,0.48,0.22,0.07
看完《星际迷航》后，我对“未来科技”的看法发生了转变。我们无法预测未来，但至少应该准备好面对任何形式的挑战。#未来探险#,0.0,0.11,0.36,0.59,0.0,0.0
喜欢《天才少女》里的那个母亲角色，她的理性和情感并行，既严格又温柔。或许这才是人生的理想状态。#母亲的力量#,0.0,0.0,0.91,0.15,0.0,0.0
思考了许久，发现所谓的“成功”不一定是社会认可的名声与财富。真正的成功，是能在任何环境下保持内心的独立与清明。#成功的定义#,0.0,0.0,0.38,0.53,0.06,0.12
最近深感自己对技术的依赖已到了无可回避的地步，科技的确能带来便捷，但也让我们在不知不觉中失去了什么。#技术与人性#,0.14,0.05,0.09,0.23,0.45,0.0
总有人告诉我，不要把自己逼得太紧，但我却深知，只有在极限中挑战自我，才能看见真正的成长。#成长的痛#,0.0,0.13,0.23,0.14,0.63,0.0
对于很多人来说，生活的最大挑战不是如何活得更好，而是如何不被外界的杂音所影响。#内心的平静#,0.0,0.0,0.54,0.46,0.06,0.0
最近深思，似乎人类的进步不仅仅是科技上的突破，更在于如何在更复杂的社会环境中保持理性。#理性与进步#,0.09,0.0,0.4,0.49,0.0,0.07
经常感慨，这个世界不缺少天才，缺少的是能将天赋转化为实际能力的人。#天才与能力#,0.0,0.0,0.25,0.45,0.21,0.07
对我而言，生活并不是为了迎合他人的眼光，而是为了更好地了解自己和这个世界。#独立思考#,0.0,0.0,0.59,0.44,0.0,0.0
看《碟中谍》时，我深刻意识到：做任何事都要精密计划，稍有疏忽，便会面临灾难。#计划与执行#,0.0,0.09,0.31,0.57,0.1,0.0
近日读了几本关于“人类潜能”的书，渐渐发现，自己对未知的恐惧正是阻碍自我成长的障碍。#自我超越#,0.0,0.19,0.32,0.34,0.21,0.09
每个人都有一段值得回忆的过去，但如何从中提取有价值的经验，才是值得思考的问题。#成长#,0.0,0.0,0.53,0.41,0.06,0.0
科技的飞速发展让人类在不断突破极限，但更值得注意的是，我们是否已经丧失了应有的“人性”？#科技反思#,0.0,0.08,0.11,0.52,0.12,0.07
生命中最值得追求的，不是外界的认可，而是通过不断地自我完善，成为自己最想成为的人。#自我成长#,0.0,0.0,0.77,0.2,0.0,0.0
