posts,angry,fear,happy,neutral,sad,surprise
总算想明白了，日元汇率的波动就是市场的心理游戏。跟踪它的变化不如思考背后的经济大势，更理性些。生活中的每一笔开销，都是你对未来的投资。 #理性分析 #投资,0.0,0.0,0.38,0.63,0.0,0.0
夜深人静时，不禁回想起过去的课本和学问。越是琢磨，那些曾经简单的东西，竟变得越加深邃。我的成长，不是惊天动地，而是一次次在思考中逐渐洗净铅华。 #深夜感悟,0.0,0.07,0.6,0.14,0.27,0.0
高中那些年，总是担心考试，至今仍常做梦。或许这是对自己不完美的一种深刻记忆。毕竟，完美从不属于懒惰者，最重要的是每一次自我提升。 #自律 #内心强大,0.0,0.08,0.8,0.1,0.09,0.0
今天又反复翻看那本老书，每翻一页，似乎能看到自己曾经的努力。时间让所有的事物变得清晰，但遗憾总在前进中无法完全消失。 #追求卓越 #过去的影像,0.0,0.06,0.71,0.0,0.27,0.0
觉得生活本质上是个选择题，不是每一次选择都会完美无缺。但每一次纠正，都意味着我离最好的版本更进一步。 #自我修炼 #生活哲学,0.0,0.0,0.57,0.38,0.07,0.0
不同于别人热衷的社交，我更享受独处时与自己对话的时光。孤独，并非对抗他人，而是与自己的灵魂展开最真诚的碰撞。 #独立 #自我探索,0.0,0.09,0.59,0.4,0.0,0.0
自己做事，有时并不需要外界的认同。做对的事情，最终会得到应有的结果。 #坚定信念 #内心强大,0.0,0.0,0.83,0.26,0.0,0.0
日元又跌了，连带着进口商品的价格再次水涨船高。每次与金钱博弈，我都保持警觉。理性消费，才是聪明的生活方式。 #金融观察 #理性消费,0.06,0.07,0.45,0.51,0.0,0.0
这段时间真的很忙，忙到几乎忘记了自己到底想要什么。幸好，通过不断调整方向，我终于又找回了那份初心。 #时间管理 #目标明确,0.0,0.0,0.66,0.17,0.0,0.06
最近的论文写作让我深刻体会到，学术的意义不在于表面的形式，而是深入探索背后的思想逻辑。每一个问题的解决，都是一次思维的升华。 #学术 #思维提升,0.0,0.0,0.49,0.57,0.0,0.0
我的朋友们总是充满活力，而我却更喜欢静下心来思考。每个人的生活方式不同，但最终都在自己选择的道路上前进。 #自我选择 #独立思考,0.0,0.0,0.73,0.27,0.0,0.05
人生就像一场漫长的实验，结果往往难以预料。但我知道，只有不断优化自己的方法，才有可能接近那个理想的答案。 #实验 #不断优化,0.0,0.05,0.66,0.32,0.0,0.0
论文写到一半，思路突然断掉。那种无力感，真是折磨人。但又想明白了，只有经历过这些波动，才能真正掌握自己内心的平衡。 #学术苦旅 #内心修炼,0.0,0.11,0.11,0.21,0.56,0.0
每次研究新的领域，最难的不是知识本身，而是如何跳脱常规思维模式，找到独特的视角。这种突破才是最有价值的。 #突破 #创新思维,0.0,0.08,0.4,0.6,0.0,0.0
我并不在乎别人如何评价我的生活方式，因为我知道，最终能过得安稳和踏实的，只有我自己。 #生活哲学 #独立生活,0.0,0.0,0.57,0.42,0.0,0.05
当我看见别人极力追求一些毫无意义的目标时，我会不自觉地感到一丝悲哀。究竟是为了什么而活？这个问题，我们每个人都应问自己。 #反思 #生活意义,0.0,0.1,0.0,0.34,0.39,0.06
常常在想，成功和失败的边界究竟在哪里。大多数人把失败看作是终点，而我却将它看作是通往成功的桥梁。 #成功与失败 #思维转变,0.0,0.0,0.19,0.57,0.18,0.12
外面的世界繁华喧嚣，但我只喜欢在宁静中找回自我。日复一日，偶尔的静谧，才是我前行的动力。 #静谧 #自我重塑,0.0,0.0,0.76,0.27,0.06,0.08
又一次被繁琐的事务牵绊了，本想深入某个学术问题，却被琐事打断。人类总是如此，常常被眼前的琐碎所困，却忽略了真正重要的目标。 #专注 #目标明确,0.0,0.12,0.39,0.31,0.33,0.0
高中时期，那些被赋予的压力让我无法喘息，但正是这些压力，才让我变得坚韧和理性。感谢那些艰难时光，它们才是我成长的源泉。 #压力 #成长,0.0,0.13,0.82,0.0,0.18,0.0
随便翻看过去的笔记，发现当时写下的那些想法和结论，如今看来仍然有着不小的价值。时间并不会抹去智慧的光芒。 #时间的智慧 #思维的积累,0.0,0.0,0.74,0.28,0.1,0.0
研究某个领域时，忽然意识到，最难的并不是掌握表面知识，而是如何洞察其中的规律和深层联系。 #规律 #深度分析,0.0,0.09,0.12,0.81,0.0,0.0
经常陷入对未来的思考，但又发现，真正能控制的，只有当下的每一步。未来固然重要，但当下才是最值得投入的。 #未来与当下 #行动力,0.0,0.0,0.6,0.36,0.08,0.0
有些事情，即使暂时无法实现，也无需急于求成。真正值得追求的，是那份内心的平静与坚定。 #内心平静 #坚定信念,0.0,0.0,0.78,0.25,0.0,0.0
看到朋友们对成功的渴望，突然意识到，真正的成功并非外在的认可，而是内心的满足和成长。 #成功的定义 #内心满足,0.0,0.0,0.66,0.24,0.0,0.08
日常生活中的许多不如意，常常让我陷入反思。但每一次的不顺，都是我向更高层次迈进的一小步。 #不如意 #成长的契机,0.05,0.08,0.41,0.19,0.38,0.0
人生的意义并不在于追求虚幻的目标，而是如何在有限的时间内，做好每一件值得做的事。 #人生意义 #价值观,0.0,0.0,0.55,0.52,0.0,0.0
最近一段时间，总是被外界的声音打扰。但当我决定静下心来，总能从无声的世界中找到真正的答案。 #内心的声音 #静心,0.0,0.0,0.69,0.27,0.15,0.0
学会在忙碌中寻找空隙，沉淀自己的思想。世界终究会因你内心的强大而改变。 #自我修炼 #强大内心,0.0,0.0,0.71,0.36,0.07,0.0
社交场合的虚伪让我厌倦，反倒是与几个志同道合的人讨论学术问题时，能让我感到真正的满足。 #学术 #深度交流,0.0,0.0,0.75,0.18,0.05,0.0
偶尔也会反思，自己是否陷入了无休止的效率追求中。追求卓越固然重要，但也要学会适时地停下来，给自己留白。 #效率 #给自己留白,0.0,0.0,0.55,0.4,0.09,0.0
曾经羡慕那些能放松的人，后来才明白，真正的放松不是逃避，而是能在任何环境中找到内心的安宁。 #放松 #内心平静,0.0,0.0,0.72,0.28,0.0,0.0
看着别人追求短期的成功和快感，我开始反思自己对目标的设定。真正值得追求的，是可以带来长远变化的目标。 #长远目标 #思考深度,0.0,0.0,0.41,0.48,0.05,0.0
每次面对挑战，总有一丝惧怕。但我清楚，这正是突破自己的最佳时机。 #突破 #挑战自我,0.0,0.19,0.6,0.27,0.0,0.07
最近在思考时间管理，发现自己总是用最大精力应付眼前的事情，却忽略了长期规划。是时候做出调整了。 #时间管理 #长远规划,0.0,0.06,0.08,0.41,0.48,0.07
总结过去一段时间的工作，效率越来越高，但深刻的思考却越来越少。是时候反思自己，是不是太过于追求表面成果。 #反思 #思考的深度,0.0,0.0,0.18,0.4,0.42,0.0
日常中，最让我感到安慰的是，能与自己静心对话的时光。 #安慰 #自我对话,0.0,0.08,0.63,0.32,0.06,0.0
有时觉得自己就像一台精密的机器，既按部就班又冷静理智。 #理性 #冷静分析,0.06,0.0,0.25,0.6,0.06,0.0
最近喜欢上了写东西，文字带给我的不仅是宣泄，也是对自我的一种审视。 #文字 #自我审视,0.0,0.0,0.74,0.3,0.0,0.0
经常发现自己把一件事做得比别人好，但并不因此感到骄傲，因为我知道，这并非我追求的最终目标。 #追求卓越 #目标,0.0,0.0,0.72,0.14,0.0,0.09
面对杂乱的世界，我依然坚持自己的规则与节奏。 #规则 #自我坚持,0.0,0.0,0.7,0.29,0.0,0.0
思考是最有价值的资源之一，但只有行动，才能让思考变得有意义。 #思考 #行动,0.0,0.0,0.51,0.51,0.06,0.0
回想自己一路走来，虽然孤独，但至少始终做到了真实。 #孤独 #真实,0.0,0.11,0.8,0.08,0.14,0.0
不喜欢做表面功夫，但每一件事都尽力做到极致。 #极致 #内在追求,0.0,0.0,0.66,0.33,0.0,0.1
生活不需要太多装饰，简单而纯粹才是最有力的存在。 #简约 #纯粹,0.0,0.0,0.71,0.34,0.0,0.06
突然发现，自己在不断追求自我完善的过程中，也渐渐学会了接纳不完美。 #接纳 #自我完善,0.0,0.0,0.71,0.15,0.1,0.09
每一项决策背后，都有它独特的逻辑。尽管他人不理解，但我始终会坚持自己的判断。 #决策 #自信,0.0,0.0,0.83,0.22,0.0,0.0
我并不渴望成功带来的荣耀，更多的是渴望智慧的积累与内心的宁静。 #智慧 #内心宁静,0.0,0.0,0.79,0.28,0.0,0.0
自己的步伐，不必理会旁人的急促。我有自己的节奏，走得比任何人都更加坚定。 #节奏 #坚定信念,0.0,0.0,0.87,0.15,0.0,0.0
看着周围的一切，忽然意识到，真正能改变世界的，不是那些热闹喧嚣的声音，而是安静的力量。 #安静的力量 #改变,0.0,0.0,0.73,0.18,0.06,0.08
