posts,angry,fear,happy,neutral,sad,surprise
今天翻开书架，发现有些书已经多年没翻看。再看一遍，才发现每次阅读都有新的收获。知识不会背叛你，只有坚持才能真正领悟其中的奥秘。 #深度阅读,0.0,0.0,0.69,0.23,0.09,0.07
生活中有很多无关紧要的噪音，除去它们，反而能看到更清晰的未来。每天都在逼迫自己往更高的目标迈进，过程虽艰难，但每一步都值得。 #目标导向 #自我提升,0.0,0.0,0.82,0.12,0.0,0.0
朋友问我如何高效工作，答案其实很简单：清晰的目标、合适的方法、坚持不懈的执行。简单，但却是通向成功的唯一路径。 #效率 #执行力,0.0,0.0,0.57,0.47,0.0,0.06
我发现越是复杂的事情，越能激发我解决问题的欲望。大部分人都在选择避开难题，而我却乐于迎难而上。 #挑战自我 #深度思考,0.0,0.06,0.59,0.34,0.0,0.11
计划好了，每一步都得精准实施。理性的思维和冷静的判断，是我从不失败的关键。 #冷静分析 #计划执行,0.0,0.06,0.55,0.46,0.0,0.0
看到周围人的焦虑，忽然觉得自己有种与世无争的宁静。也许我们应该学会放慢脚步，给自己更多的时间去思考。 #内心平静 #深度思考,0.0,0.05,0.56,0.36,0.09,0.0
每一次的挑战，都给了我一次深刻的自我验证。失败不可怕，关键在于从中提取出教训，进而改进。 #失败教训 #不断优化,0.0,0.1,0.57,0.4,0.0,0.0
人生本来就没有完美的路径，但如果我们在每一个选择中都能理性判断，最终结果自然会有所不同。 #选择 #理性判断,0.0,0.0,0.44,0.57,0.0,0.0
投资自己，才是最值得的投资。不断学习，扩展视野，才是持续成功的唯一秘诀。 #自我提升 #持续学习,0.0,0.0,0.69,0.32,0.0,0.0
如果说成功是一个目标，那不把它视作终点，而是把每一次进步作为新的起点，才是理想的思维方式。 #成功之道 #永不止步,0.0,0.0,0.59,0.39,0.0,0.0
最近思考了很多，感觉自己依旧站在山脚下。但比起他人的快节奏，我宁愿稳扎稳打，先把基础夯实。 #深思熟虑 #稳步前行,0.0,0.06,0.6,0.3,0.07,0.0
世界变化得太快，唯一能依赖的，只有自己的理性和深思。每一步都得走得精准，才能避开陷阱。 #理性思维 #精准执行,0.0,0.06,0.47,0.56,0.0,0.0
高效的工作不仅仅依赖工具，最重要的是自律和思考。没有这两点，工具再强大也是空谈。 #自律 #高效工作,0.0,0.0,0.38,0.6,0.0,0.0
了解自己，才能做出正确的选择。每一次自我认知的提升，都是对未来的长远投资。 #自我认知 #长期投资,0.0,0.0,0.54,0.48,0.0,0.0
思考有时是孤独的，但却是对成长最有力的推动。每一次的沉思，都会让我更加接近理想的自己。 #深度思考 #独立成长,0.0,0.07,0.71,0.28,0.08,0.0
不断总结过去的经验，是让自己不断进步的最佳方法。每一次的总结，都是迈向未来的垫脚石。 #经验总结 #持续进步,0.0,0.0,0.73,0.27,0.0,0.0
每个人都有自己独特的思维方式，而我的方式是基于深度分析和理性决策。 #理性 #独立思维,0.0,0.0,0.28,0.76,0.0,0.0
真正的智慧，不是知道所有的答案，而是拥有追求答案的能力和方法。 #智慧 #不断追求,0.0,0.0,0.71,0.44,0.0,0.0
计划的重要性无需赘言，真正的成功来自于每天的坚持和执行。 #目标实现 #计划执行,0.0,0.0,0.36,0.64,0.0,0.0
遇到困难时，不要急于求解。冷静下来，逐步分解问题，找到解决的钥匙。 #冷静思考 #问题解决,0.0,0.05,0.31,0.7,0.0,0.0
生活不是拼搏到最后一刻，而是不断调整自己，以最合适的步伐向前走。 #调整步伐 #理性生活,0.0,0.0,0.67,0.36,0.0,0.0
每次面临选择，我都会从理性角度出发，分析利弊，而不是仅仅依靠直觉。 #理性选择 #深思熟虑,0.0,0.0,0.42,0.63,0.0,0.0
最近开始习惯用数据分析问题。与其凭空猜测，不如依赖可靠的数字。 #数据分析 #决策,0.07,0.06,0.1,0.68,0.08,0.0
做事从不急功近利，慢慢琢磨，耐心执行，才能在复杂环境中找到属于自己的路径。 #耐心 #稳步前进,0.0,0.0,0.74,0.34,0.0,0.0
高效的生活，并不是用更多的时间去应付琐事，而是把有限的时间集中在最重要的事情上。 #时间管理 #高效生活,0.0,0.0,0.44,0.63,0.0,0.0
看到很多人忙碌，但做出来的东西却没有实质性的进展。想要走得远，必须先找到合适的方向。 #找到方向 #高效执行,0.0,0.06,0.25,0.54,0.1,0.0
高效工作最重要的不是速度，而是精准。不要用匆忙代替质量，要以理性思维做出每个决定。 #精准执行 #理性工作,0.0,0.0,0.4,0.64,0.0,0.0
每天学习一点新知识，才能始终站在时代的前沿。 #不断学习 #紧跟时代,0.0,0.0,0.65,0.31,0.0,0.0
每个人都有自己的节奏，走自己的路，让别人去说吧。 #独立思考 #自我节奏,0.08,0.0,0.52,0.37,0.0,0.0
想做一个全面的人，必须从内到外都保持理性思维。 #全面发展 #理性思维,0.0,0.0,0.3,0.74,0.0,0.0
成长的速度并不重要，重要的是方向的准确性。 #成长 #方向,0.0,0.06,0.33,0.71,0.0,0.0
一旦设定目标，剩下的就是保持专注并一步步朝着目标迈进。 #专注 #坚定目标,0.0,0.05,0.54,0.49,0.0,0.0
学会思考，而不是盲目行动。生活中很多问题，通过冷静的思考往往能找到最优解。 #冷静分析 #理性生活,0.0,0.0,0.44,0.66,0.0,0.0
生活中最重要的不是如何去做，而是决定了做什么。 #目标明确 #选择,0.0,0.0,0.35,0.64,0.0,0.0
每天自我反省，才能找出自己的不足，进一步提升。 #自我反省 #持续进步,0.0,0.05,0.6,0.34,0.0,0.0
投资知识就是投资自己，任何时候都不该停止学习。 #知识投资 #自我提升,0.0,0.0,0.53,0.55,0.0,0.0
有些人忙于追逐表面的成功，而我更愿意将精力放在内心的修炼和思想的深度上。 #深度思考 #内心修炼,0.0,0.0,0.36,0.65,0.08,0.0
思考不是浪费时间，而是给自己找寻最佳解决方案的过程。 #深度思考 #解决问题,0.0,0.0,0.36,0.65,0.0,0.0
人生的意义，不在于与人竞争，而在于如何超越昨天的自己。 #自我超越 #成长,0.0,0.0,0.71,0.34,0.0,0.0
人生没有完美的答案，只有不断接近的过程。 #接近完美 #过程,0.0,0.06,0.7,0.36,0.0,0.0
细节决定成败，每一次的小进步，都能积累成最后的大突破。 #细节 #突破,0.0,0.05,0.64,0.41,0.0,0.0
每个早晨，都是新的开始。用清晰的目标迎接每一天，才能不虚度光阴。 #早晨 #新开始,0.0,0.0,0.93,0.0,0.0,0.0
整理思路，才是清晰表达的前提。越是复杂的思想，越需要系统化地呈现。 #系统化思考 #理性表达,0.0,0.0,0.25,0.77,0.0,0.0
学会给自己设定短期目标，逐步实现，最终会走向长期成功。 #短期目标 #长期成功,0.0,0.0,0.55,0.53,0.0,0.0
成功没有捷径，只有不断改进和调整策略。 #调整策略 #持续进步,0.0,0.0,0.57,0.48,0.0,0.0
每一次计划，都需要考虑到可能出现的意外。保持灵活性，才是有效的策略。 #计划 #灵活性,0.0,0.1,0.29,0.72,0.0,0.0
生活是一场马拉松，不是短跑。只有稳步前进，才能持久胜出。 #稳步前进 #持久成功,0.0,0.0,0.81,0.31,0.0,0.0
处理复杂问题时，最重要的是找到核心，而不是盲目处理表面。 #核心问题 #深度思考,0.0,0.0,0.13,0.86,0.0,0.0
真正强大的人，能够在任何环境下保持理性，做出最合适的决策。 #理性 #决策能力,0.0,0.0,0.44,0.62,0.0,0.0
每一天的生活，都是一次对自己深刻认知的机会。 #深刻认知 #自我提升,0.0,0.0,0.52,0.5,0.0,0.0
