posts,angry,fear,happy,neutral,sad,surprise
今天早上发现自己背了三天的单词都没记住，决定整理一下学习策略。从效率出发，定时回顾，反复强化，才是真正的学习方法。#学习规划 #提升自己,0.0,0.0,0.49,0.46,0.0,0.0
听说外面的世界很复杂，但其实最复杂的，往往是自己的内心。学会与自己和解，才能真正理解外部的变化。#内心的力量,0.0,0.0,0.57,0.46,0.0,0.06
“冷静是智者的最大优势。” 这句话在工作中经常提醒自己，面对复杂问题时，不急于反应，而是深思熟虑。#工作哲学 #冷静,0.0,0.0,0.38,0.74,0.0,0.0
每次面对工作上的挑战，我都会让自己停下来思考，解决方案往往出乎意料。理性思考才是突破的关键。#问题解决 #理性思维,0.0,0.06,0.39,0.55,0.0,0.0
最近在思考生活中是否有更多的“内卷”，其实很多时候，这只是缺乏深度思考的结果。#社会观察 #深度思考,0.0,0.08,0.0,0.7,0.11,0.0
上次考了个小测，发现自己思维有点局限了。决定下个阶段拓宽知识领域，学习跨学科的思考方法。#成长 #学习,0.0,0.06,0.48,0.41,0.16,0.0
每次面对选择，最重要的不是选择本身，而是如何通过策略实现更大的目标。#决策 #战略思维,0.0,0.06,0.24,0.77,0.0,0.0
“这个世界，不是没有理想，而是缺少实现理想的战略。”每次当我思考某个计划时，都会首先从宏观角度入手。#战略规划,0.0,0.0,0.1,0.74,0.07,0.0
看了几场会议，发现自己已经开始不耐烦那些没有逻辑的讨论。理性讨论才有价值。#高效沟通 #理性,0.24,0.0,0.25,0.41,0.2,0.0
最近迷上了跨学科的知识融合。看似毫无关系的领域，往往可以带来不一样的创新灵感。#跨界 #创新,0.05,0.0,0.51,0.43,0.0,0.13
人生中最重要的投资就是时间。我开始更加注重如何精确地管理和分配自己的时间。#时间管理 #生活策略,0.0,0.0,0.39,0.62,0.0,0.0
有时候会思考，是否人生的目标就是要让自己成为更有效率的人。每一天都在优化自我。#效率至上,0.0,0.0,0.54,0.31,0.0,0.0
不喜欢盲目的跟随潮流，选择最适合自己的道路。每个人的成功，都是独一无二的。#自我实现 #独立思考,0.0,0.0,0.7,0.31,0.0,0.0
这段时间在思考如何通过自我提升来实现更大的职业突破。策略+执行力，才是成功的双重保障。#职业发展,0.0,0.0,0.36,0.55,0.0,0.05
外界的认同或许重要，但最重要的，还是自己是否能够从内心认同自己。#自我认同 #内心平静,0.0,0.0,0.54,0.52,0.0,0.0
最近在思考如何打破传统的思维框架，寻找创新的解决方案。许多事物的答案，往往隐藏在不为人知的角落。#创新思维,0.0,0.0,0.14,0.63,0.0,0.07
生活不应仅是忙碌，而是要以一种深思熟虑的方式去追求卓越。今天的努力，成就未来的自我。#生活哲学,0.0,0.0,0.67,0.43,0.0,0.0
当遇到问题时，我的思维更倾向于从系统的角度进行分析。复杂问题往往有简单而有效的解决方式。#问题分析 #解决方案,0.0,0.0,0.09,0.86,0.0,0.0
想起曾经在课堂上学习的知识，很多时候，理论的背后隐藏着更深的智慧。#知识深度 #反思,0.0,0.05,0.34,0.46,0.21,0.0
向往的生活，不是依赖于外部条件，而是依靠自己内心的坚定与理性。#独立生活,0.0,0.0,0.59,0.41,0.0,0.0
看完一篇深度文章后，才意识到自己可以从不同角度看待同一个问题。知识的力量，远远超出我们的想象。#深度学习,0.0,0.0,0.39,0.51,0.0,0.07
总是觉得很多人在学习时只关注表面，真正的智慧，是从根本上解决问题。#深度思考,0.0,0.0,0.11,0.55,0.2,0.09
生活中总有一些人让你感到困扰，真正的智慧，是如何避开这些无谓的干扰，集中精力在自己目标上。#专注,0.0,0.06,0.59,0.36,0.0,0.0
最近发现自己对时间的掌控有了新的理解，每一次对时间的投资，都需要得到最大化的回报。#时间的价值,0.0,0.0,0.72,0.25,0.0,0.0
书籍不止是学习工具，它们是打开全新世界的大门。每本书都能让你更清晰地理解自己的处境。#读书 #深度学习,0.0,0.0,0.36,0.7,0.0,0.0
在工作中，我越来越意识到，能做决定的，不一定是最忙碌的人，而是那个最有战略眼光的人。#战略眼光,0.0,0.0,0.45,0.44,0.0,0.0
自己最大的挑战，不是外界环境的变化，而是如何战胜自己内心的焦虑和不安。#内心修炼,0.0,0.09,0.47,0.5,0.0,0.0
对我来说，做事不是为了完成任务，而是为了追求一个深远的目标。每一件事都有它的意义。#目标导向,0.0,0.0,0.43,0.58,0.0,0.0
每次设定新的目标，我都会先思考其背后的长远意义，而不是眼前的短期回报。#目标规划,0.0,0.0,0.25,0.69,0.0,0.0
通过一段时间的努力，我发现自己在思维方式上有了很大的转变。理性和系统化的思维方法，真的很有效。#自我提升,0.0,0.0,0.79,0.22,0.0,0.0
研究发现，最成功的人，往往都是最善于思考的人。反思自己时，总能获得意想不到的启示。#思考力,0.0,0.0,0.5,0.47,0.0,0.0
最近在计划未来五年的职业发展，感觉一切都在变得越来越清晰。#职业规划,0.0,0.0,0.49,0.32,0.0,0.1
世界上的每个问题，背后都有其复杂的逻辑和结构。学会从深层次去解构问题，才能找到最有效的解决办法。#问题解析,0.0,0.0,0.1,0.8,0.0,0.0
生活中的每一步，都像是在解一道难题。不断分析，不断改进，最终能找到最合适的解决方案。#生活策略,0.0,0.0,0.41,0.63,0.0,0.05
我从不信“随缘”，我相信的是，通过计划和策略，能把每个不可能的情况都转化为可能。#人生哲学,0.0,0.0,0.66,0.41,0.0,0.0
反思过去一段时间的工作，发现真正的难点不是任务的繁重，而是如何有效管理时间和精力。#效率,0.0,0.0,0.19,0.62,0.09,0.09
每次看一些关于成功的文章，总是觉得那些观点过于简单。成功不是偶然，而是无数次深思熟虑后的选择。#成功之道,0.0,0.0,0.38,0.43,0.2,0.0
最近尝试了新的方法来提高工作效率，虽然开始的时候有些不适应，但慢慢发现，效率真的提高了不少。#工作方法,0.0,0.0,0.61,0.25,0.0,0.15
有时候，我会想，人生其实就是一场不断优化的过程。每天都要找出自己可以改进的地方。#优化自己,0.0,0.0,0.51,0.36,0.08,0.0
选择做自己擅长的事，而不是追求大众的认可。成功，往往属于那些敢于打破常规的人。#独立思考,0.0,0.0,0.59,0.44,0.0,0.0
总结一下，成功的核心在于自律和深度思考。每一次突破，都是在深刻反思后做出的决策。#成功哲学,0.0,0.0,0.38,0.63,0.0,0.0
每个人的成长路径都不同，关键是找到最适合自己的方法，而不是盲目跟随他人。#自我探索,0.0,0.0,0.37,0.65,0.0,0.0
最近在学习如何通过大数据分析来优化工作流程。科技的力量，真的可以带来革命性的改变。#科技改变生活,0.1,0.0,0.47,0.41,0.0,0.1
选择什么样的生活方式，取决于你如何规划自己的时间和精力。每一次决定，都是一场深思熟虑的选择。#生活规划,0.0,0.0,0.27,0.69,0.06,0.1
我始终相信，学术的深度与个人的成长是密不可分的。每一次钻研，都能带来更深刻的理解和体会。#学术研究,0.0,0.0,0.49,0.53,0.0,0.0
每一次面对压力，都会提醒自己，只有理性思考，才能找到最好的解决方法。#压力管理,0.0,0.0,0.31,0.54,0.07,0.0
做事的逻辑不是“怎样做”，而是“为什么做”。深思熟虑之后，结果才会让你满意。#深度思考,0.0,0.0,0.34,0.67,0.0,0.0
在工作中，如何面对挑战，往往取决于你如何用理性去解决问题，而非情绪化的反应。#工作技巧,0.0,0.0,0.22,0.73,0.0,0.0
每一个成功的背后，都有一段深思熟虑的过程。我一直相信，理性思考能够带来不一样的突破。#理性,0.0,0.0,0.68,0.41,0.0,0.0
最近有点焦虑，决定通过自我调整来找回内心的平静。生活中最重要的，是如何保持冷静和理性。#情绪管理,0.0,0.0,0.33,0.54,0.06,0.07
