posts,angry,fear,happy,neutral,sad,surprise
网络流行文化的风潮总是短暂的，真正的力量在于深思熟虑的行动，而不是盲目跟风。那些热衷于短暂热度的人，最终会被遗忘。#冷静与理性,0.0,0.0,0.43,0.58,0.0,0.0
恋爱，似乎从未真正理解对方就开始了。两个人在感情的漩涡里打转，却始终没有揭开最深层的面纱。人与人之间的沟通，真的是能从内心深处互相理解吗？#感情的深度,0.0,0.0,0.18,0.32,0.36,0.21
当物价疯涨，连基础的商务舱都成了奢侈品。我曾自信可以随意挑选航班，今天却只能感叹时代变迁的无奈。#物价暴涨,0.09,0.06,0.05,0.08,0.63,0.0
曾经在旅行中找寻奢华，但如今对高消费的酒店已经失去了兴趣。最贵的东西，不一定是最适合自己的。#旅行的反思,0.0,0.0,0.11,0.32,0.5,0.0
生活中，病痛常常提醒我身体的脆弱。心脏的警告让我重新审视自己曾经的冲动与不理智。身体的警钟不可忽视。#健康警醒,0.0,0.08,0.41,0.4,0.18,0.0
今天的生活与昨日的疲惫一样，满是无尽的安排。可我依然没有放弃，哪怕所有的力气都已经耗尽。#努力向前,0.0,0.1,0.76,0.0,0.2,0.0
我明白了，真正的成就不是在别人眼中得到了什么，而是在自我成长的过程中积累了什么。#内心的力量,0.0,0.0,0.84,0.18,0.07,0.0
生命中的每一次旅行都像是一场与自己对话的机会，挑战身体极限的同时，也是挑战内心世界。#徒步心路,0.0,0.07,0.62,0.26,0.0,0.09
看着身边的人，似乎每个人都沉浸在表面的热闹和虚伪中。真实的我，始终不愿随波逐流。#独立思考,0.07,0.05,0.35,0.23,0.36,0.0
对我而言，爱情从来不是一个甜美的幻想，而是一场深刻的心灵碰撞。了解彼此的心思，才算开始。#理性与感性,0.0,0.0,0.57,0.42,0.06,0.06
我曾相信高空的宁静是我心灵的归宿，但在高海拔的孤独中，我却开始怀疑自己的选择。#内心的对话,0.0,0.13,0.0,0.28,0.63,0.0
每一次旅行，都是对自我极限的挑战。徒步在险峻的北坡，我似乎找到了与世界隔绝的方式。#自我超越,0.0,0.08,0.54,0.24,0.06,0.07
并不是所有的生活方式都适合我，有些人可能觉得忙碌是生活的动力，而我更在乎内心的平静。#生活哲学,0.0,0.0,0.41,0.49,0.12,0.13
每次选择之间，我总是以冷静和理智为基础，毕竟不成熟的冲动往往让人付出代价。#理性选择,0.0,0.0,0.39,0.43,0.19,0.0
旅行对我而言，并非为了逃避日常，而是为了一场思想与灵魂的自我修行。#旅行的意义,0.0,0.0,0.52,0.5,0.0,0.12
看着那些所谓的时尚潮流，心里不禁觉得失望。真正的品味，是源于对自我个性的坚持。#品味与独立,0.0,0.0,0.32,0.36,0.3,0.0
生活不是表面光鲜，而是不断在隐秘的角落寻找属于自己的宁静。#生活的深度,0.0,0.0,0.57,0.45,0.05,0.0
真正的智者，不是通过言辞去影响他人，而是通过行动与思考创造出更好的未来。#思考的力量,0.0,0.0,0.66,0.44,0.0,0.0
恋爱中的理性与激情，永远是一个矛盾体。如何平衡这两者，是我一直在思考的难题。#情感的智慧,0.0,0.0,0.33,0.6,0.09,0.09
一场徒步，一次自我挑战，身体的疲惫反而让我更加清晰地看到生活的真实面貌。#挑战极限,0.0,0.08,0.63,0.24,0.05,0.09
繁杂的事务把人压得喘不过气，但我始终相信，只有专注于内心，才能在这喧嚣中找到自己的节奏。#专注内心,0.0,0.0,0.77,0.14,0.0,0.0
有些人总是活在别人的期待中，殊不知人生最重要的是做自己。#独立思考,0.0,0.0,0.24,0.42,0.32,0.0
世间繁华，稍纵即逝。我唯一珍视的是内心的平静与长久的智慧。#智慧与沉静,0.0,0.0,0.74,0.3,0.09,0.0
不能让自己被短期的欲望所左右，否则人生的轨迹将永远无法回头。#理性与欲望,0.07,0.0,0.23,0.48,0.25,0.0
我一直在想，人生是否应该在某些时刻停下来，给自己一个冷静反思的空间。#人生的节奏,0.07,0.0,0.32,0.19,0.3,0.1
每个人都能在有限的时间内做出无限的选择，而我更愿意在冷静的思考中，找出最适合自己的路。#冷静选择,0.0,0.0,0.67,0.27,0.0,0.07
生命的长河中，有些痛苦是无法避免的，唯一能做的就是学会如何在困境中成长。#成长的痛苦,0.0,0.07,0.33,0.26,0.54,0.0
在一个充满浮躁的世界里，坚持自己的内心，是最难得的勇气。#坚持自我,0.0,0.06,0.71,0.23,0.0,0.0
生活中，每一次对自己极限的挑战，都是一次深刻的自我认知。我愿意在挑战中寻找真实的自我。#极限挑战,0.0,0.0,0.7,0.23,0.0,0.06
每次看见那些盲目跟风的人，我都觉得他们是在浪费自己的人生。#自我思考,0.29,0.0,0.1,0.28,0.28,0.0
不论外界如何变幻，我始终相信内心的力量，才能让我在纷繁复杂的世界中找到平静。#内心的平静,0.0,0.0,0.8,0.23,0.0,0.0
人生最重要的不是你能走多远，而是你能在多大程度上控制自己。#自我掌控,0.0,0.0,0.48,0.51,0.0,0.0
旅行不应是逃避现实，而是挑战自我，超越内心的恐惧与局限。#超越自我,0.0,0.08,0.55,0.41,0.0,0.08
并不是所有的关系都值得深交，有些人，只是你生命中的过客。#人际关系,0.0,0.0,0.14,0.62,0.32,0.0
现代社会的浮躁，常常让我失望。真正的安静生活，需要你在杂乱中找到属于自己的空间。#安静的力量,0.0,0.0,0.59,0.27,0.16,0.0
每一段感情的结束，都是自我成长的一次升华。你必须从每段关系中，提取出有益的东西。#感情的成长,0.0,0.0,0.46,0.58,0.0,0.0
有些人总是在不断的选择中迷失，但其实最好的方式，是回归到自己内心的声音。#回归内心,0.0,0.0,0.54,0.37,0.13,0.0
旅行的意义，不是为了看风景，而是通过与世界的对话，重新审视自我。#思考与旅行,0.0,0.0,0.56,0.46,0.0,0.05
每一次自我反思，都是一次重生。我喜欢静下心来，审视自己，改进不足。#自我反省,0.0,0.0,0.82,0.2,0.0,0.0
人生的意义，或许就在于不断地发现自己，修正错误，直到你变成那个最好的自己。#不断修正,0.0,0.0,0.82,0.24,0.0,0.0
遇到困难时，不要急于寻找出口。有时候，最好的办法是停下来，思考清楚再行动。#冷静面对,0.0,0.0,0.45,0.52,0.0,0.0
真正的智慧，不在于看透别人的短处，而在于理解自己内心的深处。#智慧的本质,0.0,0.0,0.53,0.61,0.0,0.0
每个人都有不同的节奏，最重要的是找到自己独特的步伐，过上符合自己内心的生活。#找到节奏,0.0,0.0,0.55,0.4,0.0,0.0
生活的本质，是一场与自我的对话。通过不断的反思，找到人生的意义。#生活的对话,0.0,0.0,0.53,0.55,0.0,0.0
干净利落地解决问题，不是为了展示自己的能力，而是为了让自己活得更加轻松。#简洁高效,0.0,0.0,0.56,0.46,0.0,0.0
现实总是比理想更残酷，但这不代表我们不能从中找到前进的动力。#面对现实,0.0,0.07,0.34,0.39,0.29,0.0
人生的目标，始终是不断提升自己，而不是向外界证明自己有多优秀。#自我提升,0.0,0.0,0.58,0.46,0.0,0.0
真正的智慧，往往隐藏在最平凡的日常中。我们能从细节中学到更多。#细节中的智慧,0.0,0.0,0.66,0.44,0.0,0.0
生活的目标，不是追求极致的完美，而是找到自己最适合的方式，享受平衡。#生活的平衡,0.0,0.0,0.69,0.35,0.0,0.09
未来不在于你如何拼搏，而在于你如何规划和思考每一步的方向。#未来规划,0.0,0.0,0.41,0.55,0.0,0.09
