posts,angry,fear,happy,neutral,sad,surprise
今天的思考又进入了另一个层面。想了一些关于量子计算的未来应用，真的是一种全新的认知突破，感觉世界的运行规则在逐步变得更加清晰。#科技# #量子计算#,0.07,0.07,0.61,0.27,0.0,0.08
总是觉得，人与人之间的互动在某些时刻是多么复杂且难以琢磨。毕竟，理解自己才是第一步。#自我提升# #心理学#,0.0,0.07,0.22,0.47,0.31,0.0
持续在研究土星环的形成机制，科学的深度总是让我欲罢不能。宇宙中的一切都有其奇妙的逻辑，探索这些未知就像在解一道谜题。#天文# #土星环#,0.0,0.08,0.4,0.37,0.07,0.09
最近对人工智能的进步感到很兴奋。假如能够有一天，AI能够在处理复杂决策时，超越人类的局限，那将是一个令人期待的时代。#人工智能# #未来科技#,0.12,0.08,0.67,0.23,0.0,0.0
在不断探索新的人类可能性时，我发现了一个有趣的观点：成功的本质不在于外在的成就，而是内心的平和与深思熟虑。#哲学思考# #成功#,0.0,0.0,0.52,0.51,0.0,0.06
过去几天阅读了一些关于“超人哲学”的书籍，尼采的思想让我深刻反思个人与社会的关系。个人如何在有限的时间内实现最大的自我超越，是值得每个人思考的问题。#哲学# #尼采#,0.0,0.0,0.34,0.59,0.0,0.06
深夜里再次沉浸在音乐的世界中，Eddie Vedder的《Guaranteed》带给我一种独特的情感波动。生活中的细节，往往通过这种声音传递出来。#音乐# #灵感#,0.05,0.0,0.8,0.22,0.08,0.0
人类的社会行为总是充满了矛盾，尤其是在这信息爆炸的时代。如何通过理性去过滤无用的信息，是我每天都在思考的课题。#信息过滤# #社会观察#,0.07,0.09,0.15,0.63,0.06,0.0
最近在思考，未来的城市如果能完全依赖于可再生能源，那将是多么令人激动的事情。可惜，现在的技术和资金限制让我们还无法实现这一目标。#可持续发展# #未来城市#,0.12,0.08,0.36,0.36,0.12,0.08
所谓的“命运”，其实不过是你对未来的预见与把控。每一个成功的决策背后，都需要无数次深思熟虑。#决策# #命运#,0.0,0.0,0.31,0.65,0.07,0.08
今天重新读了《天体的秩序》，理解了更多关于宇宙演化的奥秘。科学的力量真是让人敬畏，逐渐能从微观中看见宏观的规律。#科学# #宇宙#,0.0,0.09,0.74,0.11,0.0,0.0
在我看来，宇宙中的一切都遵循着某种秩序，无论是星体的运动，还是生命的进化。科学的探索让我们能逐步接近这个深邃的真理。#宇宙# #科学探索#,0.0,0.0,0.44,0.52,0.0,0.0
人类太多的行为，往往是对未知的恐惧而产生的。如何摆脱这种恐惧，面对真正的自我，才是突破的关键。#心理学# #自我探索#,0.0,0.23,0.25,0.64,0.06,0.06
我最喜欢的电影类型是科幻片，它们不仅仅满足了我的好奇心，还让我感受到一种“探索”的欲望。每一部好电影，背后都藏着创作者的哲学与思维。#电影# #科幻#,0.0,0.0,0.72,0.28,0.0,0.08
今天研究了量子物理的相关课题，意识到科学的进步不仅是对自然现象的理解，也是对我们认知极限的不断突破。#量子物理# #科学思考#,0.0,0.0,0.52,0.4,0.0,0.0
深夜总是给我灵感的最佳时机。当所有的嘈杂都消失，我才得以真正与自己的思想对话，去感知世界的深度。#独处# #深夜思考#,0.0,0.0,0.55,0.37,0.18,0.0
关于自我进化的思考有时让人迷茫，但我相信，每一步的进步都意味着离真正的“超人”理念更近。#自我进化# #尼采哲学#,0.0,0.05,0.5,0.4,0.0,0.0
如果科学能解开意识的奥秘，那将是人类史上最伟大的发现之一。意识，是宇宙中最为神秘的现象。#意识# #科学探索#,0.0,0.1,0.16,0.72,0.0,0.07
有时想，真正的智慧并非只是获得知识的能力，更重要的是对知识的深刻理解与应用。#智慧# #知识#,0.0,0.0,0.65,0.37,0.14,0.0
“时间”这个概念，真的是人类最不易掌控的资源。每一天的选择，都会在未来留下深刻的痕迹。#时间# #人生思考#,0.0,0.07,0.42,0.39,0.22,0.1
随着对地外生命的探索不断深入，我不禁开始思考，地球的历史是否只是宇宙中漫长生命的一个缩影。#外星生命# #宇宙历史#,0.0,0.08,0.0,0.62,0.14,0.15
最近对古埃及文明产生了浓厚的兴趣，尤其是关于金字塔的构建方法。有些事情，直到今天仍然无法解释。#古埃及# #文明探秘#,0.0,0.05,0.13,0.54,0.12,0.14
当你开始真正理解“孤独”这个词时，你会发现它并不可怕，反而是一种深刻的自我认识的过程。#孤独# #自我#,0.0,0.3,0.32,0.38,0.15,0.12
不知为何，思考太空中的未知生物，总会让我感到一种强烈的冲击。这些存在是否真如我们所想般远离？#外星人# #太空探索#,0.06,0.18,0.06,0.37,0.29,0.14
发现自己越来越能在忙碌的工作中保持冷静，似乎已经找到了真正属于自己的节奏。#工作# #冷静#,0.0,0.0,0.82,0.09,0.12,0.06
有时想，人生如果能完全按照自己的意志走，将是多么美好。现实总是充满了妥协，但理想却从未放弃。#人生# #理想与现实#,0.0,0.0,0.76,0.1,0.17,0.1
你会发现，真正重要的不是你身处何方，而是你在这个时空中的思想和视角。#思考# #人生哲学#,0.0,0.0,0.41,0.64,0.07,0.08
今天看了一部电影，思考了关于记忆与自我意识的关系。也许，我们所有的思考，只是记忆的反馈。#记忆# #自我意识#,0.0,0.0,0.17,0.52,0.29,0.1
说实话，所有那些关于“改变世界”的言论，都不如每个人对自己生活的理解来得更有意义。#改变世界# #个人成长#,0.12,0.0,0.31,0.36,0.16,0.09
总是对未来充满期待，科技的进步让我坚信，人类的未来将更加精彩与不可预测。#科技# #未来#,0.11,0.0,0.92,0.06,0.0,0.0
最近对“技术孤岛”现象有些思考，科技的快速发展是否意味着人类社会越来越分裂？#社会观察# #技术孤岛#,0.1,0.15,0.0,0.61,0.14,0.1
学习一门新技能的过程往往是漫长而痛苦的，但每一次突破都让你更接近自己理想中的那个自己。#自我提升# #技能学习#,0.0,0.08,0.62,0.39,0.06,0.0
不断反思自己的生活方式，有时候忙碌的生活会让人忘记思考，真正的目标是什么。#反思# #生活目标#,0.0,0.09,0.37,0.33,0.32,0.0
看着一些极端的科技发展，我开始思考人类的未来到底会走向哪里。是更多的依赖机器，还是回归自然？#科技与人类# #未来走向#,0.15,0.07,0.15,0.45,0.14,0.18
最近对量子力学的思考越来越多，觉得它不仅是科学的奇迹，也是一种哲学的挑战。#量子力学# #哲学思考#,0.0,0.0,0.44,0.49,0.0,0.08
每个时代都有不同的困境和挑战，但当我们从更高的视角看待问题时，许多难题也许就不那么难了。#视角# #时代挑战#,0.0,0.11,0.28,0.58,0.0,0.08
自己越来越觉得，孤独并不是坏事。它是一个反思和自我完善的机会。#孤独# #自我完善#,0.07,0.07,0.58,0.21,0.25,0.05
未来世界将是个知识型社会，不是物质的积累，而是精神和思想的深度。#知识社会# #未来预测#,0.0,0.11,0.24,0.73,0.06,0.07
只要我们保持探索的心态，世界就没有不可能解开的谜题。#探索# #未知#,0.0,0.08,0.49,0.42,0.0,0.0
曾经深思过，人与人之间的真正交流并不在于语言，而是思想和理念的碰撞。#思想交流# #人际关系#,0.0,0.0,0.17,0.71,0.17,0.1
深夜的思考，总是让人产生更多的问题而非答案，但每一个问题，都是通向真理的钥匙。#深夜思考# #真理#,0.0,0.0,0.43,0.48,0.19,0.0
看到许多人为物质而活，我总在思考，真正的自由到底是指什么？是拥有更多的物质，还是更多的思想自由？#自由# #思考#,0.14,0.0,0.18,0.34,0.18,0.3
生活中有很多表面上的“幸运”，但背后的努力与坚持才是最值得珍惜的。#努力# #幸运#,0.0,0.0,0.94,0.0,0.06,0.0
现在开始反思自己过去的决定，才发现有些错误其实是可以避免的。人生总是充满选择，但每个选择都会改变未来。#反思# #人生选择#,0.0,0.0,0.63,0.2,0.22,0.11
科技带来的便捷让我思考：真正的进步，不仅仅是形式上的变化，更重要的是思想上的跃升。#科技进步# #思想跃升#,0.11,0.0,0.63,0.33,0.0,0.06
经常在想，若干年后的人类社会会是怎样？是完全自动化的世界，还是回归自然、更加简朴的生活？#未来社会# #人类发展#,0.12,0.05,0.23,0.47,0.09,0.25
最近不断在学习各种新的知识，觉得人生就是一个不断进阶的过程，每一刻都不容错过。#学习# #进阶#,0.0,0.0,0.93,0.0,0.0,0.0
追求智慧的过程，往往需要不懈的努力和探索，但这种追求本身，却是人生最有意义的事。#智慧# #探索#,0.0,0.0,0.79,0.27,0.0,0.0
看完一部纪录片，关于人类如何突破思维的桎梏，真心觉得，如果我们能打破传统观念，可能会看到一个全新的世界。#纪录片# #突破#,0.05,0.11,0.71,0.17,0.0,0.19
今天又整理了一些关于古埃及的资料，依然觉得这个文明极其神秘。想不通，怎么一个几千年前的社会能留下如此深远的影响。#古文明# #埃及#,0.0,0.09,0.06,0.4,0.14,0.34
