posts,angry,fear,happy,neutral,sad,surprise
生活似乎是一场无休止的实验。我们试探着每一个选择，每一条路，最终证明的只有那个不轻易妥协的自己。每一块碎片都在逼近最接近真理的边缘。,0.0,0.08,0.18,0.35,0.3,0.0
今天在街角看着一对情侣，心里竟然没有嫉妒或羡慕。想了想，或许人类的情感就是如此，表面上看似强烈的联系，实际上不过是对孤独的短暂缓解。,0.0,0.0,0.39,0.18,0.29,0.23
许多人在追求他人的认可，但我始终在问，自己的认可是不是足够重要？每一次的自我挑战，才是最大意义上的进步。,0.0,0.0,0.55,0.23,0.0,0.09
世界的复杂程度超出了任何人的理解，我们都在一个微不足道的时间点，试图拼凑出一些秩序。而我只是尽力在混乱中找到一丝理性。,0.08,0.0,0.37,0.35,0.09,0.07
一个人的孤独，并非不适应社会的表现，而是看清了某些人的表面，选择了远离。,0.0,0.0,0.16,0.62,0.37,0.0
当我深陷于一项任务时，所有其他的事都显得如此微不足道。生活的美妙，不是来自繁华的表象，而是那份从容面对一切的内心。,0.0,0.0,0.77,0.24,0.1,0.0
写作的过程像是在与自己对话，灵感并非从外界汲取，而是从深藏心底的角落悄然涌出。那种安静，正是我所需要的宇宙。,0.0,0.0,0.8,0.27,0.0,0.0
又是一个没有结果的夜晚，脑海中不曾停歇的思维永远在重新排列，试图从所有已知的因素中找出一条新的推理路径。,0.16,0.07,0.12,0.32,0.5,0.0
从不迷恋“命运”的指引。每个人的生活都在选择中蜿蜒前行，但最终的力量，永远掌握在自己手中。,0.0,0.0,0.7,0.26,0.0,0.0
有些人觉得人生可以按部就班地规划，但事实是，我们都在不断修正自己设定的方向。这个过程，才是人生的真正意义。,0.0,0.0,0.6,0.39,0.0,0.11
我发现自己总是沉浸在无尽的思考中，每一段对话，每一则新闻，每一场偶然的相遇，都会让我不由自主地去推敲其背后的逻辑。,0.0,0.0,0.12,0.45,0.39,0.0
如果说“理想”和“现实”是对立的，那么这个对立本身就是我生存的土壤。对于我来说，只有不断在两者之间寻找平衡，才有可能找到自己的归属感。,0.0,0.0,0.34,0.68,0.07,0.0
一个人最难战胜的敌人，往往是自己内心的动摇。每当情绪开始占据上风时，我会立刻拉回思维，让它恢复原本的理性。,0.0,0.0,0.17,0.66,0.24,0.0
不为别人设定的标准而生活。每一条道路的选择，都需要通过自己内心的衡量，才不会迷失。,0.0,0.0,0.65,0.35,0.0,0.0
走在这个世界上，偶尔我也会回头看看，曾经的自己是否曾为了适应而牺牲了太多的原则。,0.0,0.0,0.13,0.19,0.7,0.06
我从不相信所谓的“命运”安排。所有的成败都取决于我们对未知的掌控，而我偏爱通过冷静的分析，来减少一切可能的失误。,0.0,0.0,0.67,0.37,0.0,0.0
在这个信息爆炸的时代，学会筛选和过滤，才是最重要的生存技能。每一个想法的真伪，都要经过深思熟虑的考量。,0.0,0.0,0.29,0.72,0.0,0.0
真正的成长，不是去迎合别人的期待，而是突破自我的边界，成为那个完全不依赖他人的独立个体。,0.0,0.0,0.55,0.58,0.0,0.0
我不喜欢人群的喧嚣，反而更能在孤独中找回自我。许多人都在寻找外部的认同，然而我更倾向于向内看。,0.0,0.0,0.44,0.45,0.11,0.06
每一段关系的维系，仿佛都需要用某种方式在彼此之间建立一个“规则”。而我，只希望最简单的规则：尊重。,0.07,0.0,0.37,0.47,0.0,0.08
写作并不是为了抒发情感，而是为了寻找一种更深的理解。每个字句，都在探索未知的真理。,0.0,0.0,0.4,0.65,0.0,0.0
如果你总是对周围的噪音反应过度，那么你将永远无法集中注意力去做自己真正想做的事情。,0.12,0.0,0.0,0.6,0.36,0.0
突然意识到，原来每个人心中都有一个无法打破的坚硬堡垒。我们会为自己设下防线，偶尔偶尔会有些人成功突破，但更多的，依然是孤独。,0.0,0.07,0.12,0.18,0.7,0.0
想法总是多于行动，理性压过了情感的波动。每次想要打破舒适区时，都会提醒自己：真正的进步，只有通过理智的推敲。,0.0,0.0,0.57,0.39,0.14,0.0
每一个深夜，我都在思考：这一天的做法是否最优？总想用更多的方法去做，去验证，去精细化所有的细节。,0.13,0.0,0.24,0.41,0.09,0.1
看到别人享受生活时的安逸，心里反而会有一种莫名的冲动：我应该反思一下，是否已经把时间浪费在无意义的生活方式上。,0.29,0.06,0.0,0.19,0.53,0.07
生活并不复杂，复杂的是我们如何解读和应对生活中的每一个细节。,0.0,0.0,0.28,0.77,0.0,0.07
每个人都是生活的设计师，虽然看似不经意的决定，却决定了人生的走向。我不惧怕决策的压力，因为我早已准备好承担后果。,0.0,0.0,0.79,0.2,0.0,0.0
总是在不停地审视自己，怀疑是否是为了逃避外部世界的困扰，而逃进了内心的世界。,0.0,0.12,0.0,0.37,0.48,0.0
每一次孤独都是自我强化的过程，我学会了在这份孤独中找到成长的空间。,0.0,0.0,0.65,0.22,0.21,0.0
看着他人从事着看似简单的工作，我却总在追求着那些更深层次的事物。我的人生，似乎不容得半点“浅尝辄止”。,0.0,0.0,0.19,0.23,0.45,0.05
似乎我从来都不属于这个世界的表面，总是自然而然地疏远了那份喧嚣。也许这就是INTJ的命运。,0.11,0.0,0.0,0.23,0.73,0.0
每个失败的背后，都隐藏着无数未曾察觉的警告。只有学会从细节中汲取教训，才能避免同样的错误再次发生。,0.0,0.0,0.31,0.54,0.1,0.0
从不迷恋于某个人或事物的成功，更多的是从中看到了“过程”的重要性。真正的价值，不在于结果，而在于达到结果时的自我超越。,0.0,0.0,0.65,0.48,0.0,0.0
冷静下来，回头再看那些曾经觉得重要的东西，才会发现它们有多么微不足道。,0.0,0.0,0.42,0.23,0.49,0.0
这种莫名的孤独感，似乎是与生俱来的。即便在最热闹的地方，我依然能够保持一份距离感。,0.11,0.1,0.18,0.24,0.48,0.08
我喜欢在安静的环境中工作，因为只有当外部环境的喧嚣被隔绝，内心的声音才能更清晰地显现出来。,0.05,0.0,0.69,0.4,0.0,0.0
在一些事上，我不愿妥协，因为我知道每一次妥协都可能让我失去本应拥有的原则。,0.09,0.0,0.18,0.35,0.55,0.0
有时候，我会想：如果我选择了另外一条路，生活会是怎样的呢？不过每一次的选择，都让我更加坚信自己的独特性。,0.0,0.0,0.67,0.17,0.14,0.07
人生就像一场棋局，不断有人进攻和防守。最重要的是保持清晰的头脑，不被外界的干扰所影响。,0.0,0.0,0.6,0.52,0.0,0.0
无论外界怎样变动，我依然会坚守自己的原则。那些过于依赖外部验证的人，注定不会找到真正的自由。,0.0,0.0,0.46,0.38,0.14,0.0
走过的每一段路，都是对自己认知的一次突破。我开始理解，真正的自由来自于内心的解脱，而非外部的环境。,0.0,0.0,0.67,0.33,0.0,0.0
看到别人迷失在不切实际的目标中，我时常提醒自己：务实，理性，才是前进的动力。,0.0,0.0,0.71,0.22,0.07,0.0
每当夜晚来临，脑海中不断浮现的思绪让我更加确信：一切都在变化，唯有理性才是唯一不变的规则。,0.0,0.0,0.59,0.3,0.0,0.0
人生的意义，并非在于追求他人的认可，而是在于保持对自我的坚定信念。,0.0,0.0,0.6,0.55,0.0,0.0
许多人终其一生都在寻求所谓的“幸福”，但我知道，它不过是自己心灵的一片宁静而已。,0.0,0.0,0.49,0.29,0.23,0.1
每一个决定背后，都是无数个变量交织的结果。理性使我能更冷静地分析每一个可能性。,0.0,0.0,0.49,0.55,0.0,0.0
世界并没有我想象的那么复杂，唯一复杂的，是人类的感情和动机。,0.0,0.0,0.14,0.65,0.11,0.13
我不需要外界的解释，因为我已经在自己的内心中找到了所有的答案。,0.0,0.0,0.59,0.33,0.0,0.0
每个人都在以自己的方式探索世界，而我则选择以理性为指南，踏实前行。,0.0,0.0,0.68,0.34,0.0,0.0
