posts,angry,fear,happy,neutral,sad,surprise
每个人都在追求自己的目标，但目标的本质究竟是什么？大多数人只是看到了表象，殊不知，真正的答案始终藏匿在内心的深处。探索内心，方能真正理解自己。,0.0,0.0,0.25,0.51,0.09,0.16
有些人说“你总是一个人”，但我并不觉得孤单。独处对我来说是与自己对话的时刻，反而是世界的喧嚣让我感到疲惫与压迫。内心的平静比什么都重要。,0.0,0.0,0.42,0.21,0.46,0.0
有时，放慢步伐并非懒惰，而是一种理性的选择。忙碌与成就的真正意义在于深度而非广度。当你开始审视生活时，发现不必追求每个外界定义的目标。,0.0,0.0,0.55,0.49,0.0,0.0
生活的意义，从不在于外界的评价，而是在于内心的真实感受。每一次深思，每一次反思，才是前行的力量源泉。,0.0,0.0,0.77,0.36,0.0,0.0
今天与朋友讨论未来的规划，发现每个人的目标都不同，但方向似乎都在一个不言而喻的地方。我希望走在属于自己的道路上，坚定不移，不受外界干扰。,0.06,0.0,0.82,0.12,0.0,0.0
持续自我改进的道路并不总是顺畅的，但这正是生活的真实面貌。越是认清自己，越能理解何为“成长”。,0.0,0.0,0.8,0.18,0.0,0.0
我喜欢把复杂的事物拆解成简单的部分，然后理性地分析每个元素。生活中的复杂性常常是我们自己赋予的，其实，简化才是智慧。,0.0,0.0,0.52,0.63,0.0,0.0
每一刻的选择，都是无数可能性中的一个。每当你选择走向一个新的方向，你的生活轨迹便开始悄然改变。理性思考，理智抉择，是我前进的动力。,0.0,0.0,0.72,0.31,0.0,0.0
人与人之间的关系，往往超出了表面的交往。深层次的连接，来自于思想的碰撞和灵魂的对话。而这些，往往是无声的。,0.0,0.0,0.14,0.82,0.08,0.0
最近反思过去的一些选择，发现许多所谓的“失败”其实是成功的前奏。只有敢于承认错误，才会在下一次更好地调整方向。,0.0,0.0,0.57,0.28,0.09,0.0
坚持做自己喜欢的事，哪怕不被理解。内心的平静远比他人的认同更值得追求。每个人的路都不一样，坚守自己的理想，不因外界风云动摇。,0.0,0.0,0.84,0.19,0.0,0.0
早晨的第一缕阳光总是最为清新，那一刻仿佛提醒我，今天又是重新开始的一天。理性思考，合理安排，才能把握好每一个时光。,0.0,0.0,0.88,0.13,0.0,0.0
我不害怕孤独，因为孤独是与自我相处的机会。生活的美好，常常在独自享受的时刻悄然绽放。,0.0,0.06,0.84,0.15,0.0,0.0
对我来说，做事从来不是为了证明自己，而是为了实现心中的目标。外界的评价不重要，重要的是我是否满足了自己的内心。,0.0,0.0,0.56,0.41,0.0,0.0
夜晚安静时，我常常反思今天做得不够好的地方。这种反思是为了进步，不是为了自责。不断修正自己，才是真正的成长。,0.0,0.0,0.75,0.18,0.09,0.0
总有人问我，为什么这么喜欢安静的地方。或许是因为在那里，我能听见自己内心的声音，能真正与自己对话。,0.0,0.0,0.71,0.19,0.0,0.0
生活中的每一次挑战，都是一次自我提升的机会。理性的人知道，成功并不在于回避困难，而是从挑战中汲取力量，逐步向前。,0.0,0.0,0.77,0.42,0.0,0.0
我喜欢阅读那些能激发思考的书籍，而不仅仅是填充时间。知识的力量在于它能够改变人的视野，拓展思维的边界。,0.0,0.0,0.61,0.47,0.0,0.0
有时候，我需要给自己一个独处的空间，这样才能理清思路，恢复精力。因为只有在静默中，才能感受到内心的力量。,0.0,0.0,0.75,0.29,0.06,0.0
思考未来的时候，我常常问自己一个问题：这件事能让我变得更好么？如果不能，那就不值得投入太多精力。每个选择，都是对未来的铺垫。,0.0,0.0,0.31,0.42,0.23,0.0
一段时间的忙碌过后，终于能够有几天的空闲。平静的时光中，我可以整理思绪，规划未来，享受片刻的宁静。,0.0,0.0,0.83,0.19,0.09,0.0
每一场旅行，都不是为了逃避现实，而是为了更清晰地看清自己与世界的关系。在新的环境中，我学会了更好地了解自己。,0.0,0.0,0.81,0.16,0.0,0.0
不同的观点往往会碰撞出新的火花。保持理性，不偏执于一方，可以从中获取更多的智慧。深思熟虑的决策，总是胜过盲目行动。,0.0,0.0,0.71,0.43,0.0,0.0
有些人太过热衷于“社交”，忘记了自我。而我，宁愿选择冷静而深刻的交流。与其热闹，不如安静地与自己对话。,0.0,0.0,0.33,0.46,0.35,0.0
“沉默”往往是一种力量。当你不再急于表达时，反而能够看清更多的事情。沉淀下来，才能做出更精准的判断。,0.0,0.0,0.71,0.4,0.0,0.0
随着年纪的增长，越来越能理解“内心的宁静”是多么宝贵。这个世界太过喧嚣，而真正的力量往往来自于对自我的深刻理解。,0.0,0.0,0.77,0.23,0.0,0.0
一直以来，我对时间的理解是：它是最公平也是最无情的。学会高效利用时间，才能让自己不断进步，超越昨日的自己。,0.0,0.0,0.66,0.21,0.07,0.0
在人与人之间的互动中，我一直秉持一个原则：真诚而不过度投入。因为只有保持理智，才能避免不必要的情感耗损。,0.0,0.0,0.56,0.49,0.0,0.0
我相信，每一次自我突破，都伴随着内心的矛盾与挣扎。而真正的胜利，是战胜那些内心的恐惧，坚定走向自己的目标。,0.0,0.07,0.81,0.17,0.0,0.0
独立思考是我一生的追求。无论外界如何嘈杂，我始终坚持用自己的眼光看待世界，不受他人意见的左右。,0.0,0.0,0.72,0.31,0.0,0.0
有些人会质疑我为什么不轻松一点，但我知道，只有严谨的思维和深刻的自省，才能让我在人生的道路上越走越远。,0.0,0.0,0.78,0.19,0.0,0.0
早晨的静谧，总让我感到一种未曾触及的力量。一天的开始，是新的机会，也是自我挑战的时刻。,0.0,0.0,0.94,0.0,0.0,0.0
旅行时，我总是喜欢独自走在那些宁静的街头，沉浸在城市的节奏中。每个细节都在提醒我，生活是如此丰富，值得细细品味。,0.0,0.0,0.9,0.15,0.0,0.0
我的生活不是为别人而活，而是为我自己。在这条独立而坚韧的道路上，我才能够找到属于我的宁静与满足。,0.0,0.0,0.85,0.16,0.0,0.0
生活并非总是完美无缺的，但正是那些小小的不完美，让我们更能体会到生活的深度与真实。,0.0,0.0,0.81,0.26,0.07,0.0
我不惧怕孤单，因为孤独是沉淀自我的最佳时机。在那样的时刻，我可以理性地审视自己，找到前进的动力。,0.0,0.0,0.87,0.13,0.0,0.0
每个人都有自己的节奏，而我选择的是一种不急不躁的方式。只有理性思考，才能让每一步走得更加坚实有力。,0.0,0.0,0.75,0.24,0.0,0.0
最理想的状态是，无论外界如何变化，我都能保持内心的清明与平静。真正的力量，来自于内心的自信与从容。,0.0,0.0,0.75,0.27,0.0,0.0
有时，我会突然停下来，想一想自己走过的路。每一段经历，无论痛苦还是喜悦，都让我变得更强大。,0.0,0.0,0.94,0.0,0.05,0.0
生活需要目标，但不一定要追求他人定义的成功。走自己的路，做自己认为重要的事，这才是真正的自由。,0.0,0.0,0.71,0.33,0.0,0.0
我从不依赖别人来定义我的生活。与其迷失在他人的期望中，不如找到自己真正的热爱和追求。,0.0,0.0,0.7,0.28,0.0,0.0
每个人的内心都有一个未被触及的空间，那里藏着最真实的自己。寻找那个空间，才能真正理解人生的意义。,0.0,0.0,0.47,0.45,0.06,0.0
有时候，我发现自己对外界的情感反应并不激烈，这并非冷漠，而是因为我已经学会了从理性角度看待每一件事。,0.0,0.0,0.36,0.46,0.27,0.0
有些人走得快，而我选择走得稳。每一步，都是深思熟虑后的决定。虽然慢，但总能看到最清晰的未来。,0.0,0.0,0.81,0.14,0.0,0.0
每一次的内心挣扎，都是一次自我提升的机会。唯有从这些挑战中走出来，才能更加坚定地走向自己的目标。,0.0,0.0,0.71,0.28,0.0,0.0
每一件事都可以被分析和解构。理性的人总是喜欢看到问题背后的逻辑，而不是被表象所迷惑。,0.0,0.0,0.48,0.62,0.0,0.0
在这个喧嚣的世界中，保持一颗冷静的心，是一种独特的力量。这种力量让我能够在复杂的环境中找到最简单的解决方案。,0.0,0.0,0.71,0.39,0.0,0.0
人生的道路并非一帆风顺，但每一次挑战过后，我都会变得更加成熟与理性。每一次跌倒，都是一次成长。,0.0,0.0,0.98,0.1,0.0,0.0
有些人总是急于行动，但我更倾向于深思熟虑。理性决策是我一贯的做事方式，只有这样，我才能保持内心的平和。,0.0,0.0,0.58,0.46,0.0,0.0
每个人都有自己的节奏和节拍，不必与别人比较。生活在自己的节奏里，才能让每一天都过得充实而有意义。,0.0,0.0,0.86,0.22,0.0,0.0
