posts,angry,fear,happy,neutral,sad,surprise
今天思考了一个问题：做事的目的究竟是什么？如果仅仅是为了迎合外界的期待，那一切都显得苍白。最终的答案是：做自己真正感兴趣的事，不为外人眼光所左右。,0,0.0,0.22,0.53,0.14,0.1
那些看似微不足道的时刻，往往能教会我最深刻的道理。人总是在生活的细节中找到真正的力量，正如我对实验结果的严谨解读，它们决定着未来的方向。,0,0.0,0.69,0.34,0.0,0.0
今天有个小小的挫折，但我并不感到沮丧。因为我知道，每一次的失败，都是对思考方式的再次验证。失败并不可怕，重要的是如何从中汲取经验，调整策略。,0,0.08,0.64,0.31,0.09,0.0
有时候，我喜欢通过独立思考打破自我设限。外界的声音总是那么喧嚣，但内心的沉静才是我真正的力量来源。真正强大的人，往往是最懂得如何与自己和平共处的。,0,0.0,0.81,0.28,0.0,0.0
生活中，很多事情都难以掌控。与其焦虑不安，不如接受这一点。不确定性才是生活的一部分，理性的人从中发现机会，适应并创造出新的可能性。,0,0.0,0.6,0.52,0.0,0.0
今天再次被一个问题困扰：“如果你知道答案，那会是什么？”也许在某些时刻，答案本身并不重要，重要的是我们追求真理的过程。这才是最具意义的。,0,0.0,0.27,0.44,0.08,0.16
随着年龄的增长，我渐渐学会了放下那些无法改变的事情。专注于眼前，逐步改善现状，才是我最终的目标。改变自己的心态，是解决问题的第一步。,0,0.0,0.65,0.29,0.0,0.0
生活有时会让人感到疲惫，但反过来，疲惫也能成为一种动力。每天的坚持，都在为未来铺路。不断反思，不断进步，这是我对自己的要求。,0,0.0,0.84,0.18,0.0,0.0
今天对某些事情的看法变得更加清晰。其实，不必为他人的评价所困扰，生活的真正意义是为自己而活。在内心找到了方向，外界的干扰便显得微不足道。,0,0.0,0.57,0.47,0.06,0.0
又是一个忙碌的下午，面对无数琐碎的任务，我已经学会了高效处理。做事并非越多越好，而是要做得更有意义。每一步都必须经过深思熟虑。,0,0.0,0.74,0.18,0.0,0.0
过去我曾对一些人有过过高的期望，但现在我明白了，人与人之间的关系需要双方的努力。与其依赖他人，不如自己先做出改变。唯有自我成长，才能带来更多的可能。,0,0.0,0.74,0.23,0.0,0.0
今天无意间回顾了一些旧书，发现那些曾让我深思的文字，依然能引发新的思考。时间不会带走思考的深度，反而使它们更加坚实。,0,0.0,0.85,0.14,0.11,0.0
我常常在忙碌中迷失，但当我静下心来，才会发现，很多时候问题的答案已经在内心深处。我需要的，只是一个机会去倾听自己。,0,0.0,0.43,0.27,0.3,0.0
今天与一位朋友聊起未来，发现自己对未知的事物并不感到恐惧。相反，我更喜欢在不确定中寻找机遇。每一次挑战，都是自我超越的机会。,0,0.0,0.85,0.18,0.0,0.0
最近频繁思考生活的意义。有时觉得，我们为了追求成功而忙碌，却忽略了过程中的成长与体验。真正值得珍惜的，不是终点，而是沿途的风景。,0,0.0,0.36,0.21,0.54,0.0
过去我总是渴望得到他人的认同，但现在我发现，最重要的是认可自己。只有内心坚定，外界的声音才能不再干扰我们的步伐。,0,0.0,0.81,0.2,0.0,0.0
我发现，很多时候，问题的答案并不复杂。解决问题的关键在于理清思路，精准地识别核心，再去采取行动。这就是高效的思考方式。,0,0.0,0.43,0.67,0.0,0.0
每当我遇到困难，都会提醒自己，成功并非一蹴而就。关键在于积累和耐心。一步步走稳，才能到达想要的彼岸。,0,0.0,0.81,0.21,0.0,0.0
在思考问题时，我总是喜欢从多个角度进行分析。不同的视角能让我看见事物的多样性，这让我更加确信，世界上没有简单的黑与白。,0,0.0,0.67,0.4,0.0,0.0
有时候，我也会有情绪波动，但我学会了如何理智地应对。情绪本身并不可怕，重要的是我们如何去管理它，让它不成为阻碍。,0,0.13,0.48,0.46,0.06,0.0
最近有些事情让我重新审视了自己的人际关系。我发现，真正的友谊不在于频繁的接触，而在于彼此间的理解和支持。这种无声的联系，才是最坚固的。,0,0.0,0.76,0.25,0.08,0.0
总有人问我为何不轻松一点，但我知道，内心的平静远比外界的轻松更为重要。人活在世上，最重要的不是寻求他人的认同，而是自我实现。,0,0.0,0.69,0.34,0.0,0.0
每天都在不断忙碌，但其实最重要的是如何安排自己的时间。高效的时间管理，不仅能提高工作效率，更能让自己从忙碌中获得更多的自由。,0,0.0,0.57,0.47,0.0,0.0
我喜欢独处，因为在独自思考时，我能够真正聆听内心的声音。那些被忽略的细节，总是在沉默中给出答案。只有与自己对话，才能找到前进的方向。,0,0.0,0.84,0.19,0.0,0.0
经常有人问我如何保持动力。其实，我并不是时时刻刻都充满热情，而是在平凡的日子中坚持自己的理想。真正的力量，来自于坚持不懈的行动。,0,0.0,0.76,0.27,0.0,0.0
我不怕孤独，因为孤独让我有更多的时间去思考，去反省。人总是忙碌于与他人的交往，却往往忽略了与自己相处的时间。,0,0.11,0.33,0.28,0.47,0.0
我喜欢挑战自己的极限，每一次突破都是对自我能力的认可。无论结果如何，重要的是过程中的收获。每一次的努力，都是在为未来铺路。,0,0.0,0.96,0.08,0.0,0.0
生活中，我们经常会遇到各种阻碍。关键在于如何调整心态，去接受这些挑战。勇敢面对，不屈不挠，才是生活最宝贵的品质。,0,0.0,0.81,0.21,0.0,0.0
今天在整理一些资料时，发现曾经的自己有过许多懵懂的想法。而现在，我已经能够用理性的眼光去审视这些过往。成长，就是这样一点一滴积累的。,0,0.0,0.93,0.0,0.06,0.0
每个人都有自己的节奏，而我更倾向于走得稳一些。生活中的每一步，都需要经过深思熟虑。我相信，稳步前行总能到达目标。,0,0.0,0.76,0.3,0.0,0.0
面对未知的事物，我并不感到害怕。相反，我喜欢挑战自己去解决这些问题。每一次未知，都是成长的机会。,0,0.14,0.87,0.13,0.0,0.0
每一场旅行，都是一次自我反思的过程。离开熟悉的环境，我能更加清晰地认识到自己内心的需求与渴望。旅行，不仅仅是看风景，更是探索内心的过程。,0,0.0,0.73,0.39,0.0,0.0
思考未来时，我常常会问自己：“这件事能让我变得更好么？”如果答案是否定的，那就不值得去做。做事的标准，只有一个：是否能让我成长。,0,0.0,0.31,0.46,0.2,0.05
人生的每个阶段都有其独特的意义，而我正在享受这个过程。不断追求进步，才是生活的真正意义。成长不是一蹴而就，而是一步步走出来的。,0,0.0,0.9,0.19,0.0,0.0
每天的生活，总是充满了忙碌与挑战。而我，依旧保持着理性的思考与冷静的态度。面对复杂的世界，只有保持清晰的思维，才能找到最佳的解决方案。,0,0.0,0.73,0.25,0.0,0.0
最近，我发现自己对外界的干扰越来越少了。生活中的繁杂与纷扰，已无法影响到我的内心。真正的力量，来源于内心的坚韧与自信。,0,0.0,0.72,0.27,0.07,0.0
总有人会告诉我：“你为什么不放轻松一点？”但我知道，轻松并不意味着放弃，真正的轻松是从内心找到平静，接受所有的挑战。,0,0.0,0.6,0.32,0.0,0.09
每一次的失败，都是一次宝贵的经验。我并不畏惧失败，因为它让我更接近成功。生活中的每一次挑战，都是一次自我超越。,0,0.0,0.89,0.19,0.0,0.0
我喜欢在深夜里独自思考。那个时候，周围的一切都变得安静，只有自己的思绪在流动。最深刻的思考，往往来源于那些安静的时刻。,0,0.0,0.46,0.38,0.23,0.0
面对繁忙的工作，我并不会感到焦虑。反而，我会用更加理性的方式去分配时间与精力。生活需要高效，更需要清晰的目标。,0,0.0,0.76,0.26,0.0,0.0
有些事情，看似难以逾越，但我知道，只要坚持下去，总能找到解决的办法。真正的挑战，不在于问题的复杂，而在于自己的思维是否足够开阔。,0,0.0,0.68,0.25,0.0,0.0
我并不害怕失败，因为我知道，失败是通往成功的必经之路。每一次的跌倒，都是一次重新站起来的机会。,0,0.07,0.85,0.16,0.06,0.0
今天和朋友聊到未来，发现我对自己的规划越来越清晰。每一个小目标的实现，都是在为最终的理想铺路。生活，不必急于一时。,0,0.0,0.74,0.26,0.0,0.0
最近，总觉得生活过得很快。回头看看，才发现自己已经走了很远。生活的意义，不在于急于抵达，而在于沿途的风景与体验。,0,0.0,0.56,0.14,0.36,0.0
我发现，很多时候，成功并不在于做得多，而在于做得精准。每一次的努力，都是在为更高的目标奠定基础。,0,0.0,0.77,0.24,0.0,0.0
面对不确定的未来，我并不感到焦虑。反而，我觉得这是挑战自我的最佳时刻。只有在不确定中，才能真正发现自己的潜力。,0,0.0,0.72,0.21,0.0,0.0
每次面对难题，我都会先静下心来思考。时间一长，我就能找到最简单且有效的解决办法。复杂的事情往往可以简化，关键在于理性的思考。,0,0.0,0.49,0.57,0.0,0.0
最近，我在思考一些人生中的重要问题。人活在世上，究竟为了什么？是为了别人，还是为了自己？我想，答案是为了自己成为更好的人。,0,0.0,0.4,0.39,0.08,0.13
我逐渐学会了放下那些不能控制的事情。生活的意义在于我们能够掌控自己的态度与行动，其他的，交给时间去处理。,0,0.0,0.6,0.35,0.11,0.0
生活中的每一次挑战，都让我变得更强大。重要的，不是遇到多少困难，而是我们如何面对它们，如何从中汲取力量。,0,0.0,0.82,0.2,0.0,0.0
