posts,angry,fear,happy,neutral,sad,surprise
“你不必盲目追随他人的节奏，人生的方向掌握在自己手里。最理智的选择就是专注于你自己真正想做的事，其他的，放轻松。” #人生观 #独立思考,0.0,0.0,0.63,0.38,0.0,0.0
“社交只是一个工具，真正的力量在于自我发展。你能凭借个人能力创造价值，而非依赖外界的认可。” #自我提升 #理性分析,0.0,0.0,0.3,0.8,0.0,0.0
“每个人都在设法获得他们想要的东西，关键是目标是否真正属于你，而非他人期待的模样。” #目标导向 #独立思考,0.0,0.0,0.28,0.69,0.0,0.06
“不信任那些给你过高期望的人。高期望意味着高风险，当失败来临时，伤害也会加倍。” #理性防御 #现实主义,0.17,0.1,0.15,0.56,0.07,0.0
“事事都有利弊，重要的是找到对自己最有利的选择，而不是为了迎合别人做出改变。” #选择的智慧 #冷静分析,0.0,0.0,0.48,0.63,0.0,0.0
“被情绪控制意味着失去理智，但无论何时，理性永远是最强大的力量。” #情绪管理 #理性至上,0.0,0.0,0.37,0.61,0.06,0.0
“把失败看作是人生中不可避免的部分，重要的是从每次失败中学到什么，而不是为失败而焦虑。” #失败与成长 #从容面对,0.0,0.06,0.66,0.36,0.0,0.0
“当你学会独立思考，社交的复杂性会变得越来越简单。你会发现，与其去取悦别人，不如专注于自己。” #独立思考 #简化复杂,0.0,0.0,0.38,0.67,0.0,0.0
“别让外界的评价左右你的决定。真正了解自己，才能做出最适合自己的选择。” #自我认知 #理性选择,0.0,0.0,0.44,0.57,0.0,0.0
“成功的定义因人而异，但追求个人理想的过程往往充满挑战，这就是为什么大多数人止步不前。” #挑战与成长 #理想,0.0,0.06,0.26,0.57,0.07,0.0
“不必强求自己成为某种‘完美’模样。个人的独特性本身就是最具价值的资本。” #自我接纳 #个性化发展,0.0,0.0,0.51,0.57,0.0,0.0
“这个世界上，没有人可以始终如一地获得所有人的认可，也没有必要去做这样的人。” #无畏 #自我坚守,0.0,0.0,0.57,0.31,0.0,0.0
“人际关系，切忌过于投入。过度依赖他人往往是个人失去主导权的开始。” #人际距离 #保持理智,0.0,0.0,0.18,0.77,0.11,0.0
“未来掌握在手中，而不是在他人施加的压力下。决策需要智慧，而不是感情驱动。” #理性决策 #未来掌控,0.0,0.0,0.36,0.7,0.0,0.0
“情感的依赖意味着削弱了自主的力量，独立而坚强的人才是最可靠的。” #独立性 #自我力量,0.0,0.0,0.33,0.63,0.1,0.0
“问题并不在于你是否能做好，而是在于你是否能冷静思考如何做好。” #冷静 #理性解决,0.0,0.0,0.28,0.68,0.0,0.0
“不需要证明给别人看，只要你自己知道你做得对，就足够了。” #自我认同 #不必迎合,0.0,0.0,0.55,0.42,0.0,0.0
“最浪费时间的事，莫过于盲目跟随他人。理智的人知道自己的方向，并为之努力。” #方向明确 #自我掌控,0.0,0.0,0.44,0.5,0.0,0.0
“人活一世，不必追求他人眼中的完美。真正的完美，是自己做得最好。” #自我完善 #个人追求,0.0,0.0,0.64,0.39,0.0,0.0
“走自己的路，即使这条路并不被所有人看好。你会发现，真正值得走的路，往往是最艰难的。” #坚持 #个人信念,0.0,0.0,0.71,0.31,0.0,0.0
“没有什么比不断提升自己更值得投入的事情。外界的噪音，终会消失在自我成长的步伐中。” #自我提升 #内在力量,0.0,0.0,0.68,0.31,0.0,0.0
“情感可以是驱动力，但决策必须基于理性。做决策时，先问自己：这真的对我有利吗？” #理性决策 #自我分析,0.0,0.0,0.2,0.75,0.0,0.0
“每一次失败，都是一次新的学习机会。不要让情绪左右你，真正的智慧在于从失败中汲取力量。” #失败与智慧 #冷静分析,0.0,0.0,0.53,0.52,0.0,0.0
“很多时候，成功并非因外界的推崇，而是因你坚持做对的事。” #坚持 #成功之道,0.0,0.0,0.6,0.51,0.0,0.0
“面对选择，理性胜于感性。你应该问自己：这个选择对我长远的影响是什么？” #理性选择 #深思熟虑,0.0,0.0,0.27,0.71,0.0,0.06
“当你不再依赖他人时，你才真正自由。” #独立性 #自我掌控,0.0,0.0,0.39,0.64,0.0,0.0
“与其在别人的意见中迷失，不如在自己的思维中找到道路。” #独立思考 #自我方向,0.0,0.0,0.43,0.56,0.0,0.0
“未来并不是由别人预测的，而是由你自己决定的。” #未来掌控 #自我决策,0.0,0.0,0.22,0.76,0.0,0.06
“过度反应只会带来不必要的混乱。冷静下来的你，会发现大多数问题并不复杂。” #冷静 #理性解决,0.0,0.0,0.39,0.57,0.0,0.0
“不必担心无法改变的事情，你能改变的，是你的应对方式。” #应对挑战 #理性思考,0.0,0.06,0.53,0.52,0.0,0.0
“生活的复杂性来自于无数的选择，而理性能帮你从中筛选出最优的路径。” #选择智慧 #理性分析,0.0,0.0,0.34,0.78,0.0,0.0
“不必过于追求他人的标准，做自己认为最对的事，就足够了。” #自我认知 #独立,0.0,0.0,0.59,0.4,0.0,0.0
“不要让他人的成功定义你的价值，你的成功是独立定义的。” #个人价值 #自我认可,0.0,0.0,0.23,0.75,0.0,0.0
“每个人都能成为自己想成为的人，关键是要有清晰的目标和持续的努力。” #目标明确 #持续努力,0.0,0.0,0.48,0.48,0.0,0.0
“我们不需要追求所有的答案，但需要对每个问题有深思熟虑的理解。” #深思熟虑 #独立思考,0.0,0.0,0.31,0.74,0.0,0.0
“学会承受孤独，因为真正的智慧往往源于沉默的时刻。” #孤独 #深度思考,0.0,0.07,0.38,0.6,0.22,0.0
“所有的烦恼都是短暂的，只有你自己能决定如何面对它们。” #面对挑战 #自我控制,0.0,0.0,0.47,0.49,0.0,0.0
“每一次挫折，都是自我提升的机会。与其焦虑，不如迎接它，做好应对准备。” #挫折与成长 #自我提升,0.0,0.08,0.63,0.33,0.0,0.0
“不用为不懂的人解释，理解的人自会理解。” #自我表达 #理性沟通,0.07,0.0,0.45,0.58,0.0,0.0
“人际关系要保持清晰的界限，避免过度投入。理智让你更加坚韧。” #理智关系 #自我保护,0.0,0.0,0.47,0.57,0.0,0.0
“成功的路很长，重要的是持之以恒，而非一时的冲动。” #坚持不懈 #长期规划,0.0,0.0,0.63,0.46,0.0,0.0
“在复杂的社会中，保持清晰的思路才是成功的关键。” #思维清晰 #理性分析,0.0,0.0,0.3,0.74,0.0,0.0
“无论别人如何评价你，你只需记住，只有你自己才能定义你的人生。” #自我定义 #独立思考,0.0,0.0,0.51,0.5,0.0,0.0
“人常常低估了独立的重要性。只有自己坚强，才能不依赖任何人。” #独立 #内心坚强,0.0,0.08,0.57,0.39,0.15,0.0
“理智的生活不是无趣，而是让生活更加有序和高效。” #理性生活 #高效,0.06,0.0,0.61,0.48,0.0,0.0
“不必跟随大众，去寻找适合自己的节奏，才是最理智的选择。” #自我节奏 #独立思考,0.0,0.0,0.48,0.47,0.0,0.0
“人类的情感丰富，但处理事务时要摒弃情感干扰，理性是最有效的决策依据。” #理性决策 #情感控制,0.0,0.0,0.2,0.86,0.0,0.0
“当别人批评你时，不必急于回应。静默观察，理性处理。” #冷静反应 #理性处理,0.09,0.0,0.34,0.67,0.0,0.0
“成功不是一步登天，而是每一个微小的进步积累起来的。” #成功之道 #持续进步,0.0,0.06,0.65,0.4,0.0,0.0
“独立的人生才最自由，依赖他人只会让你束手束脚。” #独立 #自由人生,0.0,0.0,0.45,0.48,0.1,0.0
