posts,angry,fear,happy,neutral,sad,surprise
工作就像是为未来设定的轨道，早早预见，早早布局。我所做的每一步，都带有某种使命感。不管前方有多少挑战，目标已经明确。,0.0,0.0,0.81,0.15,0.0,0.0
刚刚看完《天才少女》，片中那些不计后果的天才与我有异曲同工之妙——不以常规衡量，不被情绪左右，所有的逻辑一切清晰可见。,0.0,0.0,0.67,0.24,0.0,0.1
最近开始反思自己如何高效处理繁杂的任务：时间规划、优先级排序、深度专注。简单，但在这个信息量过载的时代，执行力才是最珍贵的资源。,0.0,0.0,0.53,0.37,0.08,0.0
从小就知道，努力的本质不是为了改变别人看我的眼光，而是为了拥有足够的自由，做自己想做的事。,0.0,0.0,0.77,0.18,0.0,0.0
外界的评价对我来说不过是风声。重要的只有自己对目标的执着，以及如何在一条直线下，步步为营。,0.0,0.0,0.49,0.38,0.0,0.0
这种不以感情为主导的思考方式，可能是我在复杂人际间的一种保护机制。理性和自我管理，是我永远的座右铭。,0.0,0.0,0.42,0.58,0.0,0.06
对于那些让自己情绪波动的事物，一旦判断出无意义，我会毫不犹豫地从生命中剔除。浪费情感的事物，不值得保留。,0.17,0.0,0.24,0.37,0.34,0.0
经过这些年的沉淀，我发现自己在面对人群时，已学会将自己放在最合适的位置。低调，理性，必要时才会展现锋芒。,0.0,0.0,0.71,0.35,0.0,0.0
今天处理工作中的一个棘手问题，思路完全被理性剖析而解决。直觉和理智往往是最强的武器，重要的是如何在关键时刻运用它。,0.0,0.0,0.27,0.76,0.0,0.0
人生要有远见，不能只看眼前的障碍。不断反思自己的局限，跨越这些局限，才是真正的自我成长。,0.0,0.0,0.7,0.31,0.0,0.0
看了几篇关于“情感管理”的文章，不禁发笑。有些人说自己在情感世界中茫然无措，然而，我从来不相信依赖感情去解决问题。,0.09,0.0,0.36,0.23,0.27,0.06
最近对效率有了新的理解——工作并非全靠“拼”出来的，而是要通过理性的规划和步骤，才能达到最快最有效的结果。,0.0,0.0,0.49,0.51,0.0,0.0
这个世界太过喧嚣，唯有自我清醒、理性分析，才能在混沌中看清自己想要的方向。,0.0,0.0,0.48,0.49,0.0,0.0
回顾自己的人生，深知每个决策背后都有一份深思熟虑的过程。做事从不急躁，处事从不感性。,0.0,0.0,0.54,0.48,0.0,0.0
对于今天的工作，我已经提前做足了准备。重要的不是行动的开始，而是如何在开始前就把一切规划得井井有条。,0.0,0.0,0.5,0.46,0.0,0.0
《钢铁是怎样炼成的》这本书影响了我太多。从中汲取的力量，不是单纯的情感冲动，而是从细节中找到解决问题的方法。,0.0,0.0,0.68,0.36,0.0,0.0
不管在什么样的环境下，最重要的是拥有内心的平静与清晰。只有这样，才能在复杂局面中保持冷静，抓住关键。,0.0,0.0,0.57,0.51,0.0,0.0
很多时候，生活就是一场马拉松，而我一直在保持自己的步伐。我不着急，只要到达目标，就够了。,0.0,0.06,0.8,0.06,0.0,0.0
与其依赖别人给予的认可，不如自己做出成就。成就感，往往来自自己对目标的坚持和执行力，而非他人的看法。,0.0,0.0,0.5,0.55,0.0,0.0
每个人都有潜力达到某种高度，区别只是，能否在正确的时机突破瓶颈。对我来说，最重要的是耐心与策略。,0.0,0.0,0.52,0.52,0.0,0.0
今天的进展令人满意，所有的决策和行动都经过充分的分析。理性不代表冷血，而是站在更高的视角审视局势。,0.0,0.0,0.74,0.27,0.0,0.0
感情的复杂性并不是我的弱点，而是我从一开始就不相信依赖感情做决定。这种立场早已在心中扎根。,0.06,0.0,0.17,0.52,0.16,0.0
人生不过是一次长途旅行，而每一站的停留，都需要合理的安排和准备，才能让自己在终点处问心无愧。,0.0,0.0,0.75,0.24,0.05,0.0
不喜欢无谓的情感纠葛。对我来说，理智和目标才是最重要的事物，情绪只是偶尔的陪衬。,0.0,0.0,0.43,0.39,0.18,0.0
做任何决定前，我都会把所有可能的变量考虑清楚，理性地分析利弊得失，再做出最符合目标的选择。,0.0,0.0,0.45,0.57,0.0,0.0
每次陷入困境时，我习惯独自沉淀，不急于回应外界的声音。往往在孤独的思考中，能找到突破的契机。,0.0,0.0,0.69,0.26,0.0,0.0
高效的工作不是靠加班，而是靠精准的时间分配与任务优先级。时间是最公平的资源，我用得比别人更有价值。,0.07,0.0,0.67,0.36,0.0,0.0
也许是性格使然，我对复杂人际关系没有太多兴趣。简单的关系才是最真实的，虚伪与不真实的交往，我不喜欢。,0.15,0.0,0.07,0.32,0.47,0.0
大多数人对于复杂问题的处理方式往往情绪化，而我更偏向于冷静的分析和思考，这样可以更清晰地看到解决之道。,0.0,0.0,0.34,0.73,0.0,0.0
所谓人际关系，其实无非是交易。我倾向于在建立任何关系时，确保双方都有互利的基础。,0.0,0.0,0.15,0.81,0.0,0.0
没有什么比内心的冷静更重要。当周围纷乱的声音四起时，我学会了自我清理，专注于自己的目标。,0.0,0.0,0.68,0.28,0.0,0.0
在这个信息爆炸的时代，最重要的能力之一就是筛选。只有清楚什么是对自己有价值的，才能避免被琐事分散注意力。,0.0,0.0,0.32,0.67,0.0,0.0
每个人都有自己的天赋，但只有通过自律与长期的努力，才能真正将其转化为可以实现的成果。,0.0,0.0,0.45,0.61,0.0,0.0
做事讲究策略。你不可能全盘开局，只有在充分了解对方的情况下，才能找准最有效的攻防策略。,0.0,0.0,0.28,0.8,0.0,0.0
思维的冷静与理性的深度，是我处理任何事情时的优势。感情从来不是决策的基石，智慧才是。,0.0,0.0,0.71,0.41,0.0,0.0
有时候，与其一味看人家如何成功，不如自己把眼光聚焦在自己可以控制的领域，并通过努力取得成果。,0.0,0.0,0.52,0.53,0.0,0.0
如果能够从每一个挫折中学到经验，那么这些挫折其实都不过是通向成功的必要步骤。,0.0,0.0,0.29,0.69,0.12,0.0
有些人天生适合领导，他的决策总是理性且准确。你若能静下心来观察，就会发现自己也能具备同样的能力。,0.0,0.0,0.52,0.61,0.0,0.0
任何人在忙碌时都有机会沉淀，但真正的沉淀，是在空闲和安静时，敢于面对自己内心深处的声音。,0.0,0.0,0.59,0.49,0.0,0.0
和许多人交往时，我常常保持一种冷静的观察者身份，倾听他们的诉说，但我从不轻易参与他们的情感波动。,0.0,0.0,0.37,0.64,0.0,0.0
做一个高效且理性的人，并非意味着没有感情，而是能够在感情和理智之间找到恰当的平衡。,0.0,0.0,0.47,0.68,0.0,0.0
永远不要低估了自己的决策能力。理性与冷静的思考，会让你在复杂的世界中走得更远。,0.0,0.0,0.6,0.47,0.0,0.0
今天总结了一下自己的工作方法，发现自己常常从系统性思考入手，力求将每一个环节做到最优。,0.0,0.0,0.42,0.52,0.0,0.0
生活并不会善待每一个人，但真正有能力的人，总能找到前行的道路，继续突破自己设定的限制。,0.0,0.0,0.86,0.18,0.0,0.0
时间是检验一切的标准，只有经历过时间的考验，才能看清自己真正适合的道路。,0.0,0.0,0.55,0.48,0.07,0.0
不被外界干扰，坚持自我。每一个看似微不足道的决定，都可能影响你未来的走向。,0.0,0.0,0.61,0.4,0.0,0.0
遇到挫折时，我不沉溺于情绪，而是冷静地分析如何从中恢复，并进一步完善自己的计划。,0.06,0.0,0.45,0.57,0.0,0.0
人生中的每个决策，都必须经过长时间的推敲和深思熟虑。只有真正了解自己，才能做出正确选择。,0.0,0.0,0.42,0.62,0.0,0.0
未来的方向已经明确，现在是时候将注意力集中在如何高效执行上了。再多的忧虑和拖延，都不能改变最终的结果。,0.07,0.0,0.26,0.49,0.18,0.0
内心深处的那份冷静与自信，才是我在复杂世界中最强的武器。它让我在任何时候都能坚持自己的道路。,0.0,0.0,0.91,0.17,0.0,0.0
