posts,angry,fear,happy,neutral,sad,surprise
有时候我们对于事物的认知并不完全是错误的，只是缺少了不同的视角。任何思维的局限，都是自我设限。#思维的局限#,0.05,0.05,0.08,0.63,0.15,0.0
不理解的东西不一定需要立刻去接受，给自己时间，从多个维度去分析、思考，可能会有不同的答案。#独立思考#,0.0,0.0,0.41,0.5,0.0,0.06
一个优秀的领导者，并非总是说话最多的人，而是那些能够在最关键的时刻做出正确决策的人。#领导力#,0.0,0.0,0.46,0.56,0.0,0.0
每个人的生活都是一场长期的战略博弈，今天的决定，或许并不立刻显现结果，但它决定了你未来的方向。#战略思维#,0.0,0.0,0.27,0.74,0.0,0.05
一部优秀的电影，往往不需要解释太多，它通过细节和情感的沉淀让你理解其中的深意。#电影#,0.0,0.0,0.51,0.58,0.0,0.0
从一个人的行动和表达中，我看到了他对未来的规划，而这常常是比现在的成就更重要的信号。#洞察力#,0.0,0.0,0.57,0.44,0.0,0.05
我曾经也想过放弃，但我知道，那只是情绪的波动，理性告诉我，真正的成功是坚持下去的那一刻。#理性#,0.0,0.0,0.63,0.25,0.16,0.06
生活中的很多迷茫，都是因为没有清晰的目标。设定目标，并为之奋斗，一切都会变得清晰起来。#目标#,0.0,0.08,0.72,0.23,0.0,0.0
如果你想在复杂的世界中找到一条清晰的路径，首先要做好的是洞察自己内心的欲望和需求。#内心洞察#,0.0,0.06,0.3,0.68,0.0,0.0
常常觉得，最有效的学习方法，莫过于从错误中汲取教训，而不是简单地追求成功的结果。#学习#,0.0,0.0,0.54,0.43,0.12,0.0
世界的运转，永远都没有我们想象的那么简单，深入分析每一个细节，才能窥见本质。#细节#,0.0,0.0,0.41,0.52,0.07,0.11
做事要有策略，盲目的行动往往让人陷入困境。冷静和理智是最强大的武器。#战略#,0.0,0.08,0.44,0.61,0.06,0.0
别人的意见固然重要，但最终决定你走向的，是你自己的选择。#自我选择#,0.0,0.0,0.32,0.65,0.07,0.08
大多数人都在生活中犯了一个错误：过度依赖外界的评价，忽略了内心真正的声音。#自我认知#,0.0,0.0,0.1,0.63,0.21,0.0
未来的世界属于那些能够准确判断未来趋势，并且果断行动的人。#前瞻性#,0.0,0.0,0.45,0.57,0.0,0.0
“多读书少说话”这句话从来都不是空洞的，它提醒我们，深思熟虑，才是做出有力决策的基础。#深思#,0.0,0.0,0.44,0.53,0.0,0.0
不是每个问题都需要立即解决，有时候，静待时光，也是一种智慧。#耐心#,0.0,0.0,0.89,0.28,0.0,0.0
每个人都要在生活的战场上找到属于自己的武器，不是为了打败别人，而是为了超越自己。#超越自我#,0.0,0.0,0.74,0.29,0.0,0.0
人生的关键，不在于你遇到了什么，而在于你如何选择去面对。#选择#,0.0,0.0,0.46,0.55,0.1,0.09
成功与失败，往往是一个时机的问题。重要的不是现在是否成功，而是如何为下一次机会做好准备。#机会#,0.0,0.0,0.37,0.59,0.0,0.07
如果你总是回避困难，那么你将永远停留在舒适区，无法突破自己。#突破#,0.0,0.11,0.14,0.51,0.37,0.0
比起做出显而易见的决定，我更喜欢那些经过深思熟虑、充满智慧的选择。#理性决策#,0.07,0.0,0.63,0.43,0.0,0.0
人生中的每个阶段，都是对自我能力的考验。找到自己的节奏，稳步前行，才会走得更远。#成长#,0.0,0.0,0.8,0.22,0.0,0.0
在这个充满变数的世界，唯一不变的，是你对自我的要求。#自我要求#,0.0,0.0,0.31,0.55,0.07,0.07
你越是怀疑自己的能力，越容易让外界的声音左右你的选择。真正的力量，来自于对自己信念的坚持。#自信#,0.0,0.0,0.7,0.33,0.07,0.0
做人要有远见，而不是只看眼前的一点小利。真正的成功，往往是远离眼前的诱惑，追求长远的目标。#远见#,0.0,0.0,0.73,0.42,0.0,0.0
当你站在高处，回望过往的决定时，或许会发现当初的挣扎并不重要，重要的是你做出了选择。#决定#,0.0,0.0,0.46,0.3,0.23,0.12
时间最不允许的就是浪费，因此，要为每一分每一秒的行动负责。#时间管理#,0.0,0.06,0.28,0.66,0.0,0.0
每个人都渴望完美的答案，但真正的答案往往隐藏在不同的视角之中。#答案#,0.0,0.0,0.08,0.66,0.18,0.17
无论在任何领域，保持独立的思考方式，永远是最珍贵的资产。#独立思考#,0.0,0.0,0.63,0.4,0.07,0.0
不论在任何情况下，保持冷静和理智，总是最可靠的方式。#冷静#,0.0,0.0,0.59,0.43,0.0,0.0
生活的复杂与简单，取决于你如何选择看待它。#心态#,0.0,0.0,0.34,0.7,0.07,0.07
每一个成功的背后，都有无数个夜晚在默默积累。#努力#,0.0,0.05,0.89,0.11,0.0,0.0
有时候，我们并不需要所有的答案，关键是知道自己到底在追寻什么。#追寻#,0.0,0.0,0.4,0.44,0.16,0.09
我不喜欢人云亦云的观点，我更喜欢从不同的角度去看待问题，找到独特的解答。#独特视角#,0.05,0.0,0.5,0.49,0.0,0.11
每个选择都是一次投资，而投资的回报，则是在未来不断显现的智慧。#投资#,0.0,0.0,0.68,0.42,0.0,0.0
有些人天生是来改变世界的，而他们的成功，不是天赋，而是长时间的坚持与不懈的努力。#坚持#,0.0,0.0,0.67,0.38,0.0,0.0
今天所做的一切，都是为了未来的自己。#未来#,0.0,0.0,0.75,0.19,0.0,0.07
人的思维总是容易受到环境的干扰，但最强的人是那些能在困境中保持内心宁静的人。#内心平静#,0.0,0.0,0.64,0.41,0.0,0.0
反思自己，是前进的动力。不断修正，才能走得更远。#反思#,0.0,0.0,0.72,0.28,0.07,0.0
成功的真正含义，不是去追求那些短期的胜利，而是那些经得起时间考验的成就。#长远目标#,0.0,0.0,0.54,0.54,0.0,0.0
每次的选择都是一场赌局，但冷静分析后的决策，比任何直觉都更为靠谱。#决策#,0.0,0.0,0.62,0.41,0.0,0.0
不懂的人，常常在表面看问题；而懂的人，能从中看到更深的内涵。#深度思考#,0.0,0.0,0.34,0.61,0.14,0.06
有些人走得很快，而有些人走得很远。速度不是最重要的，重要的是方向。#方向#,0.0,0.0,0.44,0.57,0.09,0.0
在不确定的时代里，能够保持清晰的头脑和坚定的目标，是最强的竞争力。#竞争力#,0.0,0.0,0.66,0.33,0.0,0.0
生活是一场漫长的修行，而最好的修行就是学会如何平衡自己内心的世界。#平衡#,0.0,0.0,0.53,0.56,0.08,0.0
要学会放弃那些不值得的东西，才能腾出空间去追求更重要的目标。#放弃#,0.0,0.08,0.34,0.42,0.37,0.0
不是每一个失败都是结束，它可能是你成功的前奏。#失败#,0.0,0.06,0.23,0.54,0.26,0.0
静心沉淀，才能在纷扰的世界中找到属于自己的道路。#内心坚持#,0.0,0.0,0.73,0.33,0.0,0.0
当你从更高的角度看待问题时，你会发现很多曾经难以逾越的障碍，其实只是暂时的。#看远#,0.0,0.0,0.46,0.48,0.18,0.0
