posts,angry,fear,happy,neutral,sad,surprise
深夜刷到一个自己写的旧笔记，发现自己思考的角度完全不同了。每一次回顾，都是自己成长的证明。还是那句话，不要畏惧改变，真正的进步是能让自己跳出过去的框框。,0.0,0.0,0.8,0.0,0.16,0.0
最近迷上了逻辑推理，尤其是那些暗藏细节的案件。人们总觉得事情表面是最真实的，实际上一点不然。情报处理能力和思维深度能决定一个人的未来。,0.0,0.0,0.29,0.66,0.0,0.0
回头看看那些所谓的“天才”，大多数都是在某个领域深入钻研，最终才有所成就。真正的智慧是耐心加上深度，而非一时的天赋。,0.0,0.0,0.39,0.65,0.0,0.0
看到了一篇关于人际关系的文章，写得非常到位。人际关系的本质其实并不复杂，就是适度的策略与真诚的平衡。像下棋一样，每一步都要有深思熟虑的选择。,0.0,0.0,0.55,0.57,0.0,0.0
过去那些认为“毫无价值”的细节，今天突然变得重要了。人生就是一个不断从微小的经验中提炼智慧的过程。,0.0,0.0,0.65,0.38,0.0,0.0
有时候人们太执着于计划的完美性，忘了最重要的是执行。完美的计划永远不能代替实际的行动，理性和实践才是达成目标的关键。,0.0,0.0,0.33,0.57,0.18,0.0
最近在思考“孤独”与“独立”的区别。孤独感来源于对外界的依赖，而独立则意味着拥有自己独立的思考和行动能力。,0.0,0.0,0.17,0.81,0.13,0.0
阅读的乐趣，不仅仅在于接受信息，更在于思维的碰撞与扩展。每本书都是一场思想的对话，能让你不断挑战自己的固有认知。,0.0,0.0,0.61,0.51,0.0,0.0
我不是在逃避现实，而是在寻找更适合自己的方式去面对。很多时候，回避并非弱点，而是为了更清晰的自我认知。,0.0,0.0,0.57,0.38,0.05,0.0
早晨的第一个决策总是最难的。是否起床，是否工作，是否坚持自己的目标。一次次的小决定构成了人生的大方向。,0.0,0.06,0.32,0.43,0.24,0.0
在追求卓越的路上，最大的敌人不是他人，而是自己。只有不断突破自己的极限，才能看到更广阔的天地。,0.0,0.0,0.65,0.33,0.0,0.0
反思时常带来痛苦，但这正是成长的过程。真正的智慧来源于每一次从错误中汲取教训，重新审视自己的方向。,0.0,0.0,0.81,0.28,0.0,0.0
不论身处何种环境，保持一颗理智的心，总能找到属于自己的路径。外界的杂音永远无法改变你内心的平静。,0.0,0.0,0.72,0.33,0.0,0.0
最近对很多事情的看法发生了变化。或许真正重要的并不是一开始的选择，而是在过程中的坚持和调整。,0.0,0.0,0.29,0.47,0.23,0.08
我发现，解决问题的关键不在于知道多少，而在于如何运用已知的知识。知行合一，才能成就大事。,0.0,0.0,0.48,0.59,0.0,0.0
社交关系中，最重要的不是数量，而是质量。每一段深刻的联系，都是时间和智慧的沉淀。,0.0,0.0,0.48,0.7,0.0,0.0
偶尔停下来，给自己一点独处的时间。没有任何打扰的空间才能真正倾听内心的声音。高效的工作需要清晰的思维，而清晰的思维来源于安静的时光。,0.0,0.0,0.62,0.48,0.0,0.0
“勇气”并非盲目的冒险，而是基于深刻理解后的行动。要有能力判断风险，才能在不确定中找到突破口。,0.0,0.0,0.52,0.59,0.0,0.0
看到别人获得成功，不要羡慕，只要深刻分析他们成功背后的规律。每个人的路径不同，但都有一定的共性。,0.0,0.0,0.55,0.53,0.0,0.0
世界并不会因为你的努力而轻松。真正的挑战是如何在挫折中坚持自己的信念，不被外界的干扰打乱节奏。,0.0,0.0,0.72,0.28,0.0,0.0
做决策时最忌讳的是情绪化。冷静分析，客观评估，理性选择，是每一个理智人的必备素养。,0.0,0.0,0.19,0.77,0.0,0.0
别轻易为别人设计未来，每个人的轨迹都是独一无二的。让别人走自己的路，你走自己的道，何乐而不为？,0.06,0.0,0.65,0.22,0.09,0.0
别人的评价无关紧要，真正重要的是你自己对自己的认知。不断提升自己，才是最有意义的投资。,0.0,0.0,0.63,0.41,0.0,0.0
面对复杂局面时，最重要的不是感情的起伏，而是如何利用有限的信息做出最合适的判断。,0.0,0.0,0.22,0.84,0.0,0.0
成长是一条没有回头路的路。每一次选择，都是朝向未来的步伐。前进，永远是最正确的选择。,0.0,0.0,0.81,0.14,0.0,0.0
理智告诉我，失败并不可怕。真正让人恐惧的是放弃了自我，陷入没有目标的迷茫。,0.0,0.42,0.18,0.22,0.28,0.06
生活没有那么多“对”与“错”，更多的是找到适合自己的方式。每个人都可以定义自己的规则。,0.0,0.0,0.55,0.51,0.0,0.0
追求卓越，并非为了超越他人，而是为了超越过去的自己。不断挑战自己的极限，才是自我成长的核心。,0.0,0.0,0.65,0.35,0.0,0.0
不要让短期的困难影响你对未来的看法。真正的成功，从来都是由长期的积累和坚持构成的。,0.0,0.0,0.61,0.51,0.0,0.0
思考是解决问题的第一步，行动才是第二步。在这个快节奏的社会，思考的空间逐渐缩小，这让我更加珍视每一次的深思熟虑。,0.0,0.0,0.53,0.41,0.1,0.0
最近明白了一件事，生活中很多烦恼，其实不过是我们自己放大的幻觉。学会冷静，很多问题都会迎刃而解。,0.0,0.0,0.55,0.33,0.06,0.08
每一次的失败，都是积累经验的机会。只有从失败中总结教训，才能走向更高的境界。,0.0,0.0,0.65,0.42,0.0,0.0
每个人的成功背后，都有无数的选择和努力。与其去羡慕别人，不如把精力集中在提升自己上。,0.0,0.0,0.61,0.41,0.0,0.0
知道自己能做什么，知道自己做不到什么，才是真正的智慧。自知之明比任何外界的评价都更重要。,0.0,0.0,0.67,0.42,0.0,0.0
现实总是比理想更复杂，但我们可以通过不断思考和总结，找到最适合自己的道路。,0.0,0.0,0.7,0.36,0.0,0.0
情绪不是解决问题的工具。每次面对挑战时，保持冷静的头脑和清晰的思维，才是最有效的应对方式。,0.0,0.0,0.47,0.57,0.0,0.0
在快节奏的生活中，最需要的并非更多的娱乐，而是能让自己安静思考的空间和时间。,0.0,0.0,0.43,0.65,0.08,0.0
最近在思考“自由”到底是什么。真正的自由，不是随心所欲，而是能掌控自己的生活和选择。,0.0,0.0,0.42,0.41,0.05,0.11
不要在别人的期望中迷失自己，定义自己的生活方式，才能找到属于自己的自由和快乐。,0.0,0.0,0.67,0.33,0.0,0.0
目标是前进的动力，而坚持则是成功的关键。每一步的积累，终将成就你想要的未来。,0.0,0.0,0.82,0.27,0.0,0.0
有时独处并不是孤独，而是给自己一个清晰思考的机会。面对复杂的局面，清晰的头脑比一切都重要。,0.0,0.0,0.72,0.38,0.06,0.0
失败并不可怕，重要的是能从中找到自己不足的地方，并不断改进。成功的人，往往就是那些不断从失败中复盘的人。,0.0,0.0,0.6,0.46,0.0,0.0
时间是最公平的东西，它不会因为你有多急而加速。唯有充分利用它，才能真正改变自己。,0.0,0.0,0.71,0.38,0.0,0.0
每次翻看过去的日志，都会被自己的思考方式和态度震撼到。人确实是在不断变好，不断进化的。,0.0,0.0,0.94,0.06,0.0,0.0
我们追求的不是快速的成功，而是稳步的进步。一个积累的过程远比突如其来的高峰更值得珍惜。,0.0,0.0,0.82,0.19,0.0,0.0
感情上的挑战并不是无法跨越的障碍，真正的挑战在于自我认知与自我掌控的缺失。,0.0,0.06,0.16,0.71,0.18,0.0
生活总是充满不确定性，但只要你能保持冷静，就能在迷雾中看到通往未来的道路。,0.0,0.0,0.76,0.28,0.0,0.0
有些时候，停下来思考比盲目前进更为重要。很多问题，等你从另一个角度看待时，答案便显而易见。,0.0,0.0,0.25,0.64,0.2,0.0
思考清楚自己的立场，明确自己的目标，才能在复杂的世界中找到属于自己的方向。,0.0,0.0,0.54,0.47,0.0,0.0
时间总是比我们想象的快，别让无谓的纠结浪费了你的宝贵时光。抓住每一个成长的机会，活出最好的自己。,0.0,0.0,0.95,0.06,0.0,0.0
