posts,angry,fear,happy,neutral,sad,surprise
"真是受够了那些想要掌控一切的同事，什么都不懂，却非要来指手画脚。更让人烦的是，那些什么都不做就来当""事儿妈""的同事们。#职场生存法则#",1.0,0.0,0.0,0.0,0.13,0.0
午后的阳光照进窗子，突然觉得，身心都很疲惫。看着药箱里的一堆东西，多少想把这些都丢掉，免得每次身体不适都要为小小的事情烦心。#疲惫不堪#,0.11,0.12,0.0,0.0,0.92,0.0
刚听说，家里那位终于被长辈催婚催得不行了，幸好我早有准备，早就把话说清楚了！谁也不能让我陷入这个“婚礼”漩涡。#婚姻自由#,0.34,0.14,0.14,0.12,0.24,0.1
今天楼下那些人又开始搬大批的东西了，真的是够了。大家都想要一些东西，但当东西多得堆满一地时，你会开始怀疑它们的价值。#物质与精神#,0.29,0.08,0.06,0.17,0.34,0.08
我真是无法理解，明明自己也累成狗，偏偏那些想要分担任务的同事，总是挑着最轻松的部分，剩下的都甩给我。#职场那些人#,0.61,0.0,0.0,0.0,0.51,0.0
每次发梦，都是一些荒诞的场景。今天居然梦到自己和一位同事陷入了一段情感纠葛，真的是恶心极了。你说，这种梦该怎么解？#梦境迷离#,0.43,0.23,0.0,0.06,0.13,0.3
晚餐终于解决了，尝试了新菜谱，最后还不忘那道宫保鸡丁。说实话，虽然它不合我口味，但至少是努力的成果。#生活小确幸#,0.0,0.0,1.0,0.0,0.0,0.06
每次回家看着老人的脸，我就能感受到他们的焦虑。突然明白，婚姻这种事情，有时候确实是社会赋予的责任。#婚姻与责任#,0.06,0.07,0.23,0.29,0.41,0.07
感冒了，心情一片颓废。这种无力感真是让人绝望！每次快康复了，下一次又被传染上。#身体与精神的双重打击#,0.35,0.12,0.0,0.0,0.61,0.0
这个时代，连大学生活都不能好好享受了，大家都在忙碌着拼命“展现”自己，忽略了那些真正有意义的事情。#对比与迷茫#,0.13,0.1,0.0,0.14,0.68,0.0
有时回忆起小时候的六一，那种安静和无忧的日子，突然觉得这世界太复杂。也许，我真的只是想回到过去。#怀念童年#,0.0,0.1,0.07,0.08,0.93,0.0
家里的菜煮得刚刚好，已经很久没有这种踏实感了。生活就该如此简单，按自己的节奏去过。#简约生活#,0.0,0.0,0.92,0.11,0.0,0.08
今天忙到崩溃，明明身体告诉我该休息，却还是把工作硬拖着做完。是不是每个程序员都有这样的命运？#工作与生活的博弈#,0.34,0.09,0.0,0.15,0.45,0.12
其实每个人都不喜欢被催促，但为什么在某些情况下，长辈和同事们总是有一种“催婚即正义”的错觉呢？#自由选择#,0.27,0.07,0.08,0.38,0.1,0.22
也许我就是那种不喜欢拖延的人，但每天的计划总是被不断打乱，渐渐地，我学会了接受这一切的不完美。#生活的混乱#,0.15,0.09,0.22,0.1,0.61,0.0
说实话，这种天气总是让我感到不适应。气候变化真的让人迷茫，心情也变得无比沉重。#气候与情绪#,0.17,0.17,0.0,0.18,0.63,0.0
生活中常常是“没有时间”的理由，总是占据一切。也许，应该为自己找到一块平静的空间，专心享受属于自己的时光。#自我安慰#,0.0,0.0,0.62,0.21,0.27,0.0
早晨喝一杯热咖啡，原本以为这会给我带来精神，结果却只是让我的心情更加焦躁。是不是，我从来没学会享受宁静？#焦躁与生活#,0.29,0.14,0.0,0.14,0.64,0.14
终于决定减少不必要的社交，不再强迫自己参加那些无聊的活动。生活太短，值得我去把握的是每一个对我有意义的瞬间。#生活选择#,0.0,0.0,0.8,0.05,0.1,0.05
现在最怕的，就是上班时被那些无关紧要的事情搞得焦头烂额。明明不想浪费时间，却总是被拖进这些无聊的漩涡。#职场斗争#,0.43,0.36,0.0,0.11,0.35,0.0
每当我觉得自己即将撑不下去的时候，总能想起一个信念：这是个过程，困难不会永远持续，痛苦会被时间消磨。#坚韧信念#,0.0,0.08,0.69,0.13,0.23,0.0
我常常在思考，人到底要活成什么样子，才算是理想中的模样？然而生活却总是与理想相左。#理想与现实的差距#,0.0,0.0,0.0,0.35,0.53,0.22
其实我从未想过结婚，只是时常被外界的声音逼迫去考虑那些我并不关心的事。#人生选择#,0.0,0.09,0.11,0.3,0.51,0.07
职场压力山大，领导的指责、同事的挑衅、工作中的无奈……这个小小的办公室让我彻底喘不过气。#职场内外#,0.3,0.1,0.0,0.0,0.57,0.0
走在路上，看到身边的人忙着照相，突然意识到，我们每个人都在“展现”自己，忘了最初的那份纯粹。#生活的迷失#,0.0,0.12,0.12,0.09,0.7,0.14
感冒的同时，生活依然需要继续。真是想把这些无聊的感冒药都丢掉，过一段时间再看它们。#感冒中的无奈#,0.27,0.09,0.0,0.0,0.81,0.0
每次回顾过去的大学生活，居然也会发现一些不曾注意的美好。虽然如此，我仍旧觉得有些迷茫。#人生的选择#,0.0,0.14,0.09,0.0,0.64,0.22
真是累极了！即使任务堆积如山，身体告诫我应该休息，但我依然选择继续前行。或许，生活就应该如此。#工作的逼迫#,0.16,0.0,0.14,0.07,0.66,0.0
今天终于把那个重要的任务完成了，但心情依然没有丝毫愉快，可能我永远都在追逐目标，而忽略了过程的美好。#目标与过程#,0.13,0.0,0.45,0.0,0.47,0.0
看着窗外的雨，突然感觉自己也变得沉重了许多。这种情绪，似乎已经是生活的一部分了。#情绪的沉淀#,0.07,0.09,0.0,0.29,0.62,0.0
外面的世界总是嘈杂，然而只有回到自己的世界，才能找到一丝属于自己的宁静。#寻找内心的平静#,0.0,0.0,0.58,0.38,0.16,0.0
自从接手这个项目后，生活就开始了“无限加班模式”。每次工作完成之后，都会觉得自己并不值得这份工作。#职场拼搏#,0.06,0.05,0.14,0.25,0.57,0.0
我总是希望时间能过得慢一些，至少可以多一些时间静静地思考。可是，生活似乎并不容我这样做。#对时间的无奈#,0.08,0.08,0.0,0.07,0.84,0.0
很多时候我在想，自己到底想要什么，答案总是模糊不清。这个世界真的太大，值得关注的东西也太多。#人生的迷茫#,0.0,0.14,0.11,0.18,0.71,0.08
最近的工作压力简直让人喘不过气，我几乎快要被这些琐事吞噬了。什么时候，才能找到自己生活的节奏？#生活节奏#,0.19,0.13,0.0,0.0,0.66,0.0
每次面对陌生人，我总会自动构建一层防护墙。或许我天生就不适合社交，而我却不得不去迎接这些互动。#社交压力#,0.13,0.18,0.0,0.4,0.42,0.0
那些所谓的“美好”时光，总是被现实狠狠碾压。每当我期待什么时，现实总是让人寒心。#期望与现实#,0.07,0.2,0.07,0.05,0.82,0.0
当每个任务都变得无关紧要时，唯一让我保持冷静的，或许是对目标的执着。#目标导向#,0.0,0.0,0.5,0.47,0.06,0.0
日复一日的忙碌让我感到疲惫不堪，似乎总有做不完的事，疲劳在加重，生活却越来越空虚。#职场生活#,0.1,0.11,0.08,0.16,0.64,0.0
我总是坚持自己的原则，但有时会怀疑这种坚持是不是错的。是不是我太过执着，错过了某些更好的人生选择？#自我怀疑#,0.0,0.17,0.0,0.17,0.59,0.1
终于决定减少不必要的社交，不再强迫自己参加那些无聊的活动。生活太短，值得我去把握的是每一个对我有意义的瞬间。#生活选择#,0.0,0.0,0.8,0.05,0.1,0.05
回忆起来，大学生活虽然简单却充满了探索的乐趣，但如今，我似乎已经没有那么多的时间去感受生活。#往事如烟#,0.0,0.07,0.15,0.12,0.73,0.0
对于那些总是想要“帮助”我的人，我终于意识到，最好还是自己解决问题，别人未必能理解我的方式。#独立思考#,0.05,0.0,0.4,0.29,0.31,0.0
上班已经很累了，回到家后又得面对一堆琐事，这种状态让我怀疑自己是否已经陷入了某种生活怪圈。#生活压力#,0.27,0.2,0.0,0.1,0.57,0.0
每次解决一个棘手问题，都会有短暂的满足感，然而很快下一个问题又会出现。生活似乎就是这样，永远没有尽头。#永无止境的任务#,0.0,0.06,0.55,0.19,0.27,0.0
为什么我总是那么容易陷入对未来的焦虑中？明明应该享受当下，却总是心浮气躁。#未来的焦虑#,0.17,0.16,0.0,0.1,0.66,0.15
不知道什么时候开始，我对时间产生了深深的恐惧。每当看到时间流逝，我都开始焦虑，甚至连最简单的决定都变得困难。#时间恐惧症#,0.0,0.65,0.0,0.18,0.46,0.12
每当我努力做某件事时，似乎都会有一种无法逃避的压力感，无法完全释放的束缚。#压力山大#,0.17,0.14,0.0,0.15,0.57,0.0
又一次计划被打破，生活仿佛在不断提醒我，所有的计划都是脆弱的，生活需要更多的灵活应对。#计划与现实#,0.06,0.17,0.24,0.21,0.48,0.0
总觉得自己有时候太过理性，错失了某些“感性”的美好瞬间。或许，偶尔让自己放松，也是一种自我救赎。#理性与感性#,0.0,0.0,0.49,0.29,0.3,0.07
