posts,angry,fear,happy,neutral,sad,surprise
没有什么比追求系统性思维和战略规划更让我满足的了。每一个细节都可能影响结果，不能掉以轻心。#深度思考 #系统性管理,0.0,0.06,0.5,0.47,0.0,0.0
现代企业最大的挑战不是缺乏资源，而是缺乏适应变化的能力。调整战略，时刻准备迎接下一次浪潮。#品牌战略 #企业创新,0.0,0.08,0.27,0.7,0.0,0.0
我一直相信，只有具备科学思维，才能在复杂的市场环境中找到真正的突破点。#创新思维 #战略规划,0.0,0.0,0.38,0.64,0.0,0.0
学习是一种投资，唯一能够提升自己与世界之间竞争力的方式。#知识就是力量 #终身学习,0.0,0.0,0.52,0.56,0.0,0.0
别总盯着短期收益，真正的战略布局需要我们站在时间的长河中，看清未来的趋势。#长远眼光 #战略布局,0.0,0.0,0.33,0.72,0.0,0.0
对我来说，成功不仅是达成目标，而是如何高效且系统地实现目标的过程。#高效工作 #过程优化,0.0,0.05,0.25,0.75,0.0,0.0
面对纷繁复杂的信息，我们要学会用最简洁有效的方式解决问题。这才是智慧的体现。#信息管理 #简化思维,0.0,0.0,0.36,0.7,0.0,0.0
重要的不是你知道多少，而是你知道如何运用这些知识。#应用知识 #战略决策,0.0,0.05,0.12,0.8,0.0,0.0
任何事情的成功都来源于清晰的目标和无止境的努力。#目标导向 #自我管理,0.0,0.06,0.39,0.63,0.0,0.0
以人性为出发点，深刻理解消费者心理，品牌战略才能真正做到精准到位。#品牌战略 #消费者心理,0.0,0.07,0.21,0.79,0.0,0.0
对于企业的每一步决策，我们必须从多维度评估其可能带来的连锁反应。#决策分析 #系统思维,0.0,0.09,0.0,0.91,0.0,0.0
很多人低估了创新的力量，事实上，只有不断推陈出新，企业才会真正拥有竞争力。#创新 #企业未来,0.0,0.0,0.4,0.61,0.0,0.0
像苹果一样，品牌的核心不在于产品本身，而在于它如何塑造消费者的认同感。#品牌塑造 #消费者认同,0.0,0.0,0.22,0.84,0.0,0.0
我总是在思考，如何让现有的资源得到最优化的配置，这才是企业管理的精髓。#资源配置 #企业管理,0.0,0.0,0.18,0.75,0.0,0.0
遇到问题时，不要急于找到答案，而是先问自己，背后的根本原因是什么。#深度分析 #问题解决,0.0,0.05,0.14,0.77,0.0,0.08
领导力的核心是影响力，而非权力。真正的领袖，是能激发他人潜能的人。#领导力 #团队管理,0.0,0.0,0.22,0.78,0.0,0.0
我向来相信，学习的最大价值，在于能将所学的知识转化为实际的行动力。#学习应用 #行动力,0.0,0.0,0.44,0.55,0.0,0.0
为什么某些品牌能够脱颖而出？他们之所以成功，是因为抓住了市场的痛点并精准满足。#品牌洞察 #市场需求,0.0,0.0,0.23,0.68,0.0,0.12
明确目标，不为外界所干扰，这就是高效工作的秘诀。#专注 #高效执行,0.0,0.05,0.42,0.58,0.0,0.0
高效工作不仅仅是做事的速度，更是做事的准确性。#精确执行 #工作效率,0.0,0.05,0.39,0.66,0.0,0.0
企业文化的塑造往往决定了一个企业的成败，文化是无形的力量，却能改变一切。#企业文化 #企业精神,0.0,0.0,0.26,0.81,0.0,0.0
理解市场需求，洞察消费者心理，才是构建品牌核心竞争力的关键。#品牌建设 #消费者洞察,0.0,0.11,0.13,0.85,0.0,0.0
成功的战略，是用科学的眼光来看待不确定性，然后进行合理的规划。#战略管理 #不确定性,0.0,0.07,0.23,0.8,0.0,0.0
当今社会，如何将科技与品牌理念结合，是企业未来发展的关键。#科技创新 #品牌发展,0.0,0.05,0.16,0.87,0.0,0.07
我并不追求“完美”，而是追求“最优”。不完美才是真正的人类体验。#追求最优 #理性思考,0.0,0.0,0.5,0.47,0.0,0.0
只有拥有前瞻性的眼光，才能在瞬息万变的市场中抓住机会。#前瞻性眼光 #战略定位,0.0,0.05,0.31,0.74,0.0,0.0
每个人都应该有清晰的自我认知，这不仅帮助你理解自己的优势，也能识别短板。#自我认知 #个人成长,0.0,0.0,0.39,0.67,0.0,0.0
我始终相信，最好的解决方案往往是最简洁的。复杂的事情应该尽量简单化。#简化问题 #效率,0.0,0.0,0.39,0.63,0.0,0.0
世界的变化往往比我们想象的要快，适应变化，是成功的第一步。#变化应对 #快速反应,0.0,0.07,0.45,0.6,0.0,0.0
品牌营销的关键，在于如何通过数据分析精准触及目标用户。#数据分析 #品牌营销,0.0,0.1,0.0,0.91,0.0,0.0
在战略决策中，永远不要忽视未来的潜力，而要聚焦短期的可持续发展。#战略决策 #潜力挖掘,0.0,0.08,0.18,0.86,0.0,0.0
现代企业，不仅要注重财务健康，更要关注文化的可持续发展。#企业健康 #文化发展,0.0,0.07,0.28,0.77,0.0,0.0
市场的需求是多变的，但消费者的心理是永恒不变的。#消费者心理 #市场需求,0.0,0.0,0.16,0.82,0.0,0.0
每一笔投资背后，都是对未来的布局。谨慎而精准的投资，才会带来丰厚的回报。#精准投资 #未来布局,0.0,0.0,0.39,0.66,0.0,0.0
企业在追求增长的同时，如何保持创新的活力，是一项值得深思的课题。#创新管理 #企业成长,0.0,0.0,0.2,0.79,0.0,0.0
面对挑战时，我们更应该从战略角度去思考，而不是简单的应急反应。#战略思维 #应急管理,0.0,0.08,0.21,0.84,0.0,0.0
效率是企业成功的核心，如何在复杂任务中保持高效，决定了企业的未来。#效率 #企业成功,0.0,0.0,0.3,0.76,0.0,0.0
感谢那些挑战过我的人，正是他们让我变得更强大，能够超越自己。#自我超越 #感恩,0.0,0.06,0.99,0.0,0.0,0.0
管理不仅仅是控制，更是通过激发团队潜力达到共同目标。#团队管理 #领导力,0.0,0.0,0.27,0.76,0.0,0.0
我坚持认为，真正的品牌塑造，是从每一项小细节开始的。#品牌塑造 #细节决定成败,0.0,0.0,0.29,0.72,0.0,0.05
在快速发展的时代，掌握数据分析技巧，才能在复杂市场中找到方向。#数据分析 #市场定位,0.0,0.06,0.11,0.86,0.0,0.0
我总是喜欢从系统的角度来思考问题，发现潜在的联系和规律。#系统思维 #问题解决,0.06,0.0,0.3,0.69,0.0,0.0
创新，首先是思维的创新；行动力，是让创新落地的关键。#创新思维 #行动力,0.0,0.06,0.33,0.72,0.0,0.0
任何战略部署的成功，离不开团队的全力支持与执行力。#团队协作 #战略执行,0.0,0.05,0.22,0.76,0.0,0.0
我深知，每一次成功的背后，都有无数次失败的教训。#失败经验 #成功之道,0.0,0.0,0.36,0.48,0.17,0.0
品牌建设的关键是要深刻理解市场与用户需求的变化，持续调整策略。#品牌建设 #市场变化,0.0,0.0,0.11,0.9,0.0,0.0
不同的时代，需要不同的思维方式和工作方式。持续进化，才能适应时代的变迁。#时代进化 #持续学习,0.0,0.0,0.44,0.57,0.0,0.0
企业的竞争力，来源于其产品与服务背后的深厚文化底蕴。#企业文化 #品牌竞争力,0.0,0.0,0.14,0.91,0.0,0.0
在做出任何决策前，问问自己：这个选择会给我带来什么长远的影响？#深思熟虑 #长远眼光,0.0,0.0,0.22,0.65,0.0,0.09
我始终相信，战略的成功源于对未来趋势的准确把握与实施。#战略成功 #未来趋势,0.0,0.0,0.46,0.63,0.0,0.0
