posts,angry,fear,happy,neutral,sad,surprise
永远不要被所谓的“快”所迷惑。成功的秘诀在于深思熟虑、稳步前行，而不是一时的急功近利。放慢节奏，真正享受每一步的积累，才是最终的胜利。,0,0.0,0.74,0.36,0.0,0.0
阅读的时光是一种平静的挑战，融入书中的世界，让思想得到最深的锻炼。文字的力量，超越了所有瞬间的喧嚣，带来内心的宁静与力量。,0,0.0,0.73,0.39,0.0,0.0
有时候，最难的不是完成一项任务，而是找到最适合自己的方式。生活中的每个选择，都是不断试探、调整的过程，直到找到最符合本心的路径。,0,0.0,0.45,0.57,0.07,0.0
喜欢在阳光明媚的下午，独自一人走进咖啡店，点一杯无糖拿铁，静静享受片刻的安宁。这种宁静不仅是空间上的，也是心灵的释放。,0,0.0,0.83,0.27,0.0,0.0
不喜欢匆忙，也不喜欢空洞的社交。更偏爱与智者的对话，交流思想而非情感的宣泄。在深刻的讨论中，我能找到自我真正的答案。,0,0.0,0.65,0.35,0.0,0.0
对于未来，我并不担心。因为一切都可以通过深思熟虑和精密的规划来实现。每一步都要走得踏实，才能在真正的挑战面前游刃有余。,0,0.07,0.79,0.23,0.0,0.0
每一次的失败，都是对我的深思熟虑的一次警示。我从不畏惧错误，而是从中提取经验，调整策略。成功，从来不是偶然。,0,0.0,0.85,0.25,0.0,0.0
没有什么比自我独立更能让我安心。站在自己的世界里，我既不被外界的喧嚣影响，也不被内心的冲动左右。冷静，是最好的选择。,0,0.0,0.73,0.27,0.0,0.0
成功的秘诀并不复杂，它源于对本质的深入理解。每个人都应该在自己的领域中做到最好，而不是盲目跟随潮流。,0,0.0,0.54,0.57,0.0,0.0
对我而言，最理想的生活状态就是保持思考的节奏与行动的步伐一致。每一次决定都来自对内心的深刻洞察，而非外界的影响。,0,0.0,0.52,0.48,0.0,0.0
每个人都有自己的节奏，找到它并坚持下去，不必为别人走的路所动摇。真正的强者，是能在自己选择的轨道上不断超越的那一个。,0,0.0,0.77,0.31,0.0,0.0
科技改变了世界，但人类的思考方式依旧是最根本的驱动力。保持清晰的思维，比任何工具都更能决定未来的走向。,0,0.0,0.48,0.56,0.0,0.0
喜欢简洁而深刻的事物，复杂的装饰与喧嚣的背景总让我感到不安。真正的美，往往蕴含在最简单的细节之中。,0,0.0,0.58,0.39,0.13,0.0
每一篇笔记，都是一次对自我认知的深刻总结。写下思考的过程，才能清晰地看到自己走过的每一步。,0,0.0,0.54,0.44,0.0,0.0
生活中最吸引我的，不是表面上的光鲜亮丽，而是那些不言而喻的内涵。深藏其中的意义，才是最值得探索的部分。,0,0.0,0.71,0.33,0.0,0.0
偶尔也会觉得，宁静的生活其实是对内心深处的一次洗礼。远离浮躁与喧嚣，才能听清内心最真实的声音。,0,0.0,0.74,0.34,0.0,0.0
不喜欢把生活过得浮躁不安。越是专注于自己的内心，越能发现每个小瞬间的美好，越能在忙碌中保持清醒与宁静。,0,0.0,0.81,0.21,0.0,0.0
总是提醒自己，成就不仅仅是外界评价的结果，更是内心世界的成就。只有在自己认同的道路上前行，才会得到真正的自由。,0,0.0,0.78,0.29,0.0,0.0
精致的生活，不一定是昂贵的消费，而是对细节的精致把控。品味并非外表的装饰，而是内在对美好生活的理解和追求。,0,0.0,0.67,0.53,0.0,0.07
做一个不浮躁的人，是我最自豪的成就。冷静思考每一件事，认真审视自己的选择，这才是我过上理想生活的方式。,0,0.0,0.88,0.16,0.0,0.0
每一次的计划，都是一次深思熟虑的过程。无论生活还是工作，战略性思考始终是达成目标的最优解。,0,0.0,0.46,0.63,0.0,0.0
无论周围的世界多么喧嚣，只有自己静下心来，才能掌控真正的节奏。在我心里，平静与专注才是最重要的力量源泉。,0,0.0,0.77,0.27,0.0,0.0
追求的不只是成功，而是理解生活的每一个层面。对我来说，生活的真谛不在于外在的获得，而是对内心世界的深刻洞察。,0,0.0,0.67,0.44,0.0,0.0
深入思考每个决策的意义，才会发现自己选择的道路常常是最适合的。时间是一面镜子，透过它看清自己的决定。,0,0.0,0.54,0.55,0.0,0.0
喜欢静默的思考，喜欢那些触动灵魂的词句。每当一个观点得到启发，心中便有了一种满足感。思维的碰撞，永远是最吸引我的。,0,0.0,1.0,0.09,0.0,0.0
做人最重要的品质是理智与冷静。无论面对何种挑战，保持清醒的头脑与坚毅的决心，才能真正走得远。,0,0.0,0.72,0.38,0.0,0.0
每个瞬间都充满着选择的机会，而最明智的选择往往来自于冷静的分析与思考。在纷繁的世界中，能够保持独立判断，是最大的优势。,0,0.0,0.56,0.52,0.0,0.0
享受孤独，也享受思考。在静默中，获得最大的自由。没有外界的干扰，只有自己的内心声音。,0,0.0,0.79,0.24,0.0,0.0
并非所有的改变都需要急于求成，有时耐心的等待和深思熟虑的调整，才是最合适的行动方式。,0,0.0,0.48,0.53,0.0,0.0
知识的积累，并非为了炫耀，而是为了真正理解和掌控这个世界。保持一颗好奇心，带着冷静和理智去探索一切。,0,0.0,0.72,0.41,0.0,0.0
每一次前进，都有一份深思熟虑的计划在背后支撑。生活并非一场仓促的冲刺，而是一场有序的长跑。,0,0.0,0.73,0.39,0.0,0.0
拥有一颗独立的心，是我所追求的最重要品质。只有不受外界干扰，才能真正走出属于自己的路。,0,0.0,0.76,0.28,0.0,0.0
用冷静的眼光审视世界，用理智的心态面对挑战。这种思考方式，让我在面对困境时，能找到最佳的应对之策。,0,0.0,0.74,0.37,0.0,0.0
生活的意义，在于对事物本质的探索与理解。每一次深入的思考，都是对自己人生目标的一次明确。,0,0.0,0.58,0.59,0.0,0.0
当内心充满智慧，外界的喧嚣便变得不再重要。真正的力量来源于对内心的掌控，而非外部环境的影响。,0,0.0,0.42,0.72,0.0,0.0
想法的力量，不仅仅来自于创造，更来自于沉淀。只有在深思熟虑后，才能做出最理智的决策。,0,0.0,0.56,0.55,0.0,0.0
世界充满了诱惑，而真正的智慧，是学会控制自己的欲望，专注于那些值得深思的事物。,0,0.0,0.65,0.44,0.0,0.0
每一次独处，都是对自我认知的深化。在安静中，我更能感受到自己内心最真实的声音。,0,0.0,0.74,0.34,0.0,0.0
时间是最好的老师，它让我们学会了冷静，学会了思考。只有在平静中，才能看到生活的真正面貌。,0,0.0,0.86,0.27,0.0,0.0
听一首喜欢的曲子，读一本触动心灵的书，这些简单的小事，才是我对生活的真正享受。,0,0.0,0.96,0.15,0.0,0.0
人生的意义不在于追求外在的成功，而是内心的满足。只有真正认识自己，才能在人生的道路上走得更远。,0,0.0,0.76,0.31,0.0,0.0
不喜欢被外界的噪音所影响，越是专注于自己的节奏，越能获得内心的平静与力量。,0,0.0,0.75,0.34,0.0,0.0
喜欢那种深沉的宁静，喜欢从容地走在自己的道路上，不急不躁，只有冷静和专注。,0,0.0,0.88,0.23,0.0,0.0
如果说有一种成功，那就是能完全掌控自己的内心世界，不被外界的喧嚣所左右。,0,0.0,0.64,0.43,0.0,0.0
深思熟虑的生活方式，让我能够在纷繁复杂的世界中，始终保持清醒的头脑和坚定的信念。,0,0.0,0.79,0.29,0.0,0.0
看似简单的生活，其实充满了复杂的思考。每一个细节，都值得认真对待，生活本身就是一场深刻的思考。,0,0.0,0.59,0.44,0.05,0.0
生活不仅仅是追逐成功的过程，更是对内心的一次次审视与调适。只有真正了解自己，才能找到最适合自己的路。,0,0.0,0.75,0.38,0.0,0.0
在这片纷繁的世界中，唯一能让我安心的，是自己的内心世界。真正的自由，是能够在其中自由徜徉。,0,0.0,0.7,0.32,0.0,0.0
永远不要让别人左右你的节奏。生活是自己的，不论外界如何喧嚣，我都能坚定地走在自己的轨道上。,0,0.0,0.9,0.1,0.0,0.0
每一次的挑战，都是对自己心智的考验。保持清醒，深思熟虑，才是我走向成功的秘诀。,0,0.0,0.65,0.32,0.0,0.0
