posts,angry,fear,happy,neutral,sad,surprise
思考一件事时，记得保持独立性。无论外界如何诱惑，都不应为短期的繁荣而偏离你的目标。真正的成功来自于坚持和深思熟虑。,0.0,0.0,0.62,0.51,0.0,0.0
在社会发展的急速变化中，唯一不变的便是变化本身。谁能更快适应，谁就能掌握未来的方向。,0.0,0.0,0.37,0.69,0.0,0.0
没有任何事物是固定不变的，尤其是在经济领域。当某个行业开始爆发时，真正的机会往往隐藏在背后不为人知的变革中。,0.0,0.0,0.14,0.78,0.0,0.07
细致分析一个城市的湿度变化并不是无趣，相反，这可能是气候变化的微小但重要的信号。敏锐的观察力能为我们提供大量信息。,0.05,0.06,0.18,0.85,0.0,0.0
策略的核心在于不以短期利益为目标，而是看长远的发展趋势。投资并非盲目跟风，而是基于深思熟虑的判断。,0.0,0.0,0.22,0.88,0.0,0.0
现代社会的最大挑战，不是如何快速发展，而是如何在发展中保持理性与冷静。过于急功近的思维，往往会导致不可挽回的错误。,0.0,0.0,0.12,0.67,0.13,0.0
一切系统都需要经过反复检验与优化。只有持续调整，才能在复杂的市场中找到属于自己的位置。,0.0,0.0,0.32,0.74,0.0,0.0
看到一家企业进入困境时，千万别急于下结论。往往最危险的时候，也是其最有可能进行自我修复的时刻。,0.0,0.07,0.18,0.76,0.0,0.0
成功的人往往能在细节中找到不同的突破口。看似平凡的改变，背后往往蕴藏着战略层面的智慧。,0.0,0.0,0.53,0.6,0.0,0.0
中国的创新并不局限于高科技行业。传统行业的结构调整和升级，同样需要深刻的战略眼光。,0.0,0.0,0.21,0.87,0.0,0.0
资本与货币之间的博弈，影响的不仅是股市的波动，更是社会经济结构的深刻变化。,0.0,0.0,0.0,1.0,0.0,0.0
一个国家的机制设计，从来没有绝对的对错，而是要根据具体问题做出灵活的选择。,0.0,0.0,0.12,0.89,0.0,0.0
在快速发展的科技领域，唯有保持思考的独立性，才能在复杂局势中脱颖而出。,0.0,0.0,0.27,0.79,0.0,0.0
情绪经济的崛起，说明了市场上的非理性波动和趋势变化。如何把握这一点，将是未来投资者的关键能力。,0.0,0.0,0.15,0.91,0.0,0.0
任何行业的顶端，都没有一成不变的成功法则。适应、转变、调整才是保持领先的核心。,0.0,0.0,0.18,0.73,0.0,0.0
从经济理论到实际应用，我们常常低估了“市场情绪”的力量。它不单单是心理学现象，更是一种社会经济的动力。,0.0,0.07,0.06,0.73,0.06,0.0
每一个看似无关的事件，都可能是未来大变革的伏笔。懂得从中看见未来的线索，才是真正的战略眼光。,0.0,0.0,0.41,0.67,0.0,0.0
市场总是充满不确定性。真正的投资者，不是看谁赚得快，而是能在波动中保持冷静，找到自己的节奏。,0.0,0.0,0.55,0.58,0.0,0.0
极端事件往往是深层次社会问题的体现。了解背后的动因，才能精准预判未来的走向。,0.0,0.0,0.09,0.79,0.0,0.06
无论是科技创新，还是社会改革，我们的核心任务始终是解决“怎么做”的问题，而不是“做什么”的表面选择。,0.0,0.0,0.16,0.8,0.0,0.0
成功的道路是孤独的，只有通过独立的思考，才能真正洞察本质，而非被表象所迷惑。,0.0,0.0,0.59,0.49,0.06,0.0
从理性角度看待每一次市场的波动，能够清楚地辨识其中的机会与风险，避免情绪主导决策。,0.0,0.0,0.17,0.91,0.0,0.0
一个城市的建设和发展，不应仅仅考虑表面美观，更应注重其背后的功能性与可持续性。,0.0,0.0,0.16,0.97,0.0,0.0
创新不仅仅是追求新奇，更是对现有结构进行深刻的剖析与再设计。,0.0,0.0,0.28,0.81,0.0,0.0
面对经济压力时，不能仅仅依靠传统的解决方案。突破现有框架，才有可能找到真正的出路。,0.0,0.0,0.35,0.69,0.0,0.0
决策的核心不在于选择何时行动，而在于如何利用现有资源，进行最大化的战略布局。,0.0,0.0,0.1,0.9,0.0,0.0
了解市场，掌握情绪变化，才有可能在复杂的竞争中，找到一条适合自己的道路。,0.0,0.0,0.49,0.59,0.0,0.0
“快”并非衡量成功的唯一标准。在市场上，耐心往往能带来更具长期价值的回报。,0.0,0.0,0.44,0.75,0.0,0.0
透过短期的波动，看到行业发展的长期趋势。这种深度分析能力，是理性思维的体现。,0.0,0.0,0.23,0.88,0.0,0.0
每一次技术的进步，都是我们对传统方式的挑战。唯有不断创新，才能在未来获得立足之地。,0.0,0.0,0.44,0.57,0.0,0.0
人们在不断追求物质的同时，往往忽略了情绪和思想的力量。真正的力量，来自内心的坚定与冷静。,0.0,0.0,0.41,0.67,0.08,0.0
跨行业的合作与融合，往往能创造出我们意想不到的效果。关键是要看清哪些资源能够进行有效整合。,0.0,0.0,0.09,0.83,0.0,0.0
一个企业是否能长远发展，关键在于是否能够处理好其在市场中的定位与适应性。,0.0,0.0,0.11,0.92,0.0,0.0
宏观经济的走势，往往隐藏在微观事件之中。每一次看似平凡的波动，背后都有更深层次的含义。,0.0,0.0,0.17,0.88,0.0,0.05
经济的复杂性，决定了任何决策的成功都不是偶然。每一个选择背后，都必须经过精密的计算与预测。,0.0,0.0,0.18,0.83,0.0,0.0
不盲从，不跟风，是投资成功的核心原则。无论外界如何喧嚣，都应该保持清晰的头脑。,0.0,0.0,0.56,0.51,0.0,0.0
社会和技术的变革，正在以前所未有的速度进行。如何适应这种变革，正是决定未来成败的关键。,0.0,0.0,0.16,0.78,0.0,0.0
真正的洞察力，不在于你能看到多少，而在于你能看到哪些别人忽略的细节。,0.0,0.0,0.34,0.64,0.0,0.05
只有不断问自己“为什么”，才能真正揭示出事情的本质，而非仅仅停留在表面现象。,0.0,0.0,0.37,0.66,0.0,0.0
数据和情绪并不是互相对立的，反而可以在相互作用中，找到更深层的价值与趋势。,0.0,0.0,0.31,0.79,0.0,0.0
资本的流动，能直接影响社会的结构与发展趋势。抓住资本背后的逻辑，才能走在前面。,0.0,0.0,0.27,0.81,0.0,0.0
学习如何在繁杂的信息中筛选出真正有价值的部分，这需要深刻的洞察力和判断力。,0.0,0.0,0.15,0.83,0.0,0.0
社会的变革从来不是一蹴而就的，每一场变动背后，都有长期积累的因素在发挥作用。,0.0,0.0,0.17,0.84,0.0,0.0
每一次的市场调整，都是一次重新评估资源配置和优化决策的机会。,0.0,0.0,0.14,0.86,0.0,0.0
选择不仅是基于理性分析，更是对未来可能性的预判。真正的智者，不仅看得远，更能精准地行动。,0.0,0.0,0.59,0.55,0.0,0.0
想要突破行业的局限，必须从本质上重新思考这个行业的构成与运行逻辑。,0.0,0.0,0.05,0.93,0.0,0.0
宏观经济的波动总会带来新的机会，关键是看清其中的信号，找到最合适的时机进入。,0.0,0.0,0.19,0.86,0.0,0.0
一个社会的稳定性，取决于其应对挑战的能力。对问题的深入分析，往往能揭示出解决的路径。,0.0,0.0,0.2,0.87,0.0,0.0
真正的领导者，不仅能够看清局势，还能通过冷静的判断，带领团队走向成功。,0.0,0.0,0.48,0.68,0.0,0.0
在快速变化的社会中，保持独立思考和理性判断，是保持竞争力的关键。,0.0,0.0,0.23,0.77,0.0,0.0
