posts,angry,fear,happy,neutral,sad,surprise
昨晚不知为何脑袋突然一片空白，想了半天，最终决定给自己放个假，不做任何有意义的事，生活有时候确实需要这种“战略性放松”。,0.0,0.0,0.38,0.22,0.27,0.09
人生就是一场不断纠错的游戏，最大的挑战不是遇到错误，而是如何优雅地承认它们并从中学习。,0.0,0.0,0.59,0.43,0.0,0.0
偶尔停下来，观察身边的细节，才会意识到很多曾被忽略的精彩，生活本来不乏美好，只是我们常常选择视而不见。,0.0,0.0,0.4,0.24,0.54,0.05
对于“难以接受的事实”，最好的方式不是反驳，而是理解。接受自己不懂的部分，也许才是人生进步的开始。,0.0,0.0,0.73,0.27,0.09,0.0
昨晚又做了一个奇怪的梦，梦到自己成功解决了一道数学难题，醒来后意识到现实中的数学还是一团乱麻。,0.0,0.16,0.0,0.26,0.27,0.35
人际关系的复杂性，有时候比量子物理还难以理解，某些人总是能让你在短短几分钟内感受到深深的无力感。,0.05,0.14,0.06,0.28,0.47,0.0
今天深感懒散，试图通过阅读来调整状态，结果不小心沉迷于一篇哲学论文，真是意外的收获。,0.0,0.0,0.88,0.0,0.09,0.07
总有一些人，不管你怎样努力地去理解他们，总是觉得他们的思维轨迹与自己的格格不入，算了，世界太大，接受差异吧。,0.33,0.0,0.13,0.19,0.55,0.0
最近意识到，自己不是不够聪明，只是缺少足够的耐心去解决那些看似不值得的琐碎问题，人生的精力有限，选择很重要。,0.0,0.0,0.33,0.22,0.48,0.0
又是一个充满自我怀疑的早晨，突然觉得生活中的一切都像是假的，试图理清思绪，但总觉得一切都在重叠。,0.09,0.1,0.0,0.0,0.81,0.1
整理了一下思路，决定从明天开始，把更多的时间留给真正值得深思的事，至于那些琐碎的东西，可以先搁置一旁。,0.0,0.0,0.36,0.52,0.2,0.0
人生的真正挑战，不是追求更多的答案，而是敢于提出更深刻的问题。那些敢于挑战现状的人，才是真正的领跑者。,0.0,0.0,0.61,0.42,0.0,0.0
最近看了几本书，每本书的作者都似乎在讨论“人类的局限性”，突然意识到，不是所有的思维都能打破边界。,0.11,0.0,0.0,0.43,0.15,0.19
这一年最大的收获：学会了接受自己的不完美，以及那些无法控制的因素，这让我变得更加从容不迫。,0.0,0.0,1.0,0.0,0.0,0.0
突然觉得，越是试图去掌控一切，越是发现自己无法改变的东西越来越多。生活的本质，或许就在于接纳这些不确定性。,0.0,0.0,0.46,0.17,0.32,0.06
人总是把“成功”看作唯一的终点，而忽略了途中获得的那些微小的成就感，其实，那才是最值得珍视的部分。,0.0,0.0,0.63,0.23,0.25,0.0
当你变得越理性，越容易看到事物的表面，最真实的复杂性反而容易被忽视。我们需要的不仅是理性，更是感性。,0.0,0.0,0.45,0.61,0.0,0.0
今天突发奇想，试图用数学推导出“幸福”的公式，最后发现它比量子力学还难。或许，幸福就不应该被公式化吧。,0.0,0.0,0.14,0.21,0.37,0.26
看到一些人追逐着短期的成功，我却越来越明白，真正值得追求的是那些能带来长久内心平静的目标。,0.0,0.0,0.63,0.2,0.14,0.0
生活的节奏越来越快，信息的洪流让我常常觉得自己无法喘息，但偶尔也会突然意识到，慢下来，也许才能看得更清楚。,0.0,0.0,0.3,0.25,0.48,0.06
今天和朋友讨论关于“自由”的话题，突然发现，真正的自由并不是做自己想做的一切，而是能够自律地做对自己有意义的事。,0.0,0.0,0.55,0.3,0.0,0.11
最近，发现自己越来越喜欢做那些“无意义”的事情，可能是因为它们能给我带来片刻的宁静，让我的思维得到真正的休息。,0.0,0.0,0.73,0.21,0.11,0.0
看过很多书，但仍然找不到一条通往真正智慧的捷径。或许，智慧从来都不是答案，而是如何在迷茫中保持冷静。,0.0,0.0,0.33,0.37,0.41,0.0
突然觉得，自己的内心并不像外界看到的那么冷静，生活中的压力有时候会悄无声息地积累，最终爆发出令人吃惊的情绪。,0.11,0.21,0.09,0.24,0.32,0.2
如果没有突破性的想法，也许就意味着你还在原地踏步，改变常常源自于那些看似微不足道的“异想天开”。,0.0,0.0,0.17,0.5,0.35,0.07
今天又遇到了一些“意见不合”的人，突然意识到，自己并不需要让所有人都喜欢自己，关键是要坚持自己的原则。,0.05,0.0,0.38,0.26,0.28,0.07
走得太快，反而可能错过了最重要的风景，偶尔放慢脚步，停下来看看周围的世界，或许能发现新的机会。,0.0,0.0,0.76,0.22,0.23,0.0
昨天重新回顾了一些旧书，发现自己看待这些问题的角度发生了变化。或许，知识真正的魅力就在于不断的自我修正。,0.0,0.0,0.65,0.3,0.07,0.0
很多时候，成功的背后并非全是光鲜亮丽的故事，它更像是一场无数次失败后才得以修正的过程。,0.0,0.0,0.38,0.59,0.21,0.0
看着周围的人们在忙碌着追求自己的目标，我却越来越觉得，最值得追求的目标并非别人设定的，而是自己内心最渴望的。,0.06,0.0,0.35,0.19,0.42,0.07
虽然大多数人追求的是“完美的生活”，但我逐渐发现，真正的生活或许就是在不完美中找到平衡，学会接受一切的不完美。,0.0,0.0,0.75,0.25,0.06,0.06
今天试图清理一下内心的杂念，发现自己的情绪有时像海浪一样翻腾，唯一能做的就是找到它的节奏，不被它吞噬。,0.05,0.0,0.23,0.23,0.46,0.0
如果你一直生活在舒适区，可能永远无法遇到真正改变命运的机会。唯一值得做的事，就是不断挑战自己的极限。,0.0,0.0,0.52,0.27,0.15,0.0
看到一个很有趣的理论，认为“失败”其实是一种进化的过程，它逼迫我们去调整、去适应。也许，我们真的应该多给自己一些失败的空间。,0.07,0.0,0.32,0.5,0.13,0.0
最近在思考关于“时间”的话题，时间从来不会为谁停留，我们只能学会如何高效地利用它，才能真正不辜负每一刻。,0.0,0.0,0.68,0.25,0.09,0.0
想要找到自己在这个世界的位置，最重要的不是迷茫，而是学会对自己负责，找到真正想做的事情并坚持下去。,0.0,0.0,0.81,0.18,0.0,0.0
看着周围有些人日复一日地重复同样的行为，我不禁感叹：“进步”并不是外部环境的改变，而是内心态度的改变。,0.14,0.0,0.22,0.34,0.29,0.09
每个人都有自己的节奏，有时候，强行赶进度只会适得其反，最好的方法是尊重自己的步伐，让心灵的步伐与现实同步。,0.0,0.0,0.48,0.45,0.08,0.0
虽然总是有人告诉我：“别太理性”，但我始终认为，理性是我面对这个复杂世界的唯一武器，它让我能够冷静做出决策。,0.0,0.0,0.6,0.44,0.07,0.0
最近特别迷恋那些没有目的性的“思考”。没有压力，没有要求，只是纯粹地享受思维的流动。生活，难道不该如此自由吗？,0.14,0.0,0.18,0.12,0.33,0.12
看看周围的“焦虑症患者”，我感叹：有时候，停下来反思，比任何“快速解决方案”都更能带来长远的改变。,0.06,0.0,0.29,0.4,0.26,0.05
今天看到一则很有意思的观点：“人生最难的部分不是完成任务，而是找到任务的意义。”有道理。,0.0,0.0,0.5,0.46,0.0,0.0
对很多事情的看法已经发生了改变，从“不可能”到“能不能做”到“是否值得做”，这一连串的变化真的很有趣。,0.07,0.05,0.62,0.3,0.0,0.1
尝试挑战自己去做不喜欢的事，最终发现，原来并不是我不喜欢，而是从未真正给自己机会去了解。,0.0,0.0,0.11,0.16,0.7,0.12
每当有“闪光点”的时刻，总是突然感到一种释然的宁静，原来这才是追寻的目标，而非过程中的一切急功近利的表现。,0.0,0.0,0.7,0.2,0.0,0.1
今日小结：挑战越大，收获越多——但前提是要有自我修正的能力。,0.0,0.0,0.64,0.41,0.0,0.0
今天特别反思自己的一些决策，发现很多选择其实来自于“不安”和“压力”，而非真正的内心呼声。,0.0,0.0,0.08,0.44,0.27,0.14
时常问自己，是否是我对外部世界的认知过于简化，或者是否对别人期望的定义有过于狭隘的解读？,0.06,0.0,0.0,0.48,0.34,0.12
每当我进入“陷阱式思考”时，才会意识到，唯一能打破瓶颈的不是改变环境，而是改变自己面对环境的态度。,0.0,0.0,0.34,0.5,0.17,0.0
生活中，总会有一些无法避免的挑战，但从这些挑战中，我们能够提取到最珍贵的经验，最终帮助我们变得更强大。,0.0,0.0,0.74,0.33,0.0,0.0
