posts,angry,fear,happy,neutral,sad,surprise
刚刚遇到一个“高效”的人，结果我觉得对方完全没有概念——效率的核心不是做事的速度，而是如何做得更聪明、更少浪费时间。真心觉得很多人对高效的理解简直是错位的。,0.54,0.0,0.0,0.12,0.19,0.19
又一次陷入了焦虑，明知道有些事必须等，但总是不忍心放手。真希望能做到冷静，清楚自己现在需要的是耐心，而不是焦虑。,0.07,0.08,0.24,0.05,0.65,0.0
看着很多人忙忙碌碌，却总是缺乏深度，真是感叹世界上有些人把“忙碌”当作了成功的标志，但从不问自己在忙什么。,0.32,0.0,0.08,0.12,0.57,0.1
明明知道自己能做得更好，却还总是因为害怕犯错而迟疑不前。也许，真正的勇气，就是敢于接受不完美。,0.0,0.09,0.57,0.13,0.37,0.0
“慢下来”这句话总是让人不舒服，可是，时间总会证明，慢下来的人，往往才是最终的赢家。,0.0,0.0,0.25,0.37,0.41,0.0
常有人问我：“你为什么总是那么冷静？”——其实我也没那么冷静，只是把情绪藏得好而已。,0.07,0.0,0.08,0.28,0.44,0.18
为什么总是有那么多浪费时间的行为？很多人活得像是在做表面功夫，而真正有价值的东西却被忽视了。,0.31,0.0,0.05,0.29,0.32,0.18
看书、思考、推理，这是INTJ的幸福源泉。别人可以靠外界的刺激生存，我更喜欢在内心世界里找寻答案。,0.0,0.0,0.91,0.17,0.0,0.0
最近对时间的感知越来越敏感，明明知道自己还有很多事没做，却觉得每一刻都在“浪费”时间。难道生活本就需要这种自我逼迫吗？,0.49,0.06,0.0,0.0,0.39,0.16
有些人活在当下，而有些人，却一心想着未来。不知道哪一种才是最合适的状态，或许两者都需要。,0.0,0.0,0.11,0.37,0.54,0.06
不是每个人都能理解INTJ的思维方式，也不是每个人都能接纳“过于理性”的分析。其实我只是对复杂的事情感兴趣而已。,0.07,0.0,0.16,0.53,0.12,0.11
工作中的每个细节，都在测试我的耐心和冷静。每次我都告诉自己，越是混乱的时候，越要保持清晰的头脑。,0.0,0.0,0.5,0.38,0.09,0.0
在经历过失败之后，我总能从中提炼出某种力量，让自己变得更加坚韧。没有什么能比从错误中学习更有效的成长方式。,0.0,0.0,0.81,0.14,0.06,0.0
如果你总是为了别人而活，那么你就永远不会有属于自己的方向。勇敢做自己，即便这个过程很孤独。,0.0,0.0,0.63,0.22,0.22,0.0
最近思考一个问题，真正的聪明是不是表现在能够让所有的事都在最短时间内完成？我想，不是，而是在过程中的深刻理解。,0.0,0.0,0.27,0.57,0.0,0.11
在深夜看书，偶尔感到自己迷失在思维的海洋里。其实，迷茫也是成长的必经之路。,0.0,0.07,0.09,0.23,0.62,0.08
以前总是把自己逼得很紧，认为只有做到极致才配得上成功。现在才发现，适时的放松和调整才是最明智的选择。,0.0,0.0,0.42,0.27,0.18,0.1
有时看到别人为了短期利益做出妥协，我会觉得他们已经开始失去自我。我更喜欢在长远的目标上付出坚持。,0.09,0.0,0.58,0.21,0.27,0.0
今天发现，真正有效的决策并不是最快的，而是经过充分分析、深入思考后做出的决定。快速反应并不等于做对事。,0.0,0.0,0.33,0.61,0.0,0.07
想起曾经那些不安的日子，觉得自己做出的每个决定都是如此重要。其实，我们总是在自己最不确定的时候，做出了最果断的选择。,0.0,0.0,0.34,0.12,0.48,0.07
我从不相信“运气”这种说法，一切都是因果的结果。能掌控自己的努力与方向，才是最可靠的方式。,0.0,0.0,0.65,0.28,0.0,0.0
人生并非一帆风顺，但我们可以通过冷静的思考，将一切不利因素转化为前进的动力。,0.0,0.0,0.74,0.41,0.0,0.0
看似最简单的决定，背后可能隐藏着无数复杂的逻辑与权衡。只有沉下心来，才能找到最适合自己的选择。,0.0,0.0,0.45,0.48,0.0,0.0
总有一些人看似很成功，但却总在表面功夫上浪费时间。我更愿意做一个深刻的人，而不是被浮华所迷惑。,0.0,0.0,0.76,0.26,0.08,0.0
与其追求“完美”，不如先做好“最合适”的选择。每一步都小心翼翼，才能在未来无悔。,0.0,0.0,0.75,0.25,0.0,0.0
过度依赖外界的认同，最终可能会迷失自我。真正重要的，是内心对自己选择的坚定。,0.0,0.0,0.38,0.47,0.24,0.0
看得越多，觉得自己越不懂。或许，这才是深度思考带来的真正收获：永远不会满足现有的认知。,0.0,0.0,0.44,0.31,0.3,0.0
如果今天的一切都能顺利进行，那一定是因为我之前做了足够的准备。结果来自于细节，不能忽视任何一个小环节。,0.0,0.0,0.57,0.43,0.0,0.0
任何时候，避免自负，不要觉得一切都掌握在自己手中。冷静是前进的钥匙。,0.0,0.0,0.57,0.43,0.0,0.0
很多人都在追求短期的效益，但我始终相信，长远的成功需要扎实的基础和稳步的积累。,0.0,0.0,0.65,0.4,0.0,0.0
我不关心别人怎么看我，因为我知道，只有自己知道自己要的是什么，才是真正重要的事。,0.0,0.0,0.62,0.25,0.14,0.0
不知道从什么时候起，我已经习惯了单独面对复杂的问题。有时候，独处并不孤独，反而能更加清晰地思考。,0.07,0.0,0.5,0.21,0.33,0.0
适时的“拒绝”是一种智慧，尤其是当你意识到自己必须优先考虑的重要事物时。,0.0,0.0,0.4,0.75,0.0,0.0
人生就是不断做决策的过程，每一个选择都带着责任。你决定放弃什么，就等于决定拥抱另一样东西。,0.0,0.0,0.67,0.35,0.0,0.0
过去的我对失败总是过于焦虑，现在的我学会了以更加理智的眼光看待失败，并从中汲取教训。,0.0,0.0,0.6,0.39,0.15,0.0
深思熟虑后，才发现很多事并不像表面看起来那么简单。我们需要更多的时间去分析、去规划。,0.0,0.0,0.31,0.51,0.15,0.07
有些人能在混乱中找到秩序，而有些人则永远困于表象的喧嚣。真正的能力，在于能看到背后的逻辑。,0.0,0.0,0.35,0.64,0.0,0.0
那些看似无关紧要的小事，往往隐藏着最深的洞察力。只有细心观察，才能把握住其中的机遇。,0.0,0.0,0.45,0.59,0.0,0.0
未来总是充满不确定性，但每当我冷静下来，意识到只有不断提升自己的能力，才能掌控未来。,0.0,0.0,0.74,0.24,0.0,0.0
生活中的小细节往往决定了你的未来，而这些细节，恰恰是我们无法忽视的部分。,0.0,0.0,0.31,0.68,0.0,0.12
知识的积累从来都不容易，但它却是解决问题的根本。每一步都必须脚踏实地，才能在未来有所收获。,0.0,0.0,0.73,0.31,0.0,0.0
发现自己越来越喜欢与深思熟虑的人交流。没有捷径，只有通过真正的思考，才能得到有价值的见解。,0.0,0.0,0.71,0.22,0.0,0.0
过度的社交不仅浪费时间，还让人失去了思考的空间。真正的智慧，往往来自于独处和深度反思。,0.0,0.0,0.23,0.62,0.27,0.0
曾经急于想要完成的目标，现在回头来看，也许并不那么重要。真正值得追求的是过程中的成长。,0.0,0.0,0.78,0.08,0.1,0.0
成功的标准总是千变万化，但有一点始终不变：真正的成功是从内心的宁静与清晰开始的。,0.0,0.0,0.56,0.59,0.0,0.0
做事总是有自己的节奏，不能因为外界的喧嚣而打乱步伐。对自己负责，才是最重要的事情。,0.0,0.0,0.72,0.24,0.0,0.0
这些年不断磨砺自己，学会在复杂的情境中做出判断。只有持续的学习和思考，才能够找到前行的方向。,0.0,0.0,0.76,0.22,0.0,0.0
自己的节奏才是最重要的，不要被他人影响，踏实做好每一步，未来的成功自会到来。,0.0,0.0,0.85,0.18,0.0,0.0
走过的路越来越长，才明白最重要的并不是结果，而是不断成长的过程。,0.0,0.0,0.84,0.0,0.12,0.0
深入了解自己后，才明白什么才是最适合自己的。继续前行，保持理智，不断追求自我提升。,0.0,0.0,0.77,0.2,0.0,0.0
