posts,angry,fear,happy,neutral,sad,surprise
有时候，我会觉得一个人的内在复杂性远比外在的简洁来得更加吸引人。朴栖含的每个眼神，每个微小的动作，都能透露出内心世界的深度。而这份深度，正是吸引人的原因。显然，表面上看似平淡的人，往往藏有最复杂的思想。,0,0.0,0.39,0.71,0.0,0.06
我不太能理解那种对偶像毫无保留的盲目崇拜。对我来说，偶像不是用来膜拜的对象，而是一个深思熟虑、值得尊敬的存在。真正的崇拜，是源自内心的认同与欣赏。,0,0.0,0.44,0.53,0.0,0.0
每个人的情感世界都是一个复杂的迷宫，朴宰灿的眼神，透露出他内心的自信与坚韧，而这背后隐藏着他对世界的深刻洞察。这种力量感，简直不容忽视。,0,0.1,0.6,0.41,0.0,0.09
朴栖含每次站在舞台上的姿态，几乎是那种能让人自愿沉浸其中的安静力量。也许这就是他与生俱来的魅力——无言却又极具穿透力。,0,0.0,0.62,0.47,0.0,0.0
看到朴宰灿为工作投入的热情，我常常反思自己是否也能像他一样，毫不保留地投入自己所热爱的事业。显然，人生最重要的是找到那份真诚的热情，并全力以赴。,0,0.0,0.87,0.16,0.0,0.0
我始终觉得，人们总是忽略了内心的真实需求。过度关注外界评价的人，往往会迷失在虚伪的面具下。真正的力量，来源于内心的坚定与独立。,0,0.0,0.36,0.46,0.27,0.0
对我来说，追随一个偶像并非盲目崇拜，而是欣赏其身上那些值得我学习的品质。朴栖含与朴宰灿给了我很多关于坚韧与热情的启示。,0,0.0,0.72,0.41,0.0,0.0
有些人总觉得只要足够努力，任何事情都能成功，但我认为，努力并非唯一的要素。成功背后，除了付出，还有聪明的策略和清晰的目标。,0,0.0,0.62,0.43,0.0,0.06
我有时候想，生活中最重要的不是得到什么，而是学会如何放下。对我来说，那些早已成型的偶像观念，只是过去的痕迹，而现在的自己，已经在寻找更深层次的价值了。,0,0.0,0.24,0.32,0.53,0.0
人们总喜欢去追求“完美”，却忽略了内心的平静与自省。只有内心充实，才能真正感受到生活的意义。,0,0.0,0.62,0.37,0.11,0.0
朴宰灿那种平和却又充满力量的气质，是我最欣赏的。他从不张扬，却能通过细微的动作与言语，展现出他对世界的独到见解。,0,0.0,0.82,0.33,0.0,0.0
我不喜欢随波逐流的人，总觉得那样的人生缺乏深度与反思。对于我来说，最吸引人的，是那些敢于走自己独立路的人，无论他们是否被理解。,0,0.0,0.61,0.36,0.0,0.0
朴栖含的每一次表演，似乎都在揭示一个更深的世界。透过他的眼神，我能看到那个复杂而细腻的内心。正是这种深邃的内涵，让他成为独一无二的存在。,0,0.0,0.57,0.52,0.0,0.0
我们常常在追逐什么，却忽略了真正值得我们关注的东西。对我来说，偶像不是单纯的崇拜对象，而是人生中的某种启示或指引。,0,0.0,0.42,0.54,0.16,0.0
朴宰灿的每一笑，背后都藏着一种不可言喻的力量。这种力量，不是来自外界的认可，而是来自他对自己的信心。,0,0.0,0.73,0.43,0.0,0.0
总有人问我，“你是不是也在追星？”我从不回答。因为对我来说，追求某个人并非目的，真正的目标是发现自己内心真正的需求。,0,0.0,0.3,0.44,0.15,0.15
我喜欢把精力投入到那些让我思考的事物中。偶像，只是我思维世界中的一个点缀，真正吸引我的，是那些让我不断进步的想法和经历。,0,0.0,0.88,0.2,0.0,0.0
我始终觉得，每一段关系的维系，都在于相互的理解与尊重。朴栖含与朴宰灿之间的默契，正是建立在这种深刻理解上的。,0,0.0,0.5,0.6,0.0,0.0
看到他们之间的互动，我仿佛能听到那种默契的节奏，尽管外表冷静，但每一个眼神、每一个动作，都充满了深情。,0,0.0,0.82,0.25,0.0,0.0
许多事情表面看起来无关紧要，但实际却能反映出一个人的深层次特质。我想，偶像的吸引力正是来源于这种深藏不露的特质。,0,0.0,0.39,0.7,0.0,0.0
我对感情的理解，始终是理性的。它不应该是盲目的投入，而是基于深思熟虑的选择。朴栖含与朴宰灿之间的感情，就像一场精密的博弈。,0,0.0,0.4,0.67,0.0,0.0
每次看到朴栖含在舞台上的表现，我都不禁思考，这种舞台魅力背后，究竟藏着多少刻苦的努力与无声的坚持。,0,0.0,0.5,0.34,0.16,0.1
偶像并不意味着完美。其实，偶像的价值，在于他们能通过自己的努力与坚持，激励我们去追求更好的自己。,0,0.0,0.71,0.32,0.0,0.0
很多人向往的，是看似完美无缺的生活。然而，真正值得追求的，是在坎坷与挑战中，找到的那份内心的平静与安宁。,0,0.0,0.72,0.27,0.0,0.0
每次看到朴栖含那种无言的坚定，我都能感受到一种近乎哲学的力量。那不是简单的自信，而是源自深刻自我认知的力量。,0,0.0,0.86,0.21,0.0,0.0
朴宰灿的每一次言谈，都能让我深思。他的智慧，不仅仅体现在言辞之间，更体现在他如何以冷静与理性面对复杂的世界。,0,0.0,0.55,0.57,0.07,0.0
偶像的背后，永远隐藏着一段无尽的故事。他们的每一份努力，都是经过深思熟虑与决策的结果。,0,0.0,0.53,0.5,0.0,0.0
偶像不是遥不可及的存在，他们与我们一样，有着对理想和目标的坚持。这种共鸣，让我感到一种深深的亲切。,0,0.0,0.89,0.12,0.0,0.0
我并不追求什么完美的偶像，而是更愿意欣赏那些有思想、有深度、敢于挑战自己的偶像。,0,0.0,0.79,0.25,0.0,0.0
朴宰灿的每一次演出，仿佛都是在和自己较劲。他不断挑战自我，不断突破，这种精神让我不禁反思自己的生活态度。,0,0.0,0.81,0.3,0.0,0.0
我并不相信偶像的完美无缺，而是更倾向于发现他们身上的独特魅力与深层次的思维。,0,0.0,0.54,0.51,0.0,0.07
朴栖含那种沉稳的气质，给人一种安心的力量。他的每一个动作都透露出对世界的独到见解，这种自信，令人着迷。,0,0.0,0.76,0.39,0.0,0.0
细腻的观察力和深刻的思考，总能让人从平凡的瞬间中捕捉到不一样的美。偶像不过是这种思考方式的具象化。,0,0.0,0.52,0.61,0.0,0.0
我一直认为，偶像的真正魅力，并不是外在的光鲜亮丽，而是那种从内心迸发出来的、不可言喻的力量。,0,0.0,0.64,0.44,0.0,0.0
偶像的光芒并非来源于外界的灼目，而是来源于他们内心的坚持与信念。他们的每一步，都是经过深思熟虑的选择。,0,0.0,0.57,0.57,0.0,0.0
朴宰灿在节目中的从容不迫，给人一种淡然的力量。那种冷静、理性的态度，不仅适用于表演，更是他面对生活的态度。,0,0.0,0.73,0.51,0.0,0.0
我并不崇拜完美的人，因为我相信，完美的人生是不存在的。真正值得崇拜的，是那些敢于面对自己缺陷、努力变得更好的人。,0,0.0,0.81,0.19,0.0,0.0
偶像的魅力，并不在于他们的外表，而在于他们如何从内而外散发出无与伦比的气质与力量。,0,0.0,0.45,0.67,0.0,0.05
每次看朴栖含，我都能感受到一种淡定与从容。他的眼神中，仿佛透露着他对生活的深刻理解。,0,0.0,0.68,0.43,0.0,0.0
我并不喜欢一成不变的人生，我更向往的是那些不断挑战自我、超越自己的存在。朴栖含与朴宰灿，正是这样的人。,0,0.0,0.69,0.39,0.0,0.05
对我来说，偶像并非神话，而是可以触及的现实。我们每个人都有机会在自己的领域中，成为最好的自己。,0,0.0,0.74,0.27,0.0,0.0
我更喜欢看到偶像背后那种默默的努力，而不是单纯的光鲜亮丽。只有那些深入思考、不断改进的人，才能成就更好的未来。,0,0.0,1.0,0.07,0.0,0.0
偶像的吸引力，并不仅仅来源于他们的颜值，而在于他们展现出来的坚定信念与独立思考的能力。,0,0.0,0.43,0.7,0.0,0.0
看到朴栖含在舞台上的从容，我才意识到，真正的自信，并不是外在的张扬，而是内心深处的一种力量。,0,0.0,0.85,0.24,0.0,0.0
朴宰灿展现出的冷静与理性，让我思考了很多关于生活的真理。其实，成功的秘诀，不只是努力，更是理性地看待每一步。,0,0.0,0.77,0.34,0.0,0.0
我一直相信，偶像的真正魅力来自于他们对自我的认知与坚持，而不仅仅是外界对他们的评价。,0,0.0,0.63,0.49,0.0,0.0
朴栖含在我心中，是那种典型的理性人物。每一次的深思熟虑，都让我对他的理解更加深刻。,0,0.0,0.57,0.54,0.0,0.0
朴宰灿身上有一种冷静的智慧，总能让人反思生活中的种种。我想，这也是他深受喜爱的原因之一。,0,0.0,0.63,0.55,0.0,0.0
对我来说，偶像的魅力，不在于他们是否完美，而在于他们在自己追求完美的过程中所表现出的坚持与努力。,0,0.0,0.67,0.42,0.0,0.0
人生中的很多选择，都需要深思熟虑。偶像之所以能成为偶像，是因为他们在关键时刻，做出了正确的选择。,0,0.0,0.52,0.54,0.0,0.0
