posts,angry,fear,happy,neutral,sad,surprise
今天深思熟虑后决定不再沉溺于短期的感官享受，而是开始专注于长期的智慧积累。每个人的思维方式不同，而我选择了理性和自律。,0.0,0.0,0.7,0.29,0.06,0.08
在一个充满变化的世界里，最难得的不是能力，而是稳固的内心。世界会改变，但只有那些能保持清晰头脑的人才能真正抓住机遇。,0.0,0.0,0.76,0.33,0.0,0.0
总有人问我如何有效管理时间。我的答案很简单：减少无效社交，把精力集中在真正重要的事情上。成功从来不是偶然，而是选择性地付出。,0.0,0.0,0.55,0.49,0.0,0.0
如果人类的社会更多地依赖逻辑和数据，世界或许会变得更加高效。但令人遗憾的是，情感常常干扰了理性的判断。,0.07,0.0,0.07,0.58,0.29,0.0
读书时发现，真正让人深思的不是字面上的内容，而是隐藏在字里行间的深层思想。就像这篇文章，背后的意义可能比字面上的推理更为复杂。,0.0,0.0,0.09,0.81,0.08,0.0
发现一个有趣的现象：大多数人都不喜欢孤独，但其实孤独是通往内心平静和自我理解的唯一途径。,0.0,0.0,0.34,0.57,0.06,0.14
生活的高效不在于一味忙碌，而是学会筛选不必要的事务。对我来说，过度社交和无效活动就是浪费生命。,0.28,0.06,0.18,0.46,0.28,0.0
"总是有人告诉我""做自己""，但我认为，做自己不是盲目地遵循本能，而是理解自己的长处与短处，并据此调整行动。",0.0,0.0,0.43,0.64,0.0,0.05
观察世界的规律，发现事物往往是按着某种模式运行的。今天的成功常常源自昨天的决定。理性思考，做好每一步，积累最后的成功。,0.0,0.0,0.66,0.45,0.0,0.0
最近在思考：是否真的有人能独立于社会压力之外生活？即便是最强大的个体，也无法完全摆脱外界的影响。但至少，我们可以选择不让它决定我们的人生方向。,0.0,0.0,0.24,0.49,0.13,0.13
一个完美的决策体系并不依赖感性冲动，而是基于深思熟虑后的逻辑判断。思维的深度决定了行动的高度。,0.0,0.0,0.23,0.88,0.0,0.0
反复提醒自己：每个短期的成功背后都藏着长期的努力。人们总是喜欢在一时的闪光点上停留，却忽视了背后那些日复一日的积累。,0.0,0.0,0.28,0.48,0.37,0.0
当我们在看待问题时，要尽量避免以表面现象为依据。深度的思考常常揭示出事物的本质，而不是局限于第一眼的印象。,0.0,0.0,0.17,0.89,0.0,0.0
我一直在寻找能够深刻改变我思维的书籍。对我来说，最宝贵的并非知识的数量，而是能够改变我思考方式的知识。,0.0,0.0,0.53,0.41,0.08,0.0
虽然理智和情感常常是对立的，但我认为情感是理性世界中不可忽视的力量。唯有理解和融合这两者，才能真正洞察人性。,0.0,0.0,0.42,0.72,0.0,0.0
决策的关键在于精准的预测，而预测的准确性往往取决于你对过去的深刻理解。历史总是重复，关键在于你是否看清了模式。,0.0,0.0,0.2,0.79,0.0,0.0
刚刚又做了一个决策分析，结果是：不做选择才是最好的选择。有时，放弃也是一种智慧。,0.0,0.0,0.28,0.43,0.28,0.06
想起曾经的自我，那时觉得一切都可以控制。但慢慢地，我发现，真正能控制的只是自己的思想和行为，而非外界的一切。,0.0,0.0,0.23,0.33,0.4,0.07
"我常常想，今天我们所认为的""对""是否真的就一定是""对""？世界上有太多可以选择的道路，而每一条都充满了未知的风险。",0.0,0.0,0.14,0.45,0.23,0.15
总是在批判别人的时候忽略了自己的缺点。这让我深刻意识到，批判与自省之间的界限其实非常模糊，必须保持警觉。,0.1,0.0,0.19,0.5,0.19,0.0
很多人都有一个误区：认为随便改变一点自己就可以变得更好。真正的成长来自于理解自己，找到弱点并有意识地改进。,0.0,0.0,0.42,0.62,0.0,0.0
看了一场电影，细节部分十分出色，但整体却没有达到预期。为什么呢？因为它忽视了情节深度和人物复杂性的交织。,0.07,0.0,0.0,0.66,0.24,0.12
"细心观察发现，很多所谓的""成功""往往是短期的假象。真正的成功来自于细水长流的坚持和不懈的努力。",0.0,0.0,0.37,0.68,0.0,0.0
回顾过去的错误，我发现最大的失误并非做错选择，而是做了没有深思熟虑的选择。真正的智慧在于深思熟虑之后的果断行动。,0.0,0.0,0.52,0.44,0.09,0.0
看了一篇关于领导力的文章，内容很好，但分析角度过于单一。领导力的真谛并非是一成不变的公式，而是根据不同环境灵活调整的策略。,0.0,0.0,0.12,0.75,0.18,0.06
有人说成功是个偶然，但我认为，成功背后有无数次深思熟虑后的选择与行动，而这些选择与行动，才是成功的真正源泉。,0.0,0.0,0.48,0.57,0.0,0.06
走在人群中，我常常陷入沉思：人类社会的种种行为到底背后藏着怎样的动机？这些动机常常隐藏在我们意识的深处。,0.0,0.0,0.0,0.63,0.08,0.13
这几天在整理过去的思考笔记，发现很多想法从未付诸实践。或许是因为缺少真正的行动力，而不仅仅是思维的深度。,0.0,0.0,0.07,0.52,0.45,0.08
生活不止眼前的苟且，还有无数个无法预见的挑战。每一个决策背后，都可能意味着巨大的变化，但最重要的是如何面对这些变化。,0.0,0.0,0.31,0.61,0.0,0.09
深夜的思考总是最清晰的。这时候我才明白，生活的意义不在于追逐短暂的欢乐，而是通过深刻的自省和冷静的思考，找到自己的方向。,0.0,0.0,0.79,0.17,0.06,0.0
每次看到一些肤浅的批评，内心总是想：人们怎么就不能学会从深层次去理解问题？真正的批判，不是盲目指责，而是追求真理。,0.21,0.0,0.16,0.41,0.22,0.0
为什么一些人总是无法走得更远？或许是因为他们停留在眼前的欲望中，无法自觉地看向未来，无法从宏观角度审视自己的行为。,0.0,0.0,0.0,0.55,0.41,0.0
刚刚在思考，一个人真正的强大，未必是外在的力量，而是内心的稳定与清晰。唯有内心强大，才能在风云变幻的世界中保持冷静。,0.0,0.0,0.64,0.33,0.0,0.0
如果说青春是一场追求，那真正值得追求的东西，不是短暂的虚荣，而是更高的智慧与长久的内心平静。,0.0,0.0,0.79,0.28,0.0,0.0
总有人告诉我，要去放松、去社交，但我知道，我所需要的放松和社交，绝不是跟随大众的潮流，而是寻找到符合自己节奏的方式。,0.0,0.0,0.59,0.39,0.0,0.06
每次决定去做一件事时，我总是深思熟虑后才开始。别人或许看不懂，但我知道，只有这样才能确保最优结果。,0.0,0.0,0.6,0.35,0.0,0.07
人生不是一场马拉松，而是一场拉锯战。关键不在于速度，而是如何保持持续的专注和高效的行动。,0.0,0.0,0.47,0.57,0.0,0.0
很多人不喜欢我冷静的态度，认为我不够热情。但我知道，情感的过度表现往往遮蔽了真正重要的事实与信息。,0.0,0.0,0.22,0.54,0.29,0.0
最近在想：真正的自由并非不受约束，而是能够自主选择自己的人生轨迹，不受外界干扰。,0.0,0.0,0.4,0.46,0.0,0.07
现实中，每个成功背后都少不了背后那不为人知的努力。很多人只看到了结果，却忽视了过程中无数的磨砺。,0.0,0.0,0.14,0.47,0.46,0.12
人类的思维总是充满偏见，然而理性思考能帮助我们消除这些偏见，直面问题的核心。,0.0,0.0,0.18,0.77,0.0,0.05
虽然我们总是面临各种各样的困境，但我认为，困境并非问题本身，而是我们如何看待困境的方式。,0.0,0.0,0.29,0.7,0.0,0.06
生活中，很多人总是追求短期的满足，忽视了长期的积累。成功往往不在于一次的爆发，而在于每天的微小进步。,0.0,0.0,0.43,0.54,0.17,0.0
每天给自己定下一个目标，迈出一步，便离目标更近一些。我们每个人的成功，都是无数次小目标积累的结果。,0.0,0.0,0.73,0.35,0.0,0.0
看待问题时，习惯从多个角度去思考。我认为，这种思维方式，能帮助我在复杂的环境中找到出路。,0.0,0.0,0.41,0.66,0.0,0.0
凡事都需要从大局着眼，生活的每一个决策，甚至是每一个细小的选择，都可能影响到最终的结果。,0.0,0.0,0.18,0.7,0.08,0.05
决策不仅仅是做选择，更是对未来可能结果的预测。每一个决定，都像是在为未来铺路。,0.0,0.0,0.31,0.76,0.0,0.0
理性从来不是冷漠，而是基于真实和事实的深刻理解。在情感驱使下作出的决策，往往会在事后让人懊悔。,0.0,0.0,0.17,0.56,0.35,0.0
习惯了深夜独处，有时不是孤单，而是与自我对话的最佳时光。所有的答案，往往都藏在我们内心的某个角落。,0.0,0.0,0.48,0.29,0.34,0.0
"今天又看到了一则报道，强调成功的秘诀是""努力""。其实，真正的秘诀是：有计划地努力，明智地选择，而非盲目地付出。",0.0,0.0,0.43,0.58,0.0,0.0
