posts,angry,fear,happy,neutral,sad,surprise
许多事，最难的是直面自己内心的需求，尤其当这些需求和现实发生冲突时。理性告诉我应该怎么做，感性却总是拖我走远。学会平衡，才能做到最好的自己。,0.0,0,0.49,0.22,0.31,0.0
人生不是一场快速比赛，而是一场长久的积累。并不是所有的路都可以快速走完，而是你在每个阶段的准备，让你走得更远。,0.0,0,0.89,0.24,0.0,0.0
自我发展是最重要的目标。无论外界如何喧嚣，只有内心足够强大，你才能在纷繁复杂的世界中保持冷静。,0.0,0,0.61,0.43,0.0,0.0
总觉得，有时候人的能力不足并不是因为缺乏努力，而是因为不懂得如何高效地运用时间。掌握一项技能，等于掌握了时间的钥匙。,0.0,0,0.23,0.54,0.37,0.0
亲密关系的维持从来都不容易。两个人之间，最好的状态，是互相理解、各自独立，并在某个时刻重合在一起。,0.0,0,0.5,0.58,0.0,0.0
很多人一生都在追求“成功”，但最重要的，应该是追求“自我实现”。让自己的能力和内心达到一致，才是最终的目标。,0.0,0,0.52,0.48,0.0,0.06
大多数时候，沉默的力量远胜于言语。真正的智者，往往用行为证明自己，而非通过语言去渲染。,0.0,0,0.37,0.78,0.0,0.0
如果你不懂得如何与自己相处，所有的关系都是短暂而浮躁的。内心的和谐，才是通向任何关系长久的关键。,0.0,0,0.29,0.59,0.16,0.0
你有多少自律，生活就会有多少自由。做自己想做的事，首先要从不依赖外界评价开始。,0.0,0,0.62,0.42,0.0,0.0
假如你对未来的规划没有清晰的愿景，那你现在所做的一切，都是漫无目的的徘徊。,0.07,0,0.0,0.44,0.45,0.0
不必在意他人怎么看待你的选择，最重要的是，你自己的内心是否平静与满足。别人无法替你过这一生。,0.0,0,0.64,0.3,0.14,0.0
适应的能力并不代表妥协，而是对不确定性的一种掌控。学会在不完美中寻找自己的平衡点。,0.0,0,0.56,0.53,0.0,0.0
其实人的思维总是会受到外界影响，但最值得坚持的，是你自己的核心价值观。保持独立思考，才不容易迷失。,0.0,0,0.62,0.42,0.0,0.0
每个追求卓越的人都需要孤独。孤独并非孤单，而是自我成长和沉淀的必经之路。,0.0,0,0.5,0.52,0.1,0.0
每个人都活在自己设定的局限之中，突破这些局限，才是改变的开始。,0.0,0,0.36,0.52,0.07,0.05
失望不是痛苦的根源，真正的痛苦来自对希望的执着。当你学会放手时，痛苦也就随之而去。,0.0,0,0.38,0.4,0.47,0.0
关系的本质，是相互尊重与理解。两个人是否合适，不是看表面，而是看内心的契合。,0.0,0,0.41,0.7,0.0,0.0
如果你不想做平凡的事，就要做好与孤独相伴的准备。平凡的路，大多数人都可以走，而非凡的路，往往只有少数人走。,0.0,0,0.31,0.49,0.31,0.0
在一个复杂的世界中，能够保持理智和清晰的思维，是一种无声的力量。很多时候，沉默就是最强大的回应。,0.0,0,0.67,0.43,0.0,0.0
真正的自由，是无论外界如何变动，内心都能够保持平静与专注。,0.0,0,0.57,0.48,0.0,0.0
人生的意义，往往不在于你做了多少事，而在于你做过的每一件事背后的内心动力和目标。,0.0,0,0.58,0.52,0.0,0.0
生活的平衡，是一个动态过程。过于专注某个方面，总会失衡；而真正的智慧，是知道何时适时调整。,0.0,0,0.6,0.6,0.07,0.0
真正的领导力，源自自我掌控。能控制自己的情绪，才有能力影响他人。,0.0,0,0.49,0.6,0.0,0.0
很多事，只有从失败中得到的教训，才能带来真正的成长。做自己真正想做的，才是最重要的。,0.0,0,0.74,0.19,0.0,0.0
社会给予了每个人太多的标签，但如果你真心想要成就自己，最重要的是不被这些标签所左右。,0.0,0,0.33,0.56,0.13,0.0
与其活在他人的期待中，不如活出自己的真实。无论如何，最能了解你的，永远是你自己。,0.0,0,0.73,0.27,0.0,0.0
了解一个人，不是通过言辞，而是通过他在困境中的选择。选择是一个人内心的真实写照。,0.0,0,0.41,0.71,0.07,0.0
我从不为自己的选择感到后悔，错误与失败只是让我更清楚未来的方向，知道什么该坚持，什么该放弃。,0.0,0,0.64,0.17,0.25,0.0
如果生活可以预测，那便不再值得去追求。每一份不确定性，都是人生赋予的机会。,0.0,0,0.6,0.31,0.11,0.0
成长的过程，是痛苦的，但正是这些痛苦，塑造了今天的你。面对挑战时，你会发现自己比想象中更强大。,0.0,0,0.84,0.15,0.06,0.0
做一个理性的人，是很难的。但正因为不轻易受情绪左右，才会发现生活的真谛。,0.0,0,0.73,0.31,0.05,0.0
有时不说话，就是最好的回答。懂得在沉默中寻找平静，也是一种自我控制的体现。,0.0,0,0.77,0.32,0.0,0.0
人生最大的错觉之一，就是认为自己已经理解了所有。其实我们所能掌握的，只是其中的一部分。,0.0,0,0.13,0.46,0.4,0.06
对我来说，真诚比任何事都重要。相对于表面的浮华，我更看重的是内心的透明与真诚。,0.0,0,0.59,0.52,0.0,0.0
幸福并不是无时无刻都在笑，而是内心的平静与满足。用心去感知生活，每个细节都藏着美好。,0.05,0,0.93,0.13,0.0,0.0
未来不确定，但这不意味着我们不能制定目标。尽管途中充满不确定性，但清晰的目标是不断前行的动力。,0.0,0,0.69,0.36,0.0,0.0
思维的清晰，决定了一个人能走多远。只有不断提升自己的思考能力，才能在混乱中找到自己的位置。,0.0,0,0.47,0.57,0.0,0.0
做决定时，最好不要被情绪支配。冷静分析，才能做出最符合长期利益的选择。,0.0,0,0.3,0.7,0.0,0.0
无论走到哪里，唯一能够带得走的，只有自己在过程中学到的智慧和经验。,0.0,0,0.72,0.33,0.0,0.0
关系中最重要的，不是对方的改变，而是你如何适应并理解彼此的不同。,0.0,0,0.4,0.7,0.08,0.0
你今天的生活质量，往往取决于昨天你做出的选择。每一个决定都不是轻松的，但它们共同塑造了今天的你。,0.0,0,0.62,0.46,0.0,0.05
生活并非总是充满了选择，但每一个选择背后，都反映了你对未来的理解和准备。,0.0,0,0.55,0.55,0.0,0.07
你不能控制一切，但可以选择如何回应。当你对外界的干扰有了清晰的认知，生活自然会变得更加简单。,0.0,0,0.59,0.54,0.0,0.0
成长的意义，不是回头看，而是把每一段经历都当作铺垫，通往更高的境界。,0.0,0,0.78,0.32,0.0,0.0
对自己负责，意味着对自己的未来负责任。每一次的选择，都是你未来生活的基础。,0.0,0,0.77,0.29,0.0,0.0
与其说在追求成功，不如说在追求自我超越。每一次的突破，都是自我成长的体现。,0.0,0,0.7,0.4,0.0,0.0
不要为没有掌控的事担心，把注意力放在你能掌控的领域，逐步实现你的目标。,0.0,0,0.51,0.48,0.0,0.0
生活不会总是顺遂，但正是那些挑战，成就了最强大的你。,0.0,0,1.0,0.0,0.0,0.0
把每一天的时间都用在对自己有意义的事上，终究会看到自己的成长与蜕变。,0.0,0,0.93,0.09,0.0,0.0
自律是一种力量，它能帮助你跨越每一个看似不可逾越的难关。,0.0,0,0.61,0.52,0.0,0.0
