posts,angry,fear,happy,neutral,sad,surprise
清理了所有不必要的社交联系，删掉了那些不再有意义的朋友和同学，整洁了自己的网络世界。高效，也更舒服。,0.0,0.0,0.9,0.11,0.0,0.0
有时候不必说太多，只需要在沉默中享受内心的胜利，别让外界干扰了自己的节奏。,0.0,0.0,0.77,0.24,0.09,0.0
昨晚加班结束后特地去吃了腊肉，尽管晚点了，连夜弄好却又没吃，直到今天才想起。生活中的小满足，是一种满足。,0.0,0.0,0.88,0.0,0.22,0.0
上司谈到工作，提到责任感时，他加了一句“无子女”。这种看似无意的点，倒让我思考了责任和家庭的平衡。,0.09,0.0,0.18,0.55,0.17,0.1
在忙碌的工作中，你会发现越负责的人，反而更容易被忽视，而那些不做事的人，能轻松逃脱。#工作感悟#,0.0,0.06,0.56,0.4,0.08,0.0
每个选择都是对未来的审视。真正的自由是来自内心的坚定，不会让任何琐事扰乱。,0.0,0.0,0.75,0.27,0.0,0.0
有时候能感受到身边人给你带来的负能量，越是有责任的人越是容易被拖累。#保持清醒#,0.16,0.07,0.22,0.27,0.41,0.0
突然觉得，自己逐渐学会了如何不浪费好心情，生活也开始变得简单和清晰。,0.0,0.0,0.88,0.08,0.1,0.0
只想在自己的节奏里做事，不想被外界的浮躁打扰，学会专注与沉默，才是真正的自在。,0.0,0.0,0.83,0.18,0.0,0.0
每个人都有不同的步伐，有时我们需要接受自己无法改变的部分，然后从中找到成长的力量。,0.0,0.0,0.68,0.36,0.0,0.0
物质享受固然好，但精神上的丰盈才是最持久的满足。即便是工作，也要以追求卓越为目标。,0.0,0.0,0.78,0.25,0.0,0.0
最难得的，是能够从繁忙的工作中抽身出来，去思考自己生活的意义。#自我反思#,0.0,0.0,0.79,0.12,0.07,0.0
今天偶尔懒散了一天，觉得自己有点沉沦，但明天会是新的一天，继续高效工作，继续前进。,0.0,0.0,0.95,0.0,0.0,0.0
完美并不存在，但努力的过程却值得每一次回顾。#每天都在努力#,0.0,0.0,0.99,0.0,0.0,0.0
这个周末没有安排过多计划，只是给自己一点空间，回归内心的平静。,0.0,0.0,0.59,0.38,0.06,0.0
我从不为别人设限，但常常觉得别人对我的期待过于简单。#自我提升#,0.09,0.0,0.4,0.32,0.28,0.0
最近越发觉得，放慢脚步，享受生活中的每一刻，是我真正需要的节奏。,0.0,0.0,0.75,0.17,0.08,0.0
领导让我写总结，我开始思考这是否是展示能力的好时机。挑战与压力，总能激发潜力。,0.05,0.0,0.55,0.35,0.0,0.0
刚做完纳税申报，发现自己的财富增长速度，还是有些惊讶。#财富管理#,0.0,0.2,0.34,0.23,0.0,0.41
工作与生活的边界有时模糊不清，找到属于自己的节奏，才能不被外界所困扰。,0.0,0.0,0.55,0.38,0.15,0.0
从繁忙的工作中抽离出来，去做自己喜欢的事，那一刻的自由，才是真正的放松。,0.0,0.0,0.8,0.22,0.0,0.0
总是期待改变，却常常被自己拖延。需要一份自律与决心，才能超越过去的自己。,0.0,0.0,0.32,0.16,0.56,0.0
清晨的第一缕阳光洒进房间，带来一天的希望与动力。每一个新的开始，都是无限可能。,0.0,0.0,0.96,0.0,0.0,0.0
每一个人都在自己的世界里不断变成更好的自己，努力过后，才有资格拥有自信。,0.0,0.0,0.85,0.16,0.0,0.0
对我而言，外界的评价是可有可无的。我只在乎自己如何定义成功。,0.0,0.0,0.07,0.58,0.16,0.06
不信命运安排，信自己的努力和策略。未来是可以用自己的双手塑造的。,0.0,0.0,0.73,0.2,0.0,0.0
刚开始的时候总是觉得前路漫长，现在回望，才知道每一步都算数。,0.0,0.0,0.19,0.18,0.7,0.08
自我提升的路上，偶尔有迷茫。但只要保持清醒，任何挑战都能迎刃而解。,0.0,0.07,0.8,0.19,0.0,0.0
最喜欢周末独自待在家中，看书、思考、规划未来，那种状态，是我最喜欢的自我时光。,0.0,0.0,1.0,0.09,0.0,0.0
想要走得更远，必须放下不必要的负担。清空杂念，专注目标，才能到达理想的彼岸。,0.0,0.0,0.79,0.21,0.0,0.0
世界不缺乏机会，缺乏的是抓住机会的勇气和智慧。要有远见，但更要有行动。,0.0,0.0,0.61,0.37,0.0,0.0
工作中常常发现自己比别人更加冷静，但在冷静中，我看到更多问题的本质。,0.0,0.0,0.42,0.38,0.1,0.11
对我来说，简单才是真理。复杂的世界，需要通过理性和高效思考去简化。,0.0,0.0,0.38,0.6,0.0,0.0
每天的工作都充满挑战，但我知道，挑战背后藏着巨大的机遇。,0.0,0.0,0.67,0.26,0.0,0.0
未来的一切，都在我脚下。每一步都在构建更美好的明天。#人生规划#,0.0,0.0,0.81,0.15,0.0,0.05
年度总结虽然繁琐，但每一个数字背后，都是我不断努力的结果。,0.0,0.0,0.72,0.24,0.0,0.0
社交圈越来越小，但人际关系变得更加纯粹。优质的交流，远比泛泛之交重要。,0.0,0.0,0.49,0.64,0.0,0.0
一年一度的评优表彰让我有些疲惫，但努力得到认可的那一刻，依然值得。,0.0,0.0,1.0,0.0,0.05,0.0
常常思考工作的意义。它不仅仅是收入，更是自我价值的体现。,0.0,0.0,0.56,0.5,0.0,0.0
人生的每一个阶段，都有不同的挑战和机遇。如何走得更稳，是我追求的目标。,0.0,0.0,0.72,0.27,0.0,0.0
生活中的小细节，最能展现一个人的态度。无论大小，精益求精才是最重要的。,0.0,0.0,0.6,0.52,0.0,0.0
这一年，学习到了很多新的技能，也放弃了一些过去的迷茫。#自我成长#,0.0,0.0,0.77,0.18,0.08,0.0
每个计划的背后，都藏着我对未来的深思熟虑。#战略思维#,0.0,0.0,0.35,0.61,0.0,0.07
无论工作多忙，晚上依然保持高效的自我充电，持续提升自己的专业水平。,0.0,0.0,0.78,0.24,0.0,0.0
每一场旅行，都是对自我的挑战。探索新的地方，带来新的思维方式。,0.0,0.0,0.71,0.35,0.0,0.0
早晨醒来，感受到自己能够主宰一天的节奏。自信，源于内心的充实。,0.0,0.0,0.92,0.11,0.0,0.0
曾经不敢放手一搏，但现在明白，唯一能做的就是全力以赴。,0.0,0.0,0.76,0.11,0.05,0.0
在生活中，我已学会不再对无关紧要的事情生气。理智与冷静才是最强的反应。,0.05,0.0,0.57,0.38,0.0,0.0
每个人都有属于自己的节奏。关键在于，如何在复杂的环境中找到自己的方向。,0.0,0.0,0.33,0.65,0.0,0.0
工作的动力不在于结果，而是过程中的自我挑战和提升。每一个目标，都是一种自我超越。,0.0,0.0,0.61,0.48,0.0,0.0
