posts,angry,fear,happy,neutral,sad,surprise
本周又被忙碌的工作安排狠狠压缩了个人时间，难怪我又变得像台工作机器。幸好，周末终于能进行一场长时间的孤独充电，什么都不做，什么都不想，给大脑一点喘息空间。,0.09,0.0,0.67,0.06,0.29,0.0
晚上偶然想起过去的一些决策，果然，INTJ的理性思考并没有错，虽然有时会被误解为冷血。回顾过去，未做出任何后悔的决定，才是最重要的。,0.0,0.0,0.81,0.07,0.06,0.06
今天又整理了一堆复杂的工作文档，发现自己越来越擅长拆解问题。每次解决一个小难题，都能让我更接近那些“完美”方案，只是这个过程很孤独罢了。,0.13,0.08,0.43,0.11,0.44,0.0
持续的反思让我意识到，人类最伟大的创造之一就是能够在孤独中找到自我成长的动力。可能这就是我如此渴望独处的原因吧。,0.0,0.0,0.64,0.21,0.12,0.06
每当别人说“你太冷了”，我心里总是默默地想：理性并不等于冷血，只是效率更高。希望能理解这种从容与冷静。,0.0,0.0,0.72,0.11,0.1,0.0
如果你问我人生的意义，我大概会告诉你：做出尽可能少的错误决策，尽可能多的思考，尽量活得更加合理。其他的，都是过眼云烟。,0.0,0.0,0.25,0.37,0.23,0.06
生活中的小事总能让我意识到，效率和准确性是最具吸引力的东西。无关喜好，只是纯粹的事实。这就是为什么我选择独自去解决每一个任务。,0.0,0.0,0.59,0.36,0.0,0.05
总是怀念上大学时那种独处的时光，没什么特别的社交压力，自己安排自己的时间，思考自己喜欢的问题，今天突然明白了，这种感觉，真是太珍贵了。,0.0,0.06,0.89,0.0,0.06,0.0
今天有点沮丧，因为整个团队的进度不如预期。INTJ最大的痛苦，莫过于在执行中看到无意义的浪费，结果注定被拖慢。,0.09,0.0,0.0,0.19,0.78,0.0
好久没做大脑“健身”了，今天决定重新开始复杂的项目研究，挑战一下自己的极限。INTJ的“深度思考”模式，不断进阶才算活得有意义。,0.0,0.0,0.82,0.13,0.06,0.0
周五晚上终于不被任何事情打扰了，能好好享受一个人时光。INTJ就需要这种彻底的“断联”，才不至于被外界影响，专注于自我。,0.0,0.0,0.94,0.06,0.07,0.0
又是一个在安静书房里度过的晚上，整理计划表，梳理未来的目标，明天的会议已经提前构思好了。周末计划：给大脑充电。,0.0,0.0,0.72,0.19,0.1,0.0
目前的工作让我学会了最重要的一课：做事不需要讨好别人，只要专注于目标，执行力到位，就能看到结果。其他的，统统无关紧要。,0.0,0.0,0.69,0.24,0.0,0.0
有时候我想，或许 INTJ 的优点就在于，总能把复杂的世界归结为简洁的逻辑框架。这种“简化”能力，有时让人感到孤独。,0.0,0.1,0.0,0.49,0.45,0.0
工作中最恐怖的时刻，是当你看到自己团队的混乱和低效时。今天决定采取行动，重新审视一下团队的方向和流程，理性解决一切问题。,0.11,0.33,0.14,0.32,0.0,0.06
在未来的计划中，我已经设定了更加明确的目标：不再浪费任何多余的时间，任何想法都要验证其可行性，生活即是效率的赛跑。,0.0,0.0,0.6,0.47,0.0,0.0
今天的目标：减少不必要的社交互动，最大化时间效率。计划已列好，下一步执行。,0.0,0.0,0.42,0.52,0.0,0.0
每次被邀请参加社交聚会，我总是心里盘算，是否值得浪费时间。INTJ 的最大优点，可能就是永远能找到“最优解”。,0.08,0.0,0.13,0.39,0.35,0.0
每个人都会有迷茫时刻，今天我决定，暂时放慢脚步，清理思路，然后再制定一套精确可行的计划。这才是理性思维的力量。,0.0,0.0,0.6,0.41,0.0,0.0
没错，我还是那个深思熟虑的 INTJ，讨厌在无聊的社交中浪费时间，真希望能有更多属于自己的时光，反思和规划未来。,0.0,0.0,0.85,0.05,0.1,0.0
今天突发奇想，是否可以用数据分析来更好地优化我的个人生活？真的是一个超现实的想法，但或许能通过这种方式将生活过得更有条理。,0.08,0.0,0.53,0.24,0.0,0.25
终于明白了，为何每次与别人讨论时，我总觉得自己活在不同的世界里。也许是我不喜欢浪费时间，所有的对话都必须有明确的目的。,0.0,0.0,0.25,0.19,0.45,0.17
只有在孤独中才能真正找到自我，今天计划了一整周的工作，才发现最适合我的生活方式就是让大脑不断挑战自己。,0.0,0.0,0.73,0.0,0.15,0.07
早上整理了一堆工作文件，计划下午将所有任务一一消化掉。INTJ 的最大特征：对于工作没有半点浪费，效率至上。,0.0,0.0,0.51,0.55,0.0,0.0
每天都在面对复杂的选择，这种感觉就像在密林中行走，唯一能带领我前行的，是对自己内心深处的深刻理解。,0.0,0.0,0.82,0.14,0.0,0.0
周三的早晨，重复的工作已开始让我感到有些疲惫。或许是该暂停一下，重构我的目标和动力源泉。INTJ 需要自我修复的时刻。,0.06,0.0,0.41,0.24,0.37,0.0
自己一个人呆在办公室时，能集中精力做事，一旦被外界打扰，效率就大幅度下降。看来，我的理想工作环境是孤独而专注的。,0.13,0.0,0.21,0.37,0.38,0.05
刚才看到一篇关于如何提升领导力的文章，突然意识到，所谓的领导力，其实就是能从一堆混乱中找到合适的方向，带领大家走向目标。,0.0,0.0,0.36,0.55,0.0,0.09
周四早上又重新审视了一下自己的长远规划，终于决定减少一些无效社交，集中精力做自己擅长的事，生活不该被别人牵引。,0.0,0.0,0.71,0.2,0.16,0.0
今天反思了很久，INTJ 最大的痛苦在于，总觉得自己有太多未完成的理想和计划，而这些最终都被生活琐事拖慢。,0.0,0.0,0.0,0.14,0.92,0.0
突然明白，工作中最重要的不是“做”多少，而是“做得对”多少。忙碌不是成就，反而是一种伪装。,0.0,0.0,0.49,0.29,0.24,0.0
只有在独自一人时，我才能清晰地看见自己的方向。理性和规划才是 INTJ 的两大基石。,0.0,0.0,0.42,0.51,0.07,0.0
今天早上，做了一整套大脑训练，效果不错。INTJ 的秘诀其实就是，如何让自己的思维始终保持清晰和高效。,0.0,0.0,0.51,0.48,0.0,0.0
当别人忙着社交时，我依然觉得独自一人最舒服。明天的工作流程已排好，INTJ 的专注力来自于无干扰的环境。,0.0,0.0,0.88,0.12,0.0,0.0
一直在思考，如何将工作中的每个细节做到最优解，毕竟时间是最宝贵的资源。INTJ 的世界里，没有“无意义”的消耗。,0.05,0.0,0.28,0.4,0.18,0.0
有时看着别人抱怨工作压力，我会突然想到，我唯一的压力就是：如何不断优化自己的工作和生活，使一切都更有效率。,0.09,0.0,0.35,0.29,0.22,0.06
最近不断意识到，不是每个人都能理解深度思考的魅力。INTJ 的孤独，不是因为不想社交，而是理性思考时的那份“独立”。,0.0,0.0,0.37,0.31,0.27,0.08
今天和同事讨论了未来的规划，发现大家的思维差异让我不禁想起，为什么我总是选择在“深度思考”中前行，而不是浅尝辄止。,0.08,0.0,0.06,0.51,0.28,0.17
每天都会有一段时间完全属于我自己。要么是规划未来的目标，要么是反思过去的决策。INTJ 的生活是一个长久的自我优化过程。,0.0,0.0,0.61,0.47,0.0,0.0
今天见到一个特别有趣的项目，我忍不住思考了半天，才决定是否投入。对于 INTJ 来说，任何投资都要谨慎且理性。,0.0,0.0,0.44,0.51,0.0,0.09
想起曾经的“完美计划”，虽然没有按预期发展，但我也学到了如何在复杂局面中找到最优解。INTJ 生活的核心，就是找到最佳路径。,0.0,0.0,0.83,0.14,0.0,0.0
周三结束时，思考了一个问题：所有的焦虑和压力，究竟是来自未实现的目标，还是对未来不确定性的恐惧？,0.0,0.14,0.0,0.42,0.19,0.2
今天和领导开会，讨论了很多细节，我的逻辑与思路总是让对方有所触动。INTJ 认为，思考的深度决定了结果的广度。,0.0,0.0,0.32,0.68,0.0,0.0
有时候，最让人感到痛苦的并不是目标的遥不可及，而是自己的步骤是否精准。INTJ 的原则：每一步都要经过理性验证。,0.0,0.0,0.18,0.61,0.19,0.0
总觉得这些不必要的社交和应酬，都是在浪费生命。INTJ 只想做真正有意义的事，完成自己的目标，其他一切皆浮云。,0.15,0.0,0.17,0.29,0.36,0.0
深度思考之后，决定给自己放个假。不是逃避，而是为了更好地面对即将到来的挑战。INTJ 的假期，是自我充电的最佳时机。,0.0,0.0,0.73,0.28,0.0,0.0
今天又做了一项挑战，打破了过去的局限。作为 INTJ，我永远在寻找突破自我的机会，每一次成功，都让我更接近理想的生活。,0.0,0.0,0.88,0.0,0.0,0.0
每当遇到困难和不顺时，想到过去的坚持与努力，我就能重新找回那份冷静与理智，继续前行。,0.0,0.0,0.93,0.09,0.0,0.0
近期比较忙碌，很多事情都堆积起来。总算明白，INTJ 之所以喜欢独立做事，正因为这样可以减少不必要的“拖延症”。,0.0,0.0,0.65,0.23,0.23,0.0
这个周末计划独自去一个安静的地方，进行深度思考。INTJ 的成长过程，从来不是表面的成功，而是在无数个独处的时刻，慢慢积累智慧。,0.0,0.0,0.75,0.29,0.07,0.0
