posts,angry,fear,happy,neutral,sad,surprise
一切都在变化，时间是唯一的常数。但我还是会静静地坐着，观察那些轻浮的浮动，理性思考每一个决定，寻找其中的意义。,0.0,0.0,0.64,0.36,0.08,0.0
深夜的思考让我意识到，世界不过是我内心的一面镜子。每个决策都源自内心的推演，深思熟虑后才敢前行。,0.0,0.0,0.45,0.39,0.23,0.0
生活有时候像极了一个复杂的算法，虽然充满挑战，但每一个解决步骤都让人心满意足。今天的目标：清理思绪，简化复杂。,0.0,0.0,0.75,0.25,0.0,0.0
在这个世界上，我想要的永远不多，只是理解与深度。有时候，孤独是我最好的朋友，因为它让我能集中精力去深挖每一个问题。,0.0,0.0,0.67,0.25,0.18,0.0
昨晚又翻阅了那本已经翻了无数遍的书，反复推敲其中的每个细节。这种从细微处提炼出深意的感觉，才是最真实的满足。,0.0,0.0,0.97,0.06,0.0,0.0
人生的很多选择都是基于“最优解”的推理。但有时候，最优解并非唯一，敢于质疑规则，才能找到属于自己的道路。,0.0,0.0,0.5,0.54,0.0,0.0
昨天和一个朋友讨论未来的计划，我们不断调整思路，直到找出一条最符合逻辑的路径。这样的对话很有趣，但又无比疲惫。,0.13,0.07,0.32,0.27,0.46,0.0
外界的浮躁无处不在，而我依然选择在这片喧嚣中保持冷静。每一次的内心沉淀，都是对未来的一次积淀。,0.0,0.0,0.76,0.25,0.06,0.0
突然觉得，自己好像一个复杂的机器，外部的磨砺让我变得更坚固。每一块齿轮都在默默运转，仿佛只有这样，才有意义。,0.07,0.0,0.66,0.1,0.24,0.0
大部分人都在按部就班地活着，而我在思考，这种按部就班的生活是否能满足我的求知欲。真是个谜。,0.0,0.15,0.0,0.34,0.29,0.35
不断地问自己，为什么会有如此复杂的情感。理性告诉我不要陷入其中，但情感却像一个无法关闭的程序。,0.05,0.0,0.0,0.25,0.54,0.1
最近做了一些小改变，从整理思绪开始，逐渐地在平静中找到了真正的自我。理性和感性，原来也可以并存。,0.0,0.0,0.67,0.28,0.09,0.08
一直相信“简洁即是智慧”，所以我时常清理自己的生活、思维和情感。不必要的东西，统统剔除，剩下的才是最本质的自己。,0.0,0.0,0.82,0.23,0.0,0.0
我一直在思考，人类的情感为何如此复杂。或许，正是这些不确定性，让人生更有了探索的价值。,0.0,0.0,0.42,0.36,0.1,0.1
夜深了，独自思考今天的决策是否正确。有时，深思之后才发现，很多决定并不是理性计算的结果，而是内心潜藏的欲望。,0.0,0.0,0.14,0.31,0.59,0.07
这种隐形的“压力”，是不是每个思考过深的人都会有的感受？我知道我需要一些时间来消化，但心中的焦虑总在不停翻涌。,0.07,0.15,0.0,0.22,0.61,0.07
每一次情感的波动都让我深刻意识到自己并非完全理性。也许理性与感性之间的博弈，才是人生的真谛。,0.0,0.0,0.53,0.41,0.06,0.09
今天的我想做的事情很简单，静下来，冥思，思考未来的走向。越是走向未来，越是要保持清晰的头脑。,0.0,0.0,0.71,0.32,0.0,0.0
听别人讲述他们的故事，我常常会深陷其中，分析其中的动机与逻辑。有时候，情感只是外衣，内里却是冷静的决策。,0.0,0.0,0.27,0.55,0.21,0.0
有些话，只有在孤独的时候才会说出来。今天夜里，独自站在窗前，思绪万千，意识到自己依旧深陷于某种无法触及的理想中。,0.07,0.0,0.0,0.09,0.94,0.0
一个人的成长，或许并非经历了多少风雨，而是在沉默中慢慢理解了那些别人眼中平凡的道理。,0.0,0.0,0.62,0.41,0.17,0.0
我喜欢思考问题的多重可能性。每一个选择背后，都是无数个支线的交织。未来究竟会如何，谁知道呢？,0.09,0.0,0.17,0.46,0.09,0.19
最近不断反思自己是否过于严苛。或许，理性思维是必不可少的，但也许偶尔的感性与随性会带来不一样的风景。,0.0,0.0,0.44,0.42,0.18,0.05
有时候，我会觉得自己是个孤独的观察者，生活对我而言，像是一场可以分析和推演的游戏，而情感的起伏只是其中的一部分。,0.0,0.07,0.06,0.52,0.49,0.0
今天翻开了旧日的笔记，发现当时的决策看起来充满自信，却又无比脆弱。原来，每个决定背后都有不为人知的挣扎。,0.0,0.0,0.15,0.19,0.55,0.13
喜欢沉浸在一个个项目中，去解决每一个看似无解的问题。每一个突破的瞬间，都是对自己思维的奖励。,0.0,0.0,0.94,0.17,0.0,0.0
很多人都在追寻外界的认同，而我却始终认为，认同的真谛在于自己是否对自己的选择感到满意。,0.0,0.0,0.39,0.36,0.19,0.15
每当夜深人静时，我就会想，未来会是什么样子。或许，我们都在自己选择的道路上走，尽管这一切或许早已注定。,0.0,0.0,0.17,0.25,0.55,0.09
生活中有太多不确定性，但我依然相信，所有的选择都有其深刻的意义。只是，我们并不总能立刻看见。,0.0,0.0,0.5,0.25,0.24,0.0
反复思考每一件事，直到得出最合理的结论。这样做似乎耗费了我不少时间，但理性告诉我，只有如此才能避免错误。,0.0,0.0,0.59,0.4,0.0,0.0
当我看到世界的浮躁时，我会想到，或许我不适合这片喧嚣。独自一人时，才是我最自在的时候。,0.07,0.0,0.45,0.26,0.34,0.0
在这个充满嘈杂的世界里，我依然坚持做自己。孤独的背后，是对自由的渴望，和对生活的独立思考。,0.0,0.0,0.71,0.16,0.08,0.06
今天的自己，学会了更好地平衡内心的理性与情感。虽然很难，但我已经逐渐理解，生活并不是只有黑白两色。,0.0,0.0,0.74,0.15,0.11,0.0
当我开始怀疑自己是否太过冷静时，我才意识到，或许只有通过冷静，才能真正看清生活的本质。,0.0,0.0,0.3,0.42,0.3,0.07
一切都在不断变化，而我依旧固守自己的原则。这是对自己最深的尊重，也是一种对未来最深的预见。,0.0,0.0,0.8,0.19,0.0,0.08
生活中的琐碎和忙碌时常让我分心，但最终，我发现，所有的东西都可以用一颗冷静的心去处理。,0.0,0.0,0.72,0.23,0.14,0.0
今天意识到，人与人之间的差距，不是思想的高低，而是认知的深度。有时候，越深的思考越能让人脱离表面。,0.0,0.0,0.15,0.58,0.27,0.0
遇到挫折时，我常常会提醒自己，任何人都可能犯错。但最重要的是，如何从错误中汲取教训，走得更远。,0.0,0.0,0.62,0.33,0.0,0.0
曾经以为，所有问题都可以通过理性解决。如今才发现，情感的力量，有时会比理性更具改变的力量。,0.0,0.0,0.39,0.32,0.19,0.15
再次重新审视自己的人生目标，逐渐明白了什么才是真正的追求。也许一切早已在内心的某个角落里埋下了伏笔。,0.0,0.0,0.39,0.25,0.32,0.0
不喜欢随波逐流，所以我总是走自己选择的道路。即使这条路充满了未知，但至少，我是自己人生的主导者。,0.0,0.0,0.79,0.19,0.0,0.0
每一次失败，都是向自己挑战的过程。理性告诉我，这不过是通往成功的必经之路。,0.0,0.0,0.38,0.33,0.22,0.0
每个人都有自己独特的节奏。偶尔的停顿、反思，能让我更加清晰地看见前行的方向。,0.0,0.0,0.84,0.22,0.0,0.0
看似平淡的生活背后，藏着无数个不为人知的深思与反思。只有静下心，才能感知到其中的深意。,0.0,0.0,0.45,0.49,0.09,0.0
未来究竟会如何？也许我们无法知道。但至少现在的我，清楚地知道自己在做什么。,0.0,0.0,0.42,0.29,0.17,0.13
每一次与人对话，都是一次思维的碰撞。我喜欢那些深刻且富有启发性的讨论，哪怕最终没有明确的答案。,0.0,0.0,0.83,0.23,0.0,0.0
如果一个人真的想了解自己，他需要先学会接受自己的矛盾。理性与感性并非对立，而是交织在一起的两股力量。,0.0,0.0,0.27,0.8,0.05,0.0
每一个难题背后，都是一次思维的挑战。我喜欢这种挑战感，它让我不断推高自己的认知边界。,0.0,0.07,0.74,0.31,0.0,0.0
有时候，孤独并非可怕的事。反而，它让我更专注于自己的思考，也让我在与自己对话时，发现了更多的可能性。,0.0,0.18,0.8,0.13,0.0,0.0
总是不断地寻找答案，却发现真正的答案往往不是我们想要的。人生的意义，或许就在于这一份探索的过程。,0.0,0.0,0.39,0.34,0.35,0.07
