posts,angry,fear,happy,neutral,sad,surprise
选择追求目标的过程中，我们要明白，并非每一步都注定顺利。现实总是充满了艰难和妥协，但依旧要坚持自己的方向，不论别人如何评价。,0.0,0.0,0.79,0.19,0.0,0.0
看到某些人明明生活优渥，反而在社交平台上诉说着自己的烦恼，实在让人感到莫名的无奈。生活的苦难，真的是需要经历的，才知道如何定义“幸福”。,0.24,0.0,0.07,0.0,0.67,0.08
曾经不理解为什么大部分人都喜欢看垃圾综艺，直到我发现：其实不是节目内容本身吸引人，而是这种能简单娱乐的方式，给人带来某种精神上的解脱。,0.06,0.0,0.35,0.44,0.07,0.19
让人沮丧的是，在社会的快节奏下，我们无法避免地失去对一些小细节的关注。而这些细节，才是我们真正感知世界的方式。,0.07,0.09,0.11,0.43,0.36,0.07
工作到极致疲惫的时候，反而更能感受到成就感。有时，疲劳和焦虑就像是验证努力的印记，只是少有人理解这份坚持背后的意义。,0.0,0.0,0.46,0.29,0.36,0.0
读书多了才发现，书中的智慧远不如我们自身的觉察。一个人的思维与认知，并不是外界知识的堆砌，而是内心对世界的独立思考与反应。,0.0,0.0,0.41,0.68,0.0,0.0
对于许多事情，保持一种冷静的态度就能有效避免情绪上的干扰。人生中的大多数难题，往往并不是外界所施加的，而是我们自己如何应对。,0.0,0.0,0.32,0.67,0.07,0.0
人生最可怕的不是失败，而是从未真正努力过。很多时候，我们不是不行，而是缺少那份持续前行的勇气。成功，往往是一步步踩实的结果。,0.0,0.17,0.27,0.36,0.44,0.0
昨天看完一部电影，突然觉得自己浪费了太多时间在无关紧要的事物上。如果能早一点明白时间的宝贵，或许能少走很多弯路。,0.0,0.0,0.55,0.12,0.33,0.0
为了生活的目标而奔波的时候，才明白“知足常乐”的深意。不是放弃理想，而是学会平衡欲望和现实，让自己在奋斗中不失宁静。,0.0,0.0,0.83,0.17,0.06,0.0
无论你如何努力，生活终究是无法被完美控制的。而最重要的是，如何在不完美中找到自己的平衡点和内心的平和。,0.0,0.0,0.61,0.35,0.0,0.0
每个人心中都有一个不为人知的理想国，只是大多数人选择隐藏，害怕被外界看穿。可是，真正的自由，不就是在于能够真实地做自己吗？,0.0,0.0,0.4,0.3,0.16,0.16
不再强求一切完美的自己，这或许是人生的智慧之一。对自己温柔一点，接纳自己的缺点，也能在不断自我修正中取得进步。,0.0,0.0,0.9,0.2,0.0,0.0
想要掌控一切是天性，但真正的智者是懂得放手和权衡的人。生活的规律，常常是在不经意中流露的细节里，而非宏大的计划和目标。,0.0,0.0,0.55,0.6,0.0,0.0
看到很多人都在强调“早起”、“高效”，但我始终认为，最重要的并非表面上的努力，而是内心是否有那份持之以恒的决心和耐心。,0.0,0.0,0.6,0.38,0.0,0.0
工作是手段，生活才是目标。过度沉浸在职业中的人，可能忽略了生活本身的美好。理性地规划，生活中的每个小细节才是最值得珍惜的。,0.0,0.0,0.65,0.37,0.06,0.0
人生的意义不是在外界的评价中寻找，而是在不断探索自己的过程中实现。只有了解自己，才能走出一条属于自己的路。,0.0,0.0,0.7,0.39,0.0,0.0
最近开始学着慢下节奏，虽然外界的喧嚣没有停止，但至少在内心，我可以保持那份宁静与清晰。希望这份平静，能带给我更多的洞察力。,0.0,0.0,0.89,0.14,0.0,0.0
旅行不再是单纯的放松，而是一次自我探索。每到一个新的地方，能从陌生的文化中汲取灵感，也能在新的环境中更好地理解自己的定位。,0.0,0.0,0.77,0.36,0.0,0.0
每次接触新的技术，都会对未来产生更多思考。科技的快速进步，给我们带来便利，但同样也带来了不小的挑战。如何应对这场变革，成为我们面临的重要课题。,0.0,0.0,0.25,0.7,0.0,0.07
有时候，沉默并不是懦弱，而是一种自我保护的方式。不是每一次冲动的发言都有意义，反而适时的沉默，往往能让你看到更清晰的世界。,0.0,0.0,0.77,0.32,0.0,0.0
每个成功背后，都有一段无数次跌倒和重新站起来的经历。很多人看不到背后的付出，只看到了表面的光鲜。成功，并不意味着没有痛苦。,0.0,0.0,0.52,0.4,0.18,0.05
不要轻易妥协自己的原则与信念，尤其是在面临压力时。坚持自己的立场，虽然难，但真正的成长，就在于这种持续的挑战中。,0.0,0.06,0.77,0.24,0.0,0.0
社交媒体上的每个人，都是用一种表演的方式存在。你看到的，只是一个虚拟的角色，而非真实的个体。过度依赖它，只会让自己迷失。,0.0,0.0,0.14,0.69,0.21,0.0
世界上最难的事，莫过于让自己在喧嚣中保持清醒。每个人都在向外寻找答案，而真正的答案，其实是源自内心的洞察。,0.0,0.0,0.41,0.54,0.09,0.0
许多时候，真正的智慧是来源于自我觉察。你所见到的世界，并非全部，最重要的是如何从中汲取力量和教训。,0.0,0.0,0.5,0.62,0.0,0.0
生活中的很多烦恼，往往源自于我们对未来的过度焦虑。而如果能学会活在当下，或许会发现，很多问题并没有想象中的那么严重。,0.0,0.0,0.16,0.57,0.3,0.13
对我来说，成功不是简单的财富积累，而是内心的富足和安定。只有在内心真正感到充实时，外界的一切才能变得不那么重要。,0.0,0.0,0.76,0.36,0.0,0.0
总觉得时间过得太快，有时候我想停下脚步，好好享受一会儿，但现实总是催促着我前行。也许，生活本就如此，必须不断适应和前进。,0.0,0.0,0.46,0.11,0.47,0.0
想要过上舒适的生活，往往需要通过不断的努力和规划。虽然前进的道路艰难，但只有站得更高，才能看到更远的风景。,0.0,0.0,0.8,0.27,0.0,0.0
社会的竞争让人感到压力，但我始终相信，唯有内心强大，才能在这个复杂的世界中保持一份冷静。无论外界如何变动，我们的思维要稳定。,0.0,0.0,0.79,0.2,0.0,0.0
在这个瞬息万变的世界中，唯有保持冷静的头脑，才能真正把握机会。生活中的每个选择，都是未来的铺路石，值得我们用心思考。,0.0,0.0,0.69,0.33,0.0,0.0
时常感叹，许多时候我们最想要的，正是那些我们无法得到的东西。无论物质还是精神，欲望总是无穷无尽。而这，正是人类最大的痛苦来源。,0.0,0.0,0.06,0.2,0.67,0.0
不要轻视任何小事，它们往往能在不经意间改变你的生活轨迹。每一次决定，都是未来的种子。,0.0,0.0,0.74,0.34,0.0,0.0
每个人都有自己的道路，不必在意他人如何看待。关键是要了解自己的方向，并为此不断奋斗。,0.0,0.0,0.57,0.44,0.0,0.0
在某些时候，学会让自己沉默，是一种智慧。真正的沟通，不是语言上的流畅，而是彼此的理解与默契。,0.0,0.0,0.64,0.5,0.0,0.0
无论世界如何变化，我们始终不能忘记自己最初的追求。每一次的坚持，都是对自己信念的坚守。,0.0,0.0,0.84,0.12,0.0,0.0
最近对很多人的选择产生了怀疑，似乎他们都是被外界的声音所左右。或许，在这个信息泛滥的时代，真正的独立思考越来越难得。,0.0,0.05,0.09,0.39,0.35,0.07
我总是提醒自己，不要随波逐流。唯有走出自己的独立道路，才能在复杂的世界中找到属于自己的宁静。,0.0,0.0,0.64,0.29,0.14,0.0
反复思考过后，我逐渐明白，生活中的许多决定并不是对与错，而是我们如何理解和接纳它们。,0.0,0.0,0.43,0.57,0.08,0.06
人生最大的挑战之一，是如何在不完美中找到平衡。每个人都有瑕疵，但真正的智慧，是在瑕疵中依然能找到前行的力量。,0.0,0.0,0.68,0.38,0.0,0.0
或许，生活并没有你想象中的那么复杂。关键是学会放下，学会接受。明白这一点，很多事情便能迎刃而解。,0.0,0.0,0.62,0.37,0.0,0.0
生活中的所有挑战，都会让你变得更加坚韧。每一次的失败，都在悄悄塑造一个更强大的你。,0.0,0.0,0.95,0.11,0.0,0.0
不在乎别人的眼光，是自我成熟的标志之一。只有摆脱外界评价的束缚，你才能真正做自己。,0.0,0.0,0.63,0.43,0.0,0.0
在这个浮躁的社会中，坚持自己的原则，保持清醒的头脑，是每个人都必须学会的生存法则。,0.0,0.0,0.45,0.53,0.0,0.0
不必急于求成，很多成功的故事背后，是无数次的等待和准备。人生的路，总需要一点耐心和思考。,0.0,0.0,0.72,0.3,0.0,0.0
如果一直处于焦虑和压力中，那只是因为你没有找到最合适的方式去应对。而一旦找到，压力便会变成动力。,0.0,0.06,0.14,0.63,0.39,0.0
每一个阶段的成长，都会带来新的挑战和困惑。真正成熟的人，是能够从每一次经历中总结经验，逐步向更高的目标迈进。,0.0,0.0,0.67,0.36,0.0,0.0
从不轻易做决策的人，并非懦弱，而是懂得谨慎和深思熟虑。很多时候，耐心和细致比急于行动更为重要。,0.0,0.0,0.56,0.57,0.0,0.0
生活中的一切，都不应该被浪费。无论时间、机会，还是人际关系，都应该用心去经营和珍惜。,0.0,0.0,0.83,0.28,0.0,0.0
