posts,angry,fear,happy,neutral,sad,surprise
进步的速度似乎总跟不上自己的目标。总觉得自己做得不够快、够好，可是身边的人却总说我有进步。其实，我只知道自己还没达到那个目标，我对“进步”的定义似乎太苛刻了。#内心焦虑,0.0,0.13,0.0,0.0,0.77,0.0
我知道自己为什么画画焦虑，目标设得太高，达不到就崩溃。为了进步，我两个月不出门，画七八个小时，这样逼自己到底能不能走得更远？#极限挑战,0.22,0.16,0.0,0.08,0.52,0.0
老师说我这自学的画风有明显短板，流程混乱，瓶颈期突破不了。看到别人都能熟练掌握的新技巧，我反而变得更加迷茫。自己能画得好，但为何还是总感到不足呢？#进步与瓶颈,0.05,0.11,0.0,0.26,0.5,0.0
每天起早画画，熬到深夜，觉得时间不够用。总是觉得画得太少、不够多，内心的焦虑让我不愿意停下来休息。#自我逼迫,0.17,0.13,0.0,0.11,0.7,0.0
最近画了很多作品，但都不想发。总觉得自己画得不好，和理想中的自己差太多。每一笔都让我感到不满意。#创作焦虑,0.06,0.13,0.0,0.13,0.85,0.0
生活中的琐事让我心力交瘁，特别是吃药这种小事，我总是心不在焉，手一抖，连药都能撒了。每一件小事都让我焦虑不已。#小事大焦虑,0.11,0.29,0.0,0.1,0.57,0.0
我的画和我的精神状态不符，别人说我画得理性且有逻辑，但自己却感觉一切都那么混乱。画出有力量的作品，怎能靠外界认同来满足？#作品与内心,0.09,0.0,0.13,0.34,0.31,0.14
过年那会儿，躁期又来了，花钱如流水。每次处于躁期，都觉得生活失去了平衡。总是在极端状态之间徘徊，无法找到一条平稳的道路。#躁狂与现实,0.13,0.14,0.0,0.14,0.61,0.0
最近在深度学习人体解剖和肌肉结构，终于掌握了一些细节，感觉自己对人体的理解更透彻了。进步终于有了点实质性成果。#知识积累,0.0,0.0,0.86,0.05,0.0,0.0
画得丑的时候总是劝自己“还在学”，但其实深知问题不在时间，而是那种无法忍受自己的丑画。#进步的痛苦,0.07,0.05,0.11,0.05,0.79,0.0
刚刚看了一些写实风格的作品，感慨万千，终于明白了自己画风的局限性。总感觉自己离那种质感还差得很远。#艺术的差距,0.0,0.06,0.17,0.28,0.46,0.07
最近一直在尝试做些改进，重新定义自己的绘画风格。但每次画出来的效果都不尽如人意。进步就像摸石头过河，总是遇到瓶颈。#挑战自我,0.05,0.09,0.2,0.26,0.45,0.0
计划和执行的差距让我沮丧，明明有目标，却总是无法如期完成。每一次未能实现的目标都让我更加焦虑。#计划与现实的冲突,0.08,0.16,0.0,0.15,0.74,0.0
画了很多画，却都不敢发出去，害怕别人看到我不完美的地方。总觉得自己还没达到那个“完美”标准。#害怕失败,0.0,0.46,0.0,0.0,0.7,0.0
每次看着自己的进步和别人飞跃般的成长，我就会感到深深的自卑。别人一步步往前，而我却在原地打转。#自我怀疑,0.05,0.18,0.0,0.2,0.63,0.0
做同人画的时候，总是怕画不好，怕画成OOC，画不好就觉得自己连最基本的热情都没有了。每次越爱一件事，压力越大。#同人压力,0.07,0.24,0.0,0.13,0.6,0.0
每次看到“天赋决定上限”，就会想：我的上限到底在哪里？如果能像那些天才一样，我或许能不费力就成功。#天赋与努力,0.0,0.0,0.48,0.25,0.14,0.11
看到自己画得很差，心情低落，甚至有时想彻底放弃。但又不甘心，不想就这样被“天赋”打败。#内心斗争,0.14,0.1,0.0,0.15,0.68,0.0
看别人创作的作品，心里总是有一股强烈的嫉妒情绪。明明我也可以做到，只是缺少那个突破点。#嫉妒的力量,0.24,0.16,0.06,0.13,0.46,0.0
近期忙到崩溃，压力山大。每次做一个决定都要三思，生怕自己的选择又错了。#决策焦虑,0.09,0.26,0.0,0.15,0.63,0.0
我想赚钱，但又不愿接不合理的稿。画画有时候真的很累，尤其是当你爱得太深，画不好就会觉得自己是在浪费时间。#赚钱与艺术的矛盾,0.12,0.0,0.0,0.21,0.67,0.0
总感觉自己的灵感枯竭了，连简单的草稿都画不出来。看着周围的创作者高产，我只感到自己越来越迷茫。#灵感枯竭,0.0,0.19,0.0,0.1,0.79,0.0
看到别人因画画赚大钱，我总是深感自己不够好。不止是技能，连心态都在倒退。什么时候我才能像他们一样自信？#自卑,0.07,0.17,0.07,0.1,0.65,0.0
又躁了，这个季节总是让我感到不安。控制不住自己的情绪，一不小心就花了太多的钱。#躁动的春天,0.32,0.15,0.0,0.06,0.52,0.0
每当有人问我画得这么快有什么秘诀，我只能摇头：其实就是逼自己逼到极限，一点点积累。#努力与时间,0.0,0.06,0.38,0.18,0.16,0.05
最近买了蓝牙键盘，模拟在电脑上画画的感觉。虽然不是完美的替代，但至少能找到一点点画画的手感。#新尝试,0.0,0.0,0.71,0.21,0.07,0.0
看了不少绘画教程，还是觉得自己理解不了那种“自然流畅”的画风。每个人的天赋似乎都差距那么大。#天赋的差异,0.0,0.0,0.0,0.46,0.35,0.18
这两个月的坚持，我似乎找到了点突破的感觉。肌肉结构、解剖图的记忆开始在画面中流畅呈现。#绘画进步,0.0,0.09,0.75,0.17,0.05,0.0
每次画画都很容易想东想西，容易陷入“完美主义”的思维，不敢停下手中的笔。#自我要求,0.06,0.12,0.06,0.43,0.31,0.0
因为进步慢，内心的焦虑就像洪水一样扑面而来。每天都在反思，自己到底做得够不够好。#焦虑之源,0.0,0.22,0.0,0.27,0.57,0.0
看到别人快速提高，我总是想：“我也可以的。”但每次努力的成果都不如预期，内心的自我怀疑越来越严重。#自我怀疑,0.14,0.18,0.0,0.14,0.52,0.0
最近有点抑郁，画画没灵感，看着其他人的作品就觉得自己简直是个废物。#失落,0.18,0.15,0.0,0.0,0.89,0.0
疯狂画画的日子，一天不画就觉得不安，连休息都觉得对不起自己。#追求极致,0.12,0.07,0.14,0.08,0.64,0.0
听到别人说我的画有“结构感”时，突然觉得，原来我不再只是“技术”而是有了一些“风格”。#小确幸,0.0,0.0,0.84,0.0,0.0,0.19
近期生病，但还是坚持画画。即使身体不好，心里的那股画画的冲动依然没有停。#不放弃,0.0,0.07,0.78,0.13,0.19,0.0
“自学成才”的路上，始终走得艰难，但每一次突破，都会让我觉得一切值得。#自学的痛苦与甜蜜,0.0,0.0,0.78,0.0,0.18,0.0
我的目标很简单，就是画得更好。至于别人的看法，我早已不再在意。#独立思考,0.08,0.0,0.49,0.39,0.11,0.0
每一次接稿，心里总是有点不安，怕自己画得不好，怕让客户失望。#接稿焦虑,0.0,0.39,0.0,0.18,0.6,0.0
最近画的角色总是没那么有灵气，觉得自己不够好。是不是缺少了些不可替代的东西呢？#创作的瓶颈,0.08,0.1,0.0,0.26,0.69,0.0
画画的路上，有时我觉得自己好像永远赶不上别人的步伐。每一次停下来都会感到焦虑。#焦虑,0.0,0.19,0.0,0.13,0.86,0.0
最近的状态越来越差，身体和精神双重疲惫。为什么做事总是停不下来？#身心俱疲,0.16,0.07,0.0,0.0,0.76,0.07
计划总是赶不上变化，但我还是相信一步步积累总能有所收获。#积累的力量,0.0,0.0,1.0,0.0,0.0,0.0
有时候，觉得自己画得不够好，心态就崩了。明明知道这个过程充满挑战，可还是控制不住自己。#心理挣扎,0.0,0.15,0.0,0.15,0.8,0.0
每次给自己设定目标，总是觉得不够清晰，做不到完美就觉得自己在浪费时间。#完美主义,0.25,0.0,0.0,0.23,0.52,0.0
忽然发现，自己画得越多，越觉得离最初的目标远了。总是不断修正，却没有结束。#无尽的进步,0.06,0.0,0.4,0.0,0.57,0.0
总觉得生活很忙碌，画画也成了负担，直到有一天，才意识到这才是我真正想做的事。#画画与生活,0.09,0.0,0.15,0.21,0.58,0.1
最近越来越讨厌社交平台上那些不真实的“完美生活”，而我喜欢面对真实的自己。#反思,0.1,0.0,0.45,0.15,0.29,0.0
一边画，一边和自己对话，感觉自己好像在走一条孤独的道路。#孤独的艺术家,0.12,0.19,0.09,0.36,0.52,0.09
生活给了我很多考验，但我依然坚持画画，因为这才是我想要的生活。#坚持,0.0,0.06,0.87,0.1,0.0,0.0
每次看到“完美”的作品，我都会深深反思：自己还差什么？#自我批评,0.11,0.0,0.32,0.21,0.34,0.0
