posts,angry,fear,happy,neutral,sad,surprise
最近总觉得自己在做事上总是“过头”，每当事情还没做完就想赶紧去做下一个。这种焦虑感，我想大概是源自于对完美的执念。#自我审视,0.0,0.16,0.0,0.29,0.46,0.08
说到底，工作效率总是得在压力中产生。在高压之下，我们才会真正见识到自己的潜力。#高效工作,0.0,0.0,0.43,0.53,0.0,0.0
决定离开舒适区的那一刻，我意识到，原来所有的挑战都是逼迫自己成长的契机。#挑战自己,0.0,0.0,0.56,0.18,0.0,0.12
目标设得越高，越容易感到空虚。无论多努力，似乎都无法完全达到心中理想的彼岸。#目标与失落,0.05,0.12,0.0,0.27,0.71,0.0
有些人真的没有节制，做事完全不考虑后果，真不明白他们是如何在生活中找到平衡的。#生活的荒谬,0.56,0.0,0.08,0.1,0.3,0.12
面试时突然被问到一些毫不相关的问题，突然觉得，这种标准还真是让人迷失。什么时候工作变得这么难以捉摸？#职场迷茫,0.21,0.22,0.0,0.12,0.42,0.25
每次面临工作和生活中的选择，我总是在权衡利弊。拖延并不是懒惰，而是对结果的深思熟虑。#深思熟虑,0.08,0.1,0.25,0.45,0.21,0.0
生活中的无数巧合，并没有电视剧里那么浪漫。更多的是各种选择和决策的无穷可能。#生活的真实,0.0,0.0,0.64,0.25,0.0,0.16
不知道什么时候起，我对“完美”的追求开始转变成了对“足够好”的接受。完美主义真的是一条死路。#完美主义,0.24,0.07,0.1,0.14,0.42,0.0
一天的工作总是这样，结束后回头看，反而觉得自己似乎啥都没做完。拖延症，真是个不容忽视的问题。#拖延症,0.36,0.11,0.0,0.15,0.41,0.07
时不我待，明明知道自己在追逐某些东西，却发现每一次突破都显得如此缓慢。#目标远大,0.0,0.08,0.26,0.18,0.43,0.06
每次工作忙碌时，总觉得时间不够用。尽管知道自己还可以做得更好，但总是被杂事拖延。#时间管理,0.16,0.06,0.0,0.32,0.59,0.0
在工作和生活之间的平衡永远难以找到。每次外界的干扰都让我无法聚焦，但也许这才是成长的一部分。#外界干扰,0.0,0.11,0.16,0.28,0.52,0.0
生活就像一场不断调整的博弈，遇到阻力时，我总是深深地思考，如何能更有效地突破现有局限。#突破局限,0.0,0.0,0.41,0.45,0.0,0.0
觉得自己好像被工作和生活压得喘不过气，但想想，这不正是让我成长的机会吗？#成长的痛苦,0.0,0.07,0.14,0.09,0.78,0.06
今天心情还不错。经过一段时间的调整，终于开始从困扰中找到出口，开始回归自己的节奏。#自我调节,0.0,0.0,0.81,0.14,0.06,0.0
选择的难度总是在于如何接受不完美。每次面临决策时，都不禁思考是否能做到最优化。#选择困境,0.0,0.15,0.05,0.48,0.32,0.0
真的好讨厌那种完全不负责任的人，做事拖拖拉拉，最后又归咎于“时间不够”。是时候调整态度了。#责任心,0.82,0.0,0.0,0.0,0.27,0.0
最近看了一些新的资料，发现自己还真是很多地方不够成熟。重新审视自己，才发现成长需要更多时间。#自我反省,0.0,0.0,0.23,0.22,0.54,0.0
生活总是给我们设下考验，让我们在困境中找到力量。每次走过低谷，才发现自己更加强大。#低谷与成长,0.0,0.06,0.76,0.17,0.09,0.0
办公室里总有人自以为是，总觉得自己的建议无所不能。其实他们只是在忽视效率与专业性的结合。#职场观察,0.12,0.05,0.0,0.6,0.12,0.06
每次画一个画，我都想成为比昨天更好的自己。可是，改进似乎从来不会停止，总觉得自己总是离完美太远。#创作困扰,0.05,0.08,0.0,0.16,0.84,0.0
今天又遇到一个“不懂装懂”的客户，真是让人无语。做事有时并不是为了自己，而是为了帮助别人更好地理解。#客户思维,0.45,0.0,0.08,0.15,0.26,0.07
每次回顾自己走过的路，总觉得有太多不必要的挣扎。或许下次可以更聪明一点，减少内耗。#减少内耗,0.0,0.08,0.41,0.27,0.35,0.0
看着有些人因为忙碌感到满足，我反而更想停下来思考，究竟忙碌背后的意义是什么？#生活反思,0.11,0.0,0.22,0.31,0.36,0.16
这几天忙得不可开交，但每次想起自己没有真正沉淀下来，反而更焦虑。进步到底需要多少时间和精力？#焦虑,0.0,0.24,0.0,0.14,0.81,0.11
最近遇到几个特别让人无语的情境，但细想一下，或许这些才是生活中的真实写照吧。#真实生活,0.0,0.0,0.17,0.42,0.2,0.13
每次工作总觉得不够好，似乎永远都无法达到心中那个理想的标准。可能，我真的太苛刻了。#完美的诱惑,0.14,0.0,0.06,0.14,0.73,0.0
真心觉得自己得变得更高效了，每次时间都被各种琐事消耗，拖延成了习惯。#提高效率,0.06,0.0,0.79,0.0,0.21,0.0
总有些不愿意承认的事实，生活不如意，确实是我自己的问题。一直处于自我安慰状态，错失了很多机会。#自我批评,0.11,0.08,0.07,0.17,0.66,0.0
别人的成功看似唾手可得，事实上，他们也经历了无数次的失败。真正的成功，是你能从失败中站起来。#失败与成功,0.0,0.0,0.47,0.47,0.11,0.0
我明明知道自己已经有了一些进步，却总觉得不够。是不是自己设定的目标太高，永远追不上自己想要的那个理想状态？#目标与进步,0.0,0.0,0.06,0.2,0.62,0.13
其实，每当我觉得自己做得不够好时，回头想想，我已经比昨天更加努力了。#渐进式成长,0.0,0.0,0.7,0.15,0.21,0.0
真正的成功，不是做到完美，而是能在不完美中找到前进的力量。#不完美的力量,0.0,0.0,0.7,0.31,0.0,0.0
每次做好一件事情，我总是期待自己能做得更好。总是给自己定的目标太高，但这是让我前进的动力。#目标与动力,0.0,0.0,0.83,0.12,0.0,0.0
时不我待，每一分每一秒，都是朝着目标前进的机会。#时不我待,0.0,0.0,0.69,0.21,0.0,0.0
一直想做的事，总在忙碌中搁置。明明知道不做就永远达不到目标，但总是无法克制拖延。#拖延症的困扰,0.14,0.11,0.0,0.2,0.69,0.0
这种极度的不安感，是不是我做得不够好？目标不再遥远，但进步的步伐却总是显得缓慢。#不安感,0.06,0.26,0.0,0.0,0.63,0.1
总觉得自己活得太过机械化，目标、计划、执行。但实际上，我能从中找到的，远比这些复杂的规划多得多。#机械化生活,0.0,0.06,0.16,0.39,0.3,0.11
成功不是最终的目的，过程中的反思和总结才是最宝贵的部分。每一次的失败，都让我们更接近目标。#总结与进步,0.0,0.0,0.83,0.14,0.0,0.0
每次拖延时，我就会觉得，未来的自己一定会为现在的懒惰感到愧疚。 #拖延的懊悔,0.05,0.14,0.0,0.1,0.81,0.0
人生中的每一段进步，都是在无数次自我怀疑和自我超越之间完成的。 #自我怀疑,0.0,0.06,0.34,0.46,0.15,0.0
高效的背后，往往是不断调整自己的节奏。每一次改变，都是对自己的一次挑战。 #高效与挑战,0.0,0.0,0.59,0.4,0.0,0.0
看着别人的生活，我总是想要做得更好，但回过头来，我已经在自己擅长的领域里走得比之前更远了。 #自我肯定,0.0,0.0,0.9,0.0,0.0,0.0
有些时候，生活中的节奏并不如预期，总是有突如其来的改变。但那些突如其来的改变，往往能带来新的机会。 #变化与机会,0.0,0.05,0.38,0.57,0.0,0.11
每一次做决策，我都在问自己，是否足够理性。理性决定了行动的方向。#理性决策,0.0,0.0,0.36,0.53,0.0,0.05
完美主义就像一个无底洞，不断吞噬着我的时间和精力。或许我该放下这个执念。 #完美主义,0.08,0.05,0.14,0.31,0.39,0.0
我明知道自己进步慢，但还是不舍得放下那些目标。我也在尽力克服自己的拖延症。#坚持与挑战,0.0,0.1,0.68,0.14,0.12,0.0
成功不仅仅是看结果，更多的是在途中找到了自己。 #途中发现自己,0.0,0.0,0.76,0.23,0.0,0.0
过去总是觉得自己在追逐梦想，但现实是，梦想从来不是一蹴而就的。需要耐心、坚持和自律。 #梦想与现实,0.0,0.0,0.52,0.36,0.17,0.0
