posts,angry,fear,happy,neutral,sad,surprise
终于申请季尘埃落定，下一站波士顿。准备迎接新挑战，期待在学术的海洋中自由游弋。#冒险# #波士顿#,0.0,0.06,0.73,0.23,0.09,0.0
我妈突然问我：“你什么时候能像你同学那样稳重？”我反问：“稳重的人能像我这样享受自由吗？”大概只有我才能理解自己吧。#深夜思考#,0.0,0.09,0.13,0.27,0.28,0.25
"最近越发觉得无聊的对话也能带给我意外的乐趣，哪怕只是听司机数数“one, two, three...” 生活啊，细节让人着迷。#生活琐事#",0.0,0.0,0.85,0.0,0.0,0.12
没想到邮件沟通会成了我的新爱好。发完邮件后可以平静地等候，不再焦虑。或许人类本就适应了这种非即时反馈。#INTP心态#,0.06,0.0,0.76,0.16,0.08,0.09
与朋友聊到人生方向时，我说：“其实一切都有可能，只是我们在每个选择中不停试探自己。” #人生选择# #哲思#,0.0,0.0,0.47,0.47,0.13,0.1
最近发现自己对无聊的事物感兴趣。比如，看着玻璃窗外的水滴，一滴滴滚动，我会在思考它们为什么不互相融合。#无聊的哲学#,0.12,0.08,0.13,0.38,0.27,0.11
“别人怎么看我无所谓，但我最想知道的是自己怎么看自己。”这段话让我静思良久。自我认知是最深刻的修行。#INTP思维#,0.0,0.0,0.57,0.38,0.14,0.0
刚才看到一个人偶遇我的时候说：“我怎么从来没见过你这么开心的样子。” 于是我突然意识到，或许我还需要一些小确幸。#小确幸#,0.0,0.0,0.79,0.0,0.09,0.13
不知道为什么，最近一直被“动力”这两个字困扰。什么是动力？它是心底的小火焰，还是来自外部的推力？#动力#,0.07,0.09,0.07,0.37,0.28,0.21
又回到了那间熟悉的教室，却发现自己对这里的记忆已经开始模糊。也许，变动才是人生的常态吧。#时间流转#,0.0,0.07,0.11,0.29,0.58,0.13
忘了是哪天我突然想：“不管怎么忙，至少能安静地想想自己的想法，才算是真正的自由。” #思考自由#,0.0,0.0,0.54,0.18,0.19,0.08
今天被一个大爷叫“小朋友”时，我突然有种久违的温暖感。或许“年轻”也不过是种心态吧。#心态# #老友#,0.0,0.0,0.82,0.08,0.11,0.0
坐在咖啡店里，周围一片安静。偶尔看到有人匆匆走过，心里却有种平静的满足感。生活可以是这么简单。#日常安宁#,0.0,0.0,0.88,0.12,0.0,0.1
终于懂了什么叫“节奏感”。并不是做什么都快，而是知道自己在什么时刻该做什么。慢慢找到自己的步伐。#生活节奏#,0.0,0.0,0.9,0.0,0.08,0.06
人生第一次滑雪，结果摔了个大跟头。外甥看着我说：“姨姨你怎么那么可爱？”也许，这才是生活的本意吧。#生活趣事#,0.0,0.0,0.58,0.16,0.16,0.19
生活总是充满小小的惊喜。今天收到了一张明信片，竟然是几年前的一位朋友寄的，瞬间觉得被记住了。#小确幸#,0.0,0.0,0.9,0.0,0.0,0.25
偶尔给自己一点自由的空间，停下脚步，才发现周围有那么多细微的美。人生，不能只顾着奔跑。#享受当下#,0.0,0.0,0.94,0.07,0.0,0.0
这段时间，尝试着多做一点与人交流的事，不再完全独立行走。突然觉得，这种改变也并非坏事。#尝试新事物#,0.09,0.0,0.52,0.24,0.23,0.08
站在桥上看夜景，突然想，人生也许就像这条江，时而平静，时而汹涌。我们只能顺流而行。#哲思#,0.06,0.0,0.57,0.21,0.3,0.0
终于完成了一项任务，坐在空旷的办公室里，反而觉得不那么孤单。或许，做自己喜欢的事情，真的是最好的社交。#独立思考#,0.05,0.0,0.93,0.0,0.11,0.0
在北京的冬夜里喝着热奶茶，突然想到，生活最难的不过是让自己保持清醒。#冬夜思考#,0.07,0.14,0.23,0.24,0.47,0.0
这个季节，突然对咖啡产生了浓厚兴趣。每一杯的味道都似乎在提醒我：生活就是这样一点一点积累的。#细节观察#,0.0,0.0,0.69,0.25,0.0,0.1
收到一条简短的消息：“你变得成熟了。”我突然想，或许真正的成熟，是能清楚地知道自己从哪里来，要到哪里去。#成熟#,0.05,0.0,0.6,0.2,0.16,0.09
总有人问我怎么才能活得更充实，实际上，我常常觉得充实并不是目标，而是平和。#内心平和#,0.0,0.0,0.75,0.17,0.07,0.07
今天收到了一个陌生人的微笑，突然想，这种不期而遇的温暖，或许才是生活中最值得珍惜的部分。#温暖#,0.0,0.0,0.87,0.0,0.0,0.07
看了几部纪录片，才发现，世界上有那么多不同的活法，不同的人生追求。真希望有一天能亲自去看看这些多彩的生活。#探索世界#,0.0,0.0,0.83,0.0,0.0,0.13
感觉最近的自己开始越来越懒。也许，生活的意义并不在于不断追求某个目标，而是学会享受自己的节奏。#慢下来#,0.12,0.0,0.38,0.21,0.38,0.0
偶然翻到旧日的照片，才发现自己曾经那么努力。而现在的我，或许更懂得如何与生活和解。#回忆#,0.08,0.06,0.63,0.14,0.3,0.12
这种日常的安静和温暖，真的让我开始相信，生活中的小事才是最值得珍惜的。#温馨时刻#,0.0,0.0,0.95,0.0,0.0,0.06
忽然觉得，人与人之间的关系，其实就像是量子纠缠：你知道它存在，却很难完全理解。#人与人之间#,0.09,0.08,0.0,0.37,0.41,0.23
开始理解“做自己”并不意味着抗拒所有外界的压力，而是在不妥协的情况下，保持自己的独立思考。#做自己#,0.0,0.0,0.72,0.21,0.0,0.05
每次坐公交车，都会不自觉地注意到车窗外的景色。街道、行人、汽车，这些简单的事物，也有着自己的故事吧。#日常观察#,0.0,0.0,0.47,0.49,0.08,0.08
今天才意识到，“失败”不过是我们对未来不确定性的一种反应。真正重要的是，失败后能站起来。#人生感悟#,0.0,0.0,0.64,0.24,0.16,0.0
经常会在深夜醒来，脑海里充满了各种想法，或许这就是创造力的来源。#创意灵感#,0.0,0.0,0.55,0.41,0.0,0.15
收到了一本书，突然想起以前也喜欢过这些书籍的文字。也许我们的人生是被过去的回忆和未来的期许所交织的吧。#回忆#,0.0,0.0,0.74,0.06,0.18,0.1
今天终于在街头偶遇了曾经的朋友，瞬间觉得，生活的美好就在这些微小的惊喜中。#偶遇#,0.0,0.0,0.9,0.0,0.0,0.21
一个人在图书馆里翻书，突然意识到：不管外面的世界如何变化，内心的安静才是最重要的。#内心平静#,0.05,0.0,0.67,0.23,0.09,0.05
今天去了一趟博物馆，感叹历史的沉淀。也许我们每个人，都不过是历史长河中的一个短暂的瞬间。#历史感悟#,0.0,0.07,0.3,0.35,0.43,0.0
有时候，我也会怀疑自己是否真的懂得生活。但偶尔在一些简单的瞬间，我会感到一种莫名的安心。#生活思考#,0.0,0.12,0.55,0.2,0.2,0.15
在某些夜晚，特别喜欢独自坐在窗边，看看远处的城市灯火。这种孤独，也许才是最清晰的自我认知时刻。#夜晚独处#,0.1,0.08,0.23,0.39,0.4,0.0
从今天开始，决定重新审视自己的时间管理。虽然从来不喜欢“计划”，但也许无序的生活会让我迷失在细节里。#自我反省#,0.0,0.09,0.4,0.27,0.32,0.05
最近开始喜欢吃泡面，每次打开包装时都会有一种“小确幸”的满足感。#生活趣味#,0.0,0.0,0.83,0.14,0.07,0.0
有时我会突然想到，生活不必过于复杂。偶尔安静地坐着，感受周围的一切，也能找到自己的节奏。#生活感悟#,0.0,0.0,0.7,0.28,0.09,0.06
今天看了一部电影，结束后，我突然有些失落。是因为剧情，还是因为它提醒我对生活的渴望？#电影思考#,0.0,0.11,0.05,0.19,0.68,0.08
很久没写东西了，突然发现写作能让我清晰地整理思绪。每个字每个句子，都在构建我的内心世界。#写作#,0.0,0.0,0.8,0.07,0.11,0.11
有些人总是很喜欢在别人面前表现自己，但我更喜欢静静地观察和思考。#生活哲学#,0.0,0.0,0.61,0.47,0.09,0.0
最近开始对哲学产生浓厚兴趣。或许，思考本身才是解决问题的最好方式。#哲学思考#,0.0,0.0,0.42,0.47,0.06,0.06
看着窗外的雨滴，不禁想：雨水是不是也有自己的哲学？它为什么不急着下完？#雨天哲学#,0.12,0.0,0.12,0.4,0.13,0.23
今天突然有了一个念头：或许我们真的不需要太多“答案”，而是需要更好的“问题”。#思维挑战#,0.08,0.07,0.34,0.31,0.15,0.14
每次走到博物馆，看到古老的艺术品，我都会问自己：如果我能回到过去，我会选择成为那个时代的人吗？#历史思考#,0.0,0.09,0.2,0.43,0.23,0.2
