posts,angry,fear,happy,neutral,sad,surprise
最近对自己感到好奇：我有时候把时间浪费在无意义的“深思”上，虽然每次都告诉自己“这是有意义的思考”，但……真的有意义吗？,0.0,0.0,0.1,0.21,0.31,0.36
看着窗外的雨滴，忽然想到，为什么雨滴总是以一种不规则的轨迹掉落？世界的随机性果然太神奇。,0.0,0.0,0.3,0.08,0.0,0.55
偶尔感到自己像是生活的旁观者，明明身处其中，却常常从不同的视角去分析，似乎永远在寻找某种意义。,0.0,0.0,0.0,0.43,0.51,0.1
试图理解“意义”这个概念。每个人都在找，但每个人给出的答案又都不一样。这到底是哲学的问题，还是只是个人偏见的集合？,0.15,0.0,0.0,0.53,0.1,0.23
最近读了篇关于时间的文章，说时间是一种人类发明的社会结构。想想，如果没有钟表，我们该怎么理解“过去”和“未来”？,0.06,0.0,0.0,0.61,0.06,0.22
做完一件事后，我总会突然想：“这真的就是最好的选择吗？”我是不是太过于完美主义了？,0.13,0.0,0.0,0.18,0.48,0.26
今天看了一部纪录片，讲的是人类如何发明技术。突然有点感叹，科技的发展让我们越来越能掌控世界，但我不禁想，是否真的能控制住？,0.0,0.0,0.13,0.27,0.16,0.31
最近的思维碎片越来越多，感觉自己就像一台持续运转的计算机，永远不会停下来。,0.07,0.0,0.0,0.19,0.67,0.0
发现我最近的“放松”就是思考：如果生活是一个模拟实验，那我究竟扮演了哪个角色？,0.09,0.0,0.13,0.45,0.22,0.32
一个人在孤独的时候，突然会想到许多问题。比如，如果我能时间旅行，我会选择去哪里？但问题是，我能处理那种时间的混乱吗？,0.0,0.08,0.0,0.35,0.46,0.18
突然想起小时候那种无忧无虑的感觉。现在每天都在思考“有效性”和“效率”，感觉生活都被算法给绑架了。,0.17,0.0,0.0,0.06,0.63,0.0
昨天和朋友讨论人工智能，觉得如果有一天AI真的拥有自我意识，那么它会怎么看待人类？,0.07,0.0,0.11,0.59,0.0,0.29
发现自己很喜欢用各种不同的方式解读同一件事，可能是我的大脑在寻找多样化的解答方式吧。,0.0,0.0,0.51,0.34,0.1,0.18
我是那种看问题喜欢从不同角度看的人，总是能找到最不起眼的细节来推理，却经常因为过于复杂的解释而错过简单的答案。,0.07,0.0,0.18,0.46,0.42,0.0
最近爱上了沉默的冥想，仿佛在喧嚣的世界里找到了自己内心的一片宁静。然后又突然觉得，这种宁静是不是也有点虚伪？,0.08,0.0,0.08,0.18,0.6,0.15
对于“未来”的定义，我始终有着模糊的概念。难道未来真的会像我们设想的那样，还是它会彻底打破我们的预期？,0.06,0.09,0.0,0.42,0.22,0.3
有时候我会觉得自己是不是过于理性，缺少了点直觉的力量。是时候让自己的心灵跳跃一下了，或者至少试试看。,0.05,0.0,0.37,0.25,0.43,0.0
每当我决定休息时，脑海里就开始充满各种奇怪的想法。是时候让这些想法散开，像风一样自由了。,0.08,0.0,0.47,0.29,0.18,0.05
看到别人讨论生活的意义，我总是觉得自己的答案是“没有意义”，不过也许“没有意义”本身就是一种意义吧。,0.08,0.0,0.16,0.38,0.41,0.11
有时候真希望生活能简单一点，只需要解决眼前的问题，而不必时刻考虑未来的每一步。,0.0,0.0,0.62,0.09,0.28,0.0
为什么我的思维总是这么不稳定？从一个话题跳到另一个话题，感觉像是在进行一次知识的冒险。,0.22,0.07,0.0,0.17,0.3,0.38
总觉得自己有个偏好——喜欢用理性来解释一切，但有时候，直觉的力量似乎更能带来解决方案。,0.0,0.0,0.46,0.33,0.18,0.09
世界上最神秘的东西可能不是我们看不见的事物，而是我们自己对事物的认知。每个“真相”都是相对的。,0.0,0.0,0.13,0.72,0.0,0.1
听别人讨论哲学问题，我总是觉得他们说得有理，但一旦我自己试着表达，就发现自己根本没有那么清晰。,0.07,0.0,0.0,0.27,0.6,0.06
今天看了一篇文章，讲的是人类如何通过思考进化。每次看这些东西，我都在想，难道人类真的进化了，还是只是改变了生存方式？,0.08,0.0,0.0,0.35,0.08,0.43
曾经深刻思考过时间的本质，后来觉得，不如不去想，毕竟它不会停下来，既然无法改变，那就顺其自然吧。,0.0,0.0,0.53,0.22,0.29,0.0
今天突然理解了“存在即是合理”这句话。每个生命体的存在都不无理由，哪怕这个理由我无法理解。,0.08,0.0,0.24,0.35,0.18,0.12
看着手机屏幕，我又开始思考“人与机器的界限”。人类是创造机器，但也在不知不觉中变得越来越依赖它们。,0.11,0.0,0.07,0.5,0.38,0.06
最近意识到，很多时候我们是在盲目追求目标，但真正的智慧也许是享受过程，而非始终盯着终点。,0.0,0.0,0.36,0.43,0.24,0.08
思考过很多关于“记忆”的问题，记忆到底是事实还是虚构？我们记得的，未必是当时发生的真实情景。,0.0,0.0,0.0,0.58,0.24,0.25
每次准备做一件事，我总会被细节干扰。是的，我喜欢追求完美，但有时候完美是不是一种束缚？,0.09,0.0,0.26,0.25,0.37,0.14
今天在图书馆看书，看到有人在讨论“自由”。我突然想，自由不是做任何想做的事，而是能有选择的权利。,0.09,0.0,0.33,0.23,0.15,0.17
每当面对抉择时，我都会把所有可能性考虑进去，结果却发现最简单的选择往往才是最合适的。,0.0,0.0,0.1,0.32,0.49,0.19
今天被问到一个哲学问题：人类为什么追求幸福？我回答不出来。可能幸福的定义就像气泡，无法触摸，转瞬即逝。,0.0,0.07,0.06,0.53,0.28,0.15
我对“时间”产生了浓厚的兴趣，它到底是线性的吗？还是我们只是按照习惯将它划分成过去、现在、未来？,0.12,0.0,0.0,0.53,0.09,0.32
我发现自己总是在不经意间分析每个细节，无论是人、事还是物。这种“偏执”是不是一种思维的优势，或者是一种负担？,0.26,0.06,0.0,0.33,0.35,0.13
最近想，如果每个人都是一台自我调节的机器，那我们的内心世界究竟是什么？是程序的运行，还是随机的信号？,0.12,0.0,0.0,0.59,0.0,0.31
总觉得时间有点像某种催化剂，它让一切都快速发展，但有时候也让你错失当下的美好。,0.0,0.0,0.17,0.25,0.63,0.0
刚才在街上走，忽然想起小时候的记忆。它们像是一些碎片，散落在脑海里，偶尔拼凑出一个画面。,0.0,0.0,0.22,0.32,0.43,0.11
有时候会突然觉得自己的思维像是永远没有终点的迷宫，走进去之后很难找到回头路。,0.0,0.0,0.0,0.2,0.75,0.0
突然想到，我好像总是把问题复杂化，可能我太喜欢探索不同的可能性，而忽视了最直接的答案。,0.09,0.0,0.0,0.34,0.57,0.17
不知道从什么时候开始，我开始习惯了思考问题的多个维度。这是一种习惯，还是一种对不确定的恐惧？,0.05,0.43,0.0,0.21,0.34,0.21
今天想起曾经看过的一本书，它讲述的是关于“生命”的意义。突然觉得，或许我们都在不停地寻找一个不存在的答案。,0.0,0.0,0.07,0.25,0.5,0.14
生活的复杂性让我常常陷入深思，为什么这么多选择？最终我发现，选择本身也许就是一种自由。,0.0,0.0,0.18,0.38,0.29,0.2
刚才看了一本书，书里的观点说人类是社会性动物。但我总觉得，我们每个人其实都在寻找自我孤立的那一刻。,0.0,0.0,0.0,0.44,0.39,0.07
曾经听过一句话：“一切都可以被分析。”但有时候，我觉得某些事物的意义就在于无法被分析。,0.0,0.0,0.0,0.54,0.42,0.06
今天想了很多关于自由意志的事。自由，真的是我们能掌控的吗？还是我们只是程序中的一部分？,0.12,0.0,0.0,0.35,0.14,0.31
我越来越喜欢静下心来观察身边的一切，思考这些看似无关紧要的细节，它们可能藏着我没注意到的答案。,0.0,0.0,0.54,0.34,0.1,0.1
总是想，如果我生活在过去或未来，我会是什么样的人？但最终我觉得，可能生活在当下才是最值得追求的。,0.0,0.0,0.57,0.14,0.14,0.16
听到别人谈论自己的未来规划，我不禁想，未来真的是我们能完全掌控的吗？还是它只是我们一直在追逐的影像？,0.09,0.0,0.0,0.26,0.31,0.38
