posts,angry,fear,happy,neutral,sad,surprise
有时候想，社会似乎就是一场大规模的实验，每个人都在不同的环境下被观察、被调整，而我们每个人都在努力去寻找自己唯一的那条“正确”路径。其实，也许答案并不单一，生活的真相可能藏在每一次的选择里。,0.0,0.0,0.32,0.43,0.2,0.14
好奇心让我不停地追求“为什么”。有时候，反而是那些微小的、不经意的细节给了我最大的启发。人类的认知，实在是有趣到可以成为一项终身的学问。,0.0,0.0,0.82,0.13,0.0,0.09
今天在想，为什么许多人都习惯在别人面前展示“完美”的一面，哪怕内心充满了困惑和迷茫。或许，每个人心中都有一个理想化的自我，努力去贴近它才不至于迷失。,0.0,0.0,0.43,0.23,0.2,0.12
那些“现实中的虚幻”总让我觉得特别有趣，仿佛是对现实世界的一种反向思考。生活中最具哲理的东西，往往就在我们看似最平凡的瞬间。,0.0,0.0,0.54,0.5,0.0,0.08
我是一个典型的思考者，喜欢从多角度审视问题。在思考“幸福”的时候，不禁想，这个词的含义究竟有多复杂？是不是每个人都能找到属于自己的那份“幸福”？或者它本就不需要定义？,0.0,0.0,0.1,0.42,0.2,0.28
现代社会的信息洪流让我深感迷茫。每个人的观点都那么“有理有据”，却又无法让每个人真正得出结论。是因为我们总在寻求最完美的答案，而忽略了不完美本身的美。,0.0,0.0,0.06,0.39,0.51,0.05
上班时的无聊是我最难忍受的困境之一。尽管我知道每个人都在为生活奔波，但为什么我们要选择一成不变的方式来度过每一天呢？是不是应该有更多种可能性？,0.1,0.07,0.0,0.27,0.45,0.18
关于“自由”这个词，我越来越觉得它并不那么容易定义。我们总是渴望自由，但当它真的来临时，我们似乎又不知如何去把握。自由，或许只是一个不断寻找的过程。,0.0,0.0,0.2,0.42,0.36,0.0
也许我们每个人内心都有一个“反派”角色，只是没被激发出来而已。那些光明正大的“英雄”形象未必能代表真实的人性。每个角色的背后都有着复杂的动机和情感。,0.0,0.0,0.11,0.74,0.1,0.0
最近在思考一种可能性：生活中的某些东西，是否真的是我们自己想要的？还是只是在追逐别人定义的“标准”？追求理性是好事，但我总觉得有些情感的东西，理性无法完全解释。,0.0,0.0,0.0,0.44,0.29,0.17
现代人好像都在追求极致的效率，但效率真的等同于幸福吗？我们把“时间管理”当作一种能力，但或许有时候，浪费时间才是我们最需要的“效率”。,0.08,0.0,0.23,0.48,0.18,0.12
为什么很多人对“失败”有那么大的恐惧？我总是认为，失败不一定是坏事，反而可能是一次很好的成长机会。许多人害怕失败，甚至不敢开始，但如果永远不开始，怎么知道自己能够走多远呢？,0.0,0.33,0.07,0.2,0.41,0.21
每次看完一部深刻的电影，总觉得自己需要沉淀一段时间才能消化其中的思想。人类的情感和思维是如此复杂，一部电影有时能勾画出整个社会的缩影。,0.0,0.0,0.22,0.6,0.22,0.0
不知道什么时候开始，我竟然越来越享受独处的时光。或许，独处给了我更多空间去思考，去消化自己内心的声音。而这种时刻，我能感受到属于自己的真实。,0.0,0.0,0.84,0.0,0.0,0.16
总是有人说“理性与感性不可并存”，但我不这样认为。理性帮助我们清晰地看到事物的表面，而感性则能触及到事物的深层次。两者结合，才是理解事物的完整方式。,0.0,0.0,0.28,0.81,0.0,0.06
互联网似乎加速了信息的更新换代，但同样也带来了深层的认知偏见。每个信息背后都有不同的解释，而我们总是在寻找那个最符合自己认知的“答案”。,0.0,0.0,0.06,0.73,0.13,0.09
好像每次谈论到人生时，我们都免不了讨论“目的”这个词。其实，我越来越认为，生活并没有唯一的“正确”方向，更多的是每个人自己选择的道路和走下去的勇气。,0.0,0.0,0.51,0.35,0.11,0.0
最近看了一本书，讲述了人类情感与理性之间的博弈。不得不说，情感在决策中的作用远远超出了我们的预期。理性很重要，但感性更容易主导我们的选择。,0.0,0.0,0.27,0.73,0.0,0.0
总感觉自己对世界的看法与别人有所不同。或许是因为我总喜欢在“表象”背后寻找更多的可能性。世界并不总是黑白分明，它往往充满了灰色地带。,0.0,0.0,0.15,0.52,0.3,0.07
有时候，觉得自己是个“观察者”，总是在旁边默默看着别人忙碌和奋斗，而自己却对这个世界的运作方式充满了好奇。或许，这种思考本身，才是我最为宝贵的体验。,0.0,0.0,0.62,0.15,0.15,0.11
今天又想起了“时间”这个话题，真是个既抽象又具体的存在。我们都在“追赶”时间，却从未停下来真正思考，时间究竟是什么？它是能量？是情感的载体？还是纯粹的流逝？,0.07,0.08,0.0,0.35,0.28,0.34
关于工作的意义，每个人的看法都不一样。有些人追求高薪，有些人追求成就感，而我则在不断思考：这份工作到底带给我了什么？我是否能够从中获得自我提升？,0.0,0.0,0.29,0.57,0.0,0.17
突然想到，很多事情看似“理所当然”，但却隐藏了很多不为人知的复杂性。每一项决定，每一个行动，都可能在背后有着意想不到的后果。世界的运行本身，就像一个复杂的系统。,0.0,0.0,0.0,0.48,0.18,0.22
人类的创造力是如此神奇，它让我们从一无所有到创造出种种文明。然而，我们似乎从未停下来反思，我们创造的文明是否真的是人类最终的归宿？,0.0,0.0,0.15,0.46,0.07,0.22
每次看到一些“哲学”类的讨论，我都会觉得有种奇妙的兴奋感。或许，思考本身就是一种极致的享受，而这种享受，往往不需要有任何实质性的结论。,0.0,0.0,0.58,0.36,0.0,0.06
人生中最难得的，不是我们得到什么，而是我们能否在不确定性中找到属于自己的“平衡”。每个选择背后，都有无数的可能性，而每个可能性，又都可能引领我们走向不同的未来。,0.0,0.0,0.66,0.37,0.0,0.0
看似平凡的生活，实际上包含了无数的复杂性。我们每天都在重复着“例行公事”，但细细想来，每一天又都在悄无声息地改变着我们的人生轨迹。,0.0,0.0,0.26,0.42,0.16,0.16
有些人喜欢追求“完美”，而我觉得完美只是一种虚幻的存在。生活的意义，或许就在于接纳不完美，找到在不完美中的美。,0.0,0.0,0.53,0.37,0.18,0.07
我喜欢在安静的时光里思考，仿佛思维的流动带我进入了另一个世界。现实的喧嚣让我厌烦，而思考却给了我无限的宁静。,0.0,0.0,0.88,0.18,0.08,0.0
最近有种感触：人类是否永远在追求某种“理想状态”？而这种追求，有时候会让我们忽视了眼前的美好。也许我们要学会放慢脚步，看看周围，感受当下。,0.0,0.0,0.34,0.35,0.28,0.08
每当别人说“这件事很简单”，我总忍不住想：“简单？是吗？”每个看似简单的决定背后，都蕴藏着巨大的复杂性。对我来说，生活的魅力就在于探索那些复杂的层次。,0.0,0.0,0.42,0.44,0.0,0.19
看了某个采访，感觉每个被采访者都在按照某种标准给出答案。是不是我们所有的“标准答案”其实都是社会赋予的“模板”？或许，我们可以尝试去找到一个更加独立的声音。,0.06,0.0,0.29,0.57,0.0,0.07
其实，人类的情感本质并没有太大变化。从古至今，我们依旧面临着相同的情感冲突：爱、恨、恐惧、渴望。而这些情感，构成了我们每个人心中最深的秘密。,0.0,0.07,0.2,0.69,0.11,0.0
今天又在思考一件事：我们为什么总是将“错误”看得那么重？而事实上，错误本身或许只是成功的另一种形式。每一个错误，都是一次积累，是走向最终目标的一块垫脚石。,0.0,0.0,0.24,0.54,0.17,0.0
看了一场关于人工智能的讨论，突然觉得这个话题简直太迷人了。它代表了未来，但同样也带来了无数的未知。到底是人类创造了人工智能，还是人工智能将来会反过来创造人类？,0.08,0.0,0.18,0.39,0.0,0.35
我发现自己越来越不喜欢那些明显的“标签化”思维。人们总是喜欢把一件事情分为“对”和“错”，但世界上的很多事物，其实都充满了灰色地带。,0.15,0.0,0.0,0.44,0.27,0.08
现代人似乎总是生活在一种快节奏的状态中，连思考也变得像是“任务”。但是，真正的思考，往往是在空闲的时间里不带目的地发散。,0.0,0.0,0.0,0.62,0.21,0.11
经常听到人们说“人生是一场修行”，这话倒是挺有道理的。我们每个人都在不同的旅程中探索，而最终是否到达那个所谓的“终点”，我想，可能并不重要。,0.0,0.0,0.25,0.59,0.11,0.14
世界上的许多事物，不管它看起来多么理所当然，都会有一面我们不曾见过的复杂性。每个人都是在这复杂性中寻找自己安身立命的方式。,0.0,0.0,0.23,0.68,0.1,0.06
每当感到困惑时，我就会转向“思维的放空”——简单地让自己不去纠结任何问题，去感受这个世界的本质。或许，人生的答案并不在复杂的逻辑里，而在我们释放自己时。,0.0,0.0,0.64,0.34,0.08,0.07
生活中的各种选择让我感到无比困惑。每个选择背后都有不同的意义，而我们往往被迫在有限的时间内做出决策。是时候重新审视自己内心的真实需求了。,0.0,0.0,0.1,0.41,0.35,0.09
我越来越觉得，很多“事实”并不像我们看到的那样简单。每个人都有自己的偏见和认知框架，而我们的世界观往往受到这些因素的深刻影响。,0.0,0.0,0.0,0.65,0.18,0.1
每个事件背后都有数不尽的因果关系。表面上的“结果”往往不能完全反映出真实的“原因”。我总是喜欢深入挖掘这些复杂的背景，去理解背后的逻辑。,0.0,0.0,0.21,0.72,0.0,0.0
随着年龄的增长，我越发觉得生活中最重要的事情，是接受不完美并从中学习。完美和成功或许永远是理想中的东西，生活真正的智慧在于接纳和适应。,0.0,0.0,0.77,0.29,0.0,0.0
深入思考一个问题时，我总喜欢考虑多种角度。生活中的许多决策并非一成不变，它们往往有着无数的可能性。,0.0,0.0,0.19,0.8,0.0,0.07
每次看到关于“成功”的讨论，我总想起那句话：“成功的定义各不相同”。或许，最重要的不是别人怎么定义我们，而是我们如何定义自己。,0.0,0.0,0.28,0.59,0.1,0.06
人与人之间的关系，充满了各种复杂的情感和行为动机。每一次的互动，都是一次微妙的平衡，而这种平衡常常让人捉摸不透。,0.0,0.0,0.09,0.79,0.0,0.0
人生就像是一场实验，充满了不可预测的因素。我们都在尝试不同的方法去应对这些挑战，而最重要的是，我们是否愿意从失败中汲取经验。,0.0,0.0,0.48,0.48,0.0,0.0
现代社会的很多现象让我感到困惑，尤其是当人们一味追求标准化的“成功”时，忽略了“个体差异”。每个人都有自己的生活节奏，而不应被外界的标准束缚。,0.08,0.0,0.0,0.63,0.07,0.09
生活中很多事情没有标准答案，或许我们只需要找到一个自己舒适的方式去度过每一天。,0.0,0.0,0.29,0.54,0.22,0.0
