posts,angry,fear,happy,neutral,sad,surprise
突然意识到，个人喜欢的东西根本不受流行的影响。比如我依旧坚持穿这些老式的格子衬衫，可能和追求的舒适感有关吧，反正穿得舒服就好。#格子衬衫情怀#,0.09,0.0,0.49,0.3,0.17,0.13
终于看完了《黑客帝国》。故事情节倒是没太多意外，更多的是对人类认知与现实的哲学探讨。看完反而觉得，这种虚拟世界，反倒不如真实的世界来得真实。,0.0,0.0,0.48,0.31,0.22,0.06
最近没事就看星空。还是觉得最美的风景，永远是那种你偶尔抬头，突然与之对视的瞬间。星星的排列，似乎都在告诉你什么。,0.0,0.0,0.83,0.07,0.15,0.06
今天又想了个新点子，做了一个小测试。结果发现自己完全是个典型的反向思维者。看问题总是习惯性从不同的角度反推，真是累死我了。,0.42,0.0,0.0,0.11,0.46,0.0
最近试着做了一个低温慢煮的牛肉，不管什么食材，慢炖的方式总能带来意想不到的美味。可能这也有点像人生吧，慢慢来的反而更有味道。,0.0,0.0,0.84,0.19,0.0,0.1
似乎每个人的内心都藏着一个小宇宙，只有自己能真正理解其中的复杂与混乱。别人看不懂，也不需要他们懂。#孤独的思考者#,0.08,0.07,0.26,0.47,0.26,0.0
"说实话，尽管听到很多人说喜欢简洁的生活，但每当自己试图做一些""极简""生活的时候，却发现那种简约反而让人感觉到一种深深的空虚感。",0.0,0.06,0.08,0.31,0.47,0.14
我有时候会想，是否我们对于“幸福”的定义，完全是错误的。我们总是在追求某种最终的目标，然而那种目标可能永远也到达不了。,0.0,0.0,0.0,0.32,0.61,0.07
最近看了一本书，讲的是历史中那些我们忽视的细节。那些不起眼的事件，竟然在某个时刻改变了历史的进程。多么有趣。,0.05,0.0,0.55,0.06,0.0,0.37
早上喝了一杯特别浓的咖啡，意外地清醒了。可是，偶尔也会怀疑这种清醒是不是更像是自我麻醉？,0.0,0.15,0.07,0.15,0.36,0.28
有时我觉得，人类就像是那只迷失在森林中的狐狸，总是不断地寻找着答案，却似乎永远都离它们更远。,0.06,0.0,0.0,0.28,0.75,0.0
今天看了一部纪录片，讲的是人类对于未知的恐惧。这种恐惧或许是最原始的情绪，谁能告诉我，我所害怕的，究竟是什么呢？,0.0,0.57,0.0,0.23,0.08,0.28
关于人际交往，最近发现自己越来越难与人真正沟通。有时，我宁愿独自一个人，思考问题，宁愿与思考共度每一刻。,0.0,0.0,0.0,0.21,0.75,0.07
工作时常常发现，我做的每一个决定，背后都隐藏着数不清的复杂性。我还真是个彻头彻尾的理性主义者。,0.38,0.0,0.0,0.12,0.29,0.18
突然觉得，自己最享受的时光，往往是那些不被打扰、可以安静思考的瞬间。或许人活着，就是为了那短暂的宁静吧。,0.0,0.0,0.8,0.08,0.07,0.0
看完一个关于心理学的视频，才发现，原来人类的情感竟然能如此复杂。每一个简单的决定背后，可能都有着无数的情感与心理活动在推波助澜。,0.0,0.0,0.1,0.38,0.0,0.52
今天和朋友讨论了一个问题：如果人类能够预见未来，我们还会过现在的生活吗？也许预见未来的那一刻，我们就已经丧失了活在当下的能力。,0.09,0.0,0.0,0.51,0.27,0.15
昨天做了一个无聊的小实验，把所有手机应用程序的通知关闭了。结果发现，几乎没有什么事情会对我产生“必需”的影响。,0.14,0.07,0.0,0.41,0.15,0.18
刚刚发现，自己每天都在忙忙碌碌地做事，却似乎没有为未来做出任何长远规划。或许，未来并不需要过多计划吧。,0.0,0.0,0.14,0.23,0.43,0.21
最近有点纠结，要不要真的去学个新技能。只是，我总是觉得，学的每一样东西，都会让我对自己原本的生活产生不必要的影响。,0.07,0.0,0.0,0.24,0.66,0.0
今天试图在家做了一道新菜，结果发现，即使用最简单的食材，自己还是能够做出不错的味道。难道这就是“从简”的魔力？,0.0,0.0,0.42,0.17,0.0,0.52
终于解决了一个困扰已久的工作难题，简直不敢相信自己的思维能这么清晰。果然，有时候，当你真正静下心来时，答案就自然而然地出现了。,0.0,0.0,0.8,0.0,0.0,0.23
看了一场电影，里面有一句话让我印象深刻：“每个人的生活其实都是一场无限延伸的实验。”其实，人生不正是如此吗？,0.0,0.0,0.26,0.42,0.1,0.22
今天又反思了一下自己。每当遇到问题时，总是喜欢从多个角度分析，直到最后自己也没法确定什么是最优解。人类果然难以决定。,0.1,0.0,0.0,0.19,0.53,0.15
最近喜欢在凌晨两点看书，那时候的宁静与思维的清晰让人觉得无比享受。这个世界大概只有在深夜才会对我特别温柔。,0.0,0.0,0.93,0.1,0.0,0.0
不知道从什么时候开始，我逐渐不再轻易去改变别人对我的看法。倒是对自己的认知越来越坚定，果然，思考越深，答案越简单。,0.0,0.0,0.86,0.0,0.0,0.1
有时候，静下来想一想，现代社会的“连接”不过是一种虚假的幻想。我们每个人都孤独地活在自己的小世界里。,0.0,0.0,0.05,0.4,0.45,0.0
昨晚反复想了好久一个哲学问题：“如果不经历痛苦，怎么知道什么是快乐？”生活的矛盾，似乎是无法避免的。,0.0,0.0,0.11,0.36,0.35,0.19
早上做了一份手账，突然发现自己竟然喜欢记录这些琐碎的想法。也许，这些细碎的文字反而让我更接近真正的自己。,0.0,0.0,0.71,0.0,0.07,0.22
今天翻开了一本旧书，发现自己对一些曾经感兴趣的东西，竟然完全不记得。那些曾经激发我思考的事情，变得如此遥远。,0.0,0.0,0.0,0.0,0.69,0.3
最近看了个关于科技与人性的讲座，发现我们面临的最大问题，可能是如何平衡技术进步与人类道德之间的关系。,0.0,0.0,0.0,0.75,0.0,0.14
工作中的每个决策，似乎都必须依赖理性分析。但很多时候，理性与感性之间的博弈，才是最难做出的选择。,0.0,0.0,0.0,0.74,0.15,0.0
总觉得，自己一直在无意识地推翻过去的决定，最终让一切变得复杂难解。这是个典型的“反思过度”症状吧。,0.29,0.08,0.0,0.26,0.43,0.08
今天聊到一个话题：“人为何要做出选择？”答：为了避免生活变得无序。我们好像总是被迫做出决定，直到生活被一点点塑造。,0.0,0.0,0.1,0.71,0.15,0.06
其实我挺羡慕那些能放下所有担忧、活得潇洒的人。尽管我知道，理性告诉我，这样的生活太过“非理性”。,0.07,0.0,0.27,0.15,0.4,0.06
不知道为何，有时我对无聊的事物特别感兴趣。这是不是也是人类与生俱来的好奇心呢？,0.07,0.0,0.33,0.27,0.0,0.34
最近开始研究如何管理时间，却发现自己越是计划，时间反而越是流失得快。是不是效率过高就会抑制掉自由？,0.18,0.0,0.0,0.21,0.51,0.25
看完《盗梦空间》后，决定试试做个梦，看看能不能在梦中控制自己的思维。其实，我在想，梦境和现实究竟有没有界限呢？,0.0,0.0,0.0,0.48,0.23,0.25
今天走在街上，看到一个小孩开心地玩耍，突然意识到，或许生活最简单的乐趣，就是把日常的枯燥打破。,0.0,0.0,0.76,0.18,0.12,0.11
在互联网世界里，似乎每个人都在不停地追求认同感。但最终我们发现，认同与否，最重要的还是自己是否能接受自己。,0.0,0.0,0.34,0.56,0.0,0.14
最近学会了保持沉默。很多时候，沉默反而是对话中最有力的回应。特别是在一些混乱的环境中，沉默显得格外清晰。,0.0,0.0,0.48,0.57,0.0,0.0
总觉得，现代生活中最值得追求的目标不是赚钱，而是思考。只有在不断思考中，我们才能不断接近更真实的自我。,0.0,0.0,0.75,0.23,0.0,0.0
今天突然想通了一个问题：我们不是要改变世界，而是要学会如何更好地与这个世界共存。,0.0,0.0,0.29,0.43,0.07,0.13
有时看着他人的生活，觉得有种莫名的疲惫。大家似乎都在追赶着什么，但最终我们真的能追到那个目标吗？,0.0,0.0,0.16,0.09,0.6,0.15
其实，人活到最后，可能不是真的追求物质和财富。更多的是追求一段属于自己的平静时光，哪怕短暂。,0.0,0.0,0.69,0.29,0.0,0.0
最近有了个新发现：做事之前，不妨先花时间思考一下,0.11,0.0,0.15,0.65,0.0,0.05
今天突然意识到，许多看似重要的事情，放到时间的长河里，可能都只是过眼云烟。#人生感悟#,0.0,0.06,0.22,0.28,0.61,0.05
看完一本书，觉得自己对世界的理解多了些层次。但与此同时，也产生了更多的问题。#思考# #哲学#,0.0,0.0,0.21,0.54,0.24,0.08
这些天在想，人类所追求的究竟是什么？是成就？是幸福？还是那份永远无法抓住的“意义”？,0.0,0.0,0.1,0.19,0.37,0.33
有时候，我们并不需要通过外界的刺激来寻找答案。反而，最深的答案，总是在自己的内心中。,0.0,0.0,0.32,0.46,0.36,0.0
