posts,angry,fear,happy,neutral,sad,surprise
今天和朋友讨论了量子物理，实在是越想越复杂。明明是最基础的概念，结果我们已经进入平行宇宙的讨论了……总感觉不深究就错过了什么。,0.13,0.0,0.0,0.19,0.48,0.18
听了几首老歌，才意识到，情绪原来是这么难以捉摸的东西。情绪的波动就像量子态，瞬息万变，不由自主。,0.0,0.0,0.24,0.39,0.22,0.17
我真的是个爱学习的“懒人”，总是偷偷翻阅一些奇怪的资料，但从来不告诉别人。这种只属于自己的知识世界有种特别的安静。,0.0,0.0,0.82,0.19,0.0,0.08
今天翻了一本心理学书，里面提到人类的大脑容量有限，但我们却尝试把所有信息都装进去，结果只是乱成一团。听起来像我。,0.11,0.0,0.0,0.31,0.17,0.38
"为什么要把时间分得这么碎？今天重新理解了""时间就是金钱""这句话，但发现时间流逝的速度和它的价值没有太大关系。",0.09,0.0,0.1,0.38,0.27,0.25
最近看了几部科幻片，想象着人类的未来，心里居然有点不安。是不是每个人都应对未知的世界产生这种焦虑？,0.06,0.3,0.0,0.12,0.33,0.36
觉得自己像个无限循环的程序，虽然有时候会崩溃，但总会找到重启的方式。这种反复的自我修复，大概是人生的一部分吧。,0.0,0.0,0.51,0.26,0.28,0.0
有时候觉得人类的情感就像操作系统中的bug，每个情绪的反应都让人难以预料，真的是挺有趣的。,0.0,0.0,0.75,0.14,0.0,0.14
"最近在思考""选择""的问题。每做一个决定，都会被无数个可能性压在身后。人生难道不就是一场关于选择的复杂算法吗？",0.06,0.07,0.0,0.34,0.3,0.21
今天聊了聊人工智能与人类的区别，结果得出的结论是：人类虽然有感情，但还是比AI更容易被情绪左右。,0.0,0.0,0.12,0.78,0.09,0.06
怎么样定义“智者”？我一直在想，也许智慧不仅仅是解答问题的能力，而是能在复杂的问题中找到简单的解决方案的艺术。,0.0,0.0,0.38,0.65,0.0,0.11
最近决定不再浪费时间在不重要的人和事上，生活短暂，能从中获取的价值才是最重要的。,0.0,0.0,0.76,0.17,0.06,0.0
继续深度分析复杂的社交关系，结果发现人类社会的互动本质上就是一堆信息交换，这个复杂度，我大概理解了。,0.0,0.0,0.08,0.71,0.0,0.16
总觉得，人生就像一台巨大的机器，每个决定都是微小的齿轮，错了一步，就可能导致整个机器的失效。,0.0,0.0,0.09,0.38,0.5,0.0
每次跟人聊天，我都很小心。因为你永远不知道，别人的每一个字背后藏着什么样的意图。,0.11,0.12,0.12,0.42,0.21,0.0
终于明白了，所谓的“情感投资”就是一种投入式实验，有时候成功了，有时候失败了，结果却总是难以控制。,0.08,0.0,0.0,0.25,0.66,0.12
现在每当遇到挑战时，脑海里总会有一串算法自动运转，试图给出最合理的解决方案——但实际操作起来却常常不如预期。,0.11,0.0,0.0,0.41,0.45,0.12
曾经觉得自己理解了世界，结果却发现世界总能以某种方式让我重新定义一切。我大概就是个不断自我修正的活体实验品吧。,0.06,0.0,0.31,0.21,0.34,0.17
发现生活中有些事，看似琐碎，但它们的背后可能隐藏着深层次的结构，正如复杂的数学题，总是有解，只不过得有耐心。,0.0,0.0,0.69,0.37,0.06,0.0
最近看了点科幻小说，感觉自己被无限延伸的宇宙迷住了。我突然在想，如果我们能穿越时空，能否解决一切困惑？,0.0,0.0,0.24,0.28,0.22,0.27
看完《黑客帝国》，心里还是觉得深刻。虚拟与现实，那个所谓的“真实”世界，其实是我们自己定义的。,0.0,0.0,0.24,0.49,0.21,0.07
觉得人类真的很奇妙，总是对未来充满疑惑，依赖理性，却又常常被情感牵着走，这种矛盾的本质真是有趣。,0.0,0.0,0.77,0.15,0.0,0.2
今天在思考，如果可以选择永生，是不是意味着一切都将失去意义？活得太久，反而可能会失去对时间的感知。,0.0,0.0,0.07,0.3,0.62,0.1
感觉自己像是世界上的观察者，总是从旁边看别人的生活，理性分析，偶尔插足，却从不真正参与。,0.08,0.0,0.1,0.45,0.31,0.0
看了一篇关于“幸福”的文章，觉得很矛盾。是短暂的满足更能让人快乐，还是长久的追求才是最值得努力的？,0.0,0.0,0.35,0.16,0.32,0.19
如果人生可以重复，我可能会选择在每个“关键点”停下，重新选择一个方向。问题是，这种“重复”究竟是不是一种解脱？,0.0,0.0,0.0,0.62,0.26,0.2
有时候在深夜思考，未来会不会有一台完美的机器，能够精确计算出最优的人生路径？虽然知道这可能不可能。,0.0,0.0,0.19,0.26,0.31,0.23
总觉得现在的自己像是被困在一间密室中，能看到出去的路，但始终无法找到钥匙。有时候，我甚至觉得钥匙从来就不存在。,0.0,0.0,0.0,0.11,0.87,0.0
今天看了一个数学模型，突然觉得，人生大概就是一个复杂的方程式，而我们每个人只是其中的一个解。,0.0,0.0,0.13,0.51,0.25,0.24
如果我能掌控时间，我会选择暂停，去看看世界怎样运转。可是，暂停了时间，世界又会变得沉寂无聊吧？,0.17,0.0,0.0,0.23,0.7,0.07
想来想去，发现我更愿意与智能系统对话，而不是与人类打交道。因为至少系统不会被情感左右。,0.0,0.0,0.3,0.59,0.09,0.06
总是觉得，人类的生活是一种复杂的编程，每个选择都是一条新的路径，而每条路径都有它的无限可能。,0.0,0.0,0.21,0.47,0.3,0.07
生活中的迷惑，往往就像一道没有答案的数学题，越是解答，越发现更多无法理解的部分。,0.0,0.0,0.07,0.45,0.47,0.08
觉得人类思维就像复杂的算法，执行的过程总是充满了未知变量，结局往往和最初的预设不一样。,0.09,0.0,0.06,0.46,0.41,0.0
最近在想，如果我们能把大脑中的每个思维模式都数字化，或许能解开许多人生的难题，甚至连情感的波动都可以预测。,0.0,0.0,0.28,0.59,0.0,0.13
自己有时候挺喜欢对比人类与机器的区别。机器是程序化的，而我们却有无穷的情感变化，甚至难以预见的理性决策。,0.08,0.0,0.2,0.48,0.17,0.11
生活中的小细节，往往比我们认为重要的大事更能影响情绪。情感就像是代码中的错误，越忽视越难修复。,0.0,0.0,0.19,0.66,0.18,0.0
其实我总是逃避社交，但又想了解人类的复杂性，最终我成了一个典型的“外向型内向者”。,0.0,0.0,0.0,0.46,0.35,0.07
看了一本关于人类情感的书，终于理解了为什么人类要那么痛苦地追求爱情。其实，爱情也是一种控制欲。,0.0,0.0,0.2,0.39,0.36,0.0
感觉自己像一个不断学习的机器，每当遇到新的问题，就像获得了一条新的指令，执行时却总是不完美。,0.0,0.0,0.14,0.2,0.66,0.0
最近迷上了哲学，尤其是关于“自我”的问题。究竟什么才是真正的自我？是感觉上的自我，还是理性上的自我？,0.0,0.0,0.08,0.52,0.13,0.29
深入了解大脑的工作原理后，我发现，人类并非总是能做出理性决策。情感总是在不知不觉中影响我们的判断。,0.0,0.0,0.2,0.71,0.08,0.09
试图通过数字化手段来“修复”生活中的问题，但最终发现，很多问题是无法通过计算解决的。,0.0,0.0,0.0,0.74,0.24,0.06
今天又想起“孤独”这个话题。有时候，孤独是一种选择，而非强制。你无法选择世界如何，但你可以选择如何回应它。,0.0,0.0,0.25,0.42,0.39,0.0
有时候觉得，解答一个问题就像解开一张错综复杂的地图，但不管你怎么努力，总会走错几步。,0.0,0.0,0.12,0.37,0.6,0.0
看完一篇关于人类认知的文章，突然明白了我们是如何被自己的偏见和局限性牵引的。其实，真理往往是隐藏在无数假设之中的。,0.0,0.0,0.19,0.46,0.1,0.18
有时候会陷入自我怀疑中，想知道自己是否做对了选择。可是人生哪有什么确定的答案呢？,0.0,0.0,0.0,0.2,0.59,0.15
最近试着理清自己心中的“秩序”，但总觉得，思维越发散乱，越是觉得自己处于迷失的状态。,0.14,0.06,0.0,0.17,0.71,0.0
今天又做了个无聊的思考：如果生活可以模拟成一个程序，每个人都被赋予了自己的路径，最终结局是否已经注定？,0.18,0.0,0.0,0.31,0.35,0.21
想来想去，还是决定不再追逐那些看似完美的目标。也许，生活中的不完美，才是最真实的状态。,0.0,0.0,0.29,0.28,0.4,0.05
