posts,angry,fear,happy,neutral,sad,surprise
最近迷上了知乎的反向三观，尤其是“喜欢的东西不一定要好看”这种观点。嗯，确实我也有这种强烈的非理性热爱，只是为了自己的情感体验，至于别人怎么看，那不关我事。,0.07,0.0,0.42,0.26,0.14,0.08
为什么“身份认同”这么难？明明大家都能理解身份的多样性，但面对自己内心的时常变动，却总有种迷茫。想明白后，才发现这只是个慢慢靠近真我过程中的反复试探。,0.0,0.11,0.0,0.21,0.49,0.25
我真的好想吐槽一下影视剧里的“职场女强人”设定，永远都那么完美、坚韧，但却从不展示她们也有软肋，完全是个神话。怎么就没有一个真实的形象呢？,0.49,0.0,0.0,0.0,0.43,0.23
朋友圈里的这些“清新脱俗”的生活方式真是让我有点迷惑。生活不应该是全力以赴去追求高效，放慢节奏，享受每个瞬间，反而是一种内心的力量。,0.0,0.0,0.61,0.17,0.0,0.24
很多人说，年轻就要拼命工作，赚了钱以后再享受生活，但我总觉得，享受生活本身就是一种资本，不是死拼工作最后的一种奖赏。,0.0,0.0,0.51,0.34,0.16,0.0
有些人眼中的“成熟”其实只是对生活的无感而已，难道就不能在有趣的事情上保持一点纯真吗？不必急于变得“成熟”，有些地方能保留点孩子气是件好事。,0.0,0.0,0.59,0.28,0.12,0.0
发现自己越来越喜欢书法了，简直上瘾。写字竟然成了我最放松的方式。想把自己的每一笔字都写得完美，不为别人看，只为了自己。,0.0,0.0,0.97,0.0,0.0,0.14
最近在纠结要不要换个手机，毕竟现有的那款已经过时了，但又觉得换了之后，生活里并不会有太大变化。是不是技术本身没那么重要，重要的是你是否善于利用。,0.0,0.0,0.35,0.47,0.24,0.05
其实看综艺节目并不是为了笑点，而是那些人物设定、情感互动里隐藏的心理学原理。我时常会去琢磨他们之间的微妙关系，感受这些背后的深层意义。,0.0,0.0,0.35,0.64,0.0,0.0
为什么有时候觉得自己那么理性，可一到情感问题就变得一团糟。不是说理性的人不会感情用事，而是他们有时候更害怕情感带来的不确定性。,0.07,0.16,0.08,0.36,0.27,0.0
看书时我喜欢标记每个喜欢的句子，甚至不自觉地会加上一些思考的注释。慢慢地，这些书变成了我情感和思维的记录簿。,0.0,0.0,0.58,0.48,0.06,0.0
最近在想，人的一生其实就是一场长跑，很多人追求的不是速度，而是距离。保持一颗平常心，走得更远，才是生活的真谛。,0.0,0.0,0.6,0.21,0.13,0.08
突然想起之前学过的一个哲学理论，说的是人与人之间的关系总是充满矛盾和对立，这种思考让我对人际交往产生了新的看法，原来每一个关系里都有不可避免的张力。,0.0,0.0,0.4,0.45,0.1,0.13
我最近有点迷失了，在追求效率的过程中，似乎忽略了生活中原本应有的温柔。可能是时候停下来，去感受一下当下的美好了。,0.08,0.0,0.32,0.17,0.59,0.0
发现了自己的一个小缺点，任何事情都要追求完美，不允许有任何不合逻辑的存在。这样的人生可能会很累，开始有点害怕完美，害怕它掩盖了生活的真实。,0.0,0.35,0.24,0.15,0.43,0.0
经常在想，为什么有些人能够轻松地生活，而自己却总是被细节折磨？想了半天，突然意识到，生活的难易其实只是对待细节的不同方式。,0.0,0.0,0.0,0.27,0.53,0.28
最近在看一部电影，觉得里面的女性角色非常复杂。她们既有力量，又充满脆弱，正是这些不完美的特点，才让她们看起来更加真实。,0.0,0.05,0.32,0.62,0.17,0.0
看到别人社交平台上的高光时刻，我有时会有点嫉妒。可是仔细想想，生活本来就没有那么多光鲜的瞬间，我们每个人都只是普通人罢了。,0.1,0.0,0.14,0.17,0.41,0.12
对比了几款小说app，最后还是觉得番茄小说最贴心。虽然每个应用都有自己的优缺点，但番茄的界面总能让我静下心来专注在书中。,0.0,0.0,0.88,0.23,0.06,0.0
看了好几遍电影《星际穿越》，我依然无法完全理解其中的科学原理。可是，它给我的情感冲击，却是任何理论都无法替代的。,0.0,0.0,0.2,0.34,0.38,0.08
刚刚听了一个关于“人类情感演化”的讲座，觉得特别有趣。原来，很多时候我们的情感反应并不是完全自发的，而是由深层的生物学机制驱动的。,0.0,0.0,0.32,0.66,0.0,0.13
又看到有人说网文小说的“套路”让他们看不下去，我倒觉得这些套路能带来一种心理上的舒适感。每次追剧、追书的时候，仿佛都在和某种熟悉的节奏共舞。,0.06,0.0,0.63,0.31,0.0,0.0
为什么人们总是沉迷于“终极答案”？其实答案本身就不重要，重要的是我们如何在追问的过程中发现自己的不足和进步。,0.0,0.0,0.23,0.57,0.08,0.1
最近有点迷恋推理小说，那种细节和逻辑严谨的东西，总能让我产生强烈的好奇心。每一个小小的线索，都是谜题解开的钥匙。,0.0,0.05,0.63,0.3,0.0,0.0
看到有些人把自己所有的空闲时间都投入工作，想法上我并不支持。是时候明白生活的意义不仅在于成就，而在于你如何享受这个过程。,0.16,0.0,0.55,0.2,0.2,0.0
为什么现代社会这么强调效率和结果？有时候我想，我们应该重新思考“忙碌”与“做事”之间的关系。人不一定要永远在战斗中，也可以在停下来时找到意义。,0.09,0.0,0.24,0.52,0.11,0.05
最近开始尝试做一些自己从未做过的事情，发现每个新的尝试都能让我学到很多。生活如果只是一成不变，那该多无趣啊。,0.17,0.0,0.09,0.11,0.74,0.0
对我而言，灵感有时并不是突然迸发，而是积累了足够的思考和体验之后的一种自然流动。很多时候，创作的过程其实是在自我对话。,0.0,0.0,0.39,0.65,0.0,0.0
偶尔会想，生活中的小确幸并不在于得到什么，而是我们能在琐碎中找到自己的小满足。也许下次再忙，也该停下来喝一杯自己喜欢的咖啡。,0.05,0.0,0.87,0.07,0.08,0.0
想法总是在脑海里交织，却总难以付诸实践。也许，这就是我们对世界的一种表达方式吧：思考永远领先于行动。,0.0,0.0,0.4,0.43,0.18,0.0
最近尝试了一个新的编程语言，虽然不懂，但我被这个过程深深吸引。你可以控制一切，却又无法完全预见结果。,0.0,0.0,0.53,0.31,0.11,0.09
每次走在街上，看到路边的摊贩，总有一种莫名的宁静感。也许，这就是“生活”本身的魅力所在，简单、纯粹、而又真实。,0.0,0.0,0.8,0.27,0.0,0.1
最近在看一部关于AI的纪录片，感叹于科技的进步，但又开始对未来的智能社会感到一丝忧虑。人类到底能在进步中保持多少人性？,0.0,0.13,0.09,0.37,0.22,0.18
觉得人活得太匆忙了，常常忽略了身边的美好。偶尔停下来，感受一下阳光透过树叶的缝隙，才能意识到生活的细腻和温暖。,0.0,0.0,0.65,0.12,0.37,0.0
被朋友圈的照片吸引，发现大家似乎都生活得那么有趣、精彩。可是真正的快乐其实是在日常的点滴中，而不是通过展现给别人看才存在。,0.0,0.0,0.8,0.11,0.13,0.07
今天读了一篇关于人类行为学的文章，里面有个观点说：人的行为总是在不断地寻求认同和归属。这让我重新思考了自己在群体中的角色。,0.0,0.0,0.18,0.69,0.0,0.0
昨天晚上看了一部很奇怪的电影，打破了我的许多认知。可能是电影本身不合我口味，但我却深深地被其思考深度所震撼。,0.0,0.14,0.24,0.32,0.22,0.2
突然对哲学产生了浓厚兴趣，不是想搞深奥的思辨，而是想找出那个能够帮我解释世界的框架。每一位哲学家的思想，都像是一把钥匙。,0.0,0.0,0.62,0.3,0.0,0.06
最近看了好多书，结果发现很多人说过的那些话，某种程度上都已经被时间消解了。真正的智慧，似乎不需要太多言辞，沉淀在行动中。,0.0,0.0,0.5,0.36,0.24,0.0
生活中最累的事，莫过于过度的规划。反而是那些临时起意的选择，才带来最多的惊喜和变化。,0.0,0.0,0.52,0.19,0.42,0.0
做梦的感觉真奇妙，有时候能预见到现实的某些片段，仿佛是在梦中为现实铺垫路。什么时候才能弄明白，梦境与现实到底有什么联系呢？,0.0,0.0,0.26,0.28,0.08,0.38
最近看的那个综艺节目真是有点烧脑，选手们的表现让我觉得他们既是表演者，又是观众。大家都在用自己的方式解构现实。,0.13,0.0,0.44,0.25,0.0,0.13
最近看了一本心理学书，书里说每个人都有不同的心理需求。才发现原来自己一直在用理性的方式去解读感性的问题。,0.0,0.0,0.17,0.37,0.2,0.29
刚才在餐馆吃饭，发现有很多人都只顾着拍照，没有真正去品尝食物。人们有时太过关注结果，反而忘记了过程中的每一刻都值得珍惜。,0.0,0.0,0.22,0.32,0.54,0.09
觉得自己越来越喜欢做事慢慢来，可能是因为年纪大了吧。总觉得，生活不必追求那么快的速度，反而是享受每一刻的美好。,0.0,0.0,0.89,0.0,0.07,0.06
最近对时间的流逝有点感慨，快节奏的生活让我忽略了很多细节。是不是到了该重新审视自己生活方式的时候？,0.1,0.0,0.12,0.21,0.55,0.1
看到有人讨论网络暴力的话题，发现很多人对这件事的看法都很极端。是时候对网络上的言论多一些理解，少一些指责了。,0.39,0.0,0.06,0.37,0.09,0.12
现在想想，如果当初没有做那个决定，今天的自己可能完全不同。每个选择都带着未知，但正是这些选择塑造了如今的我。,0.0,0.0,0.29,0.26,0.44,0.13
最近在追一部关于亲情的电视剧，每一次看到父母和孩子之间的互动，都会不由自主地思考自己与家人的关系。亲情原来总是在不经意中流动。,0.0,0.0,0.6,0.11,0.25,0.09
最近看了一些有关未来社会的预测，感觉未来的生活可能会变得更加自动化。但我始终觉得，不管科技如何进步，人类内心的需求和情感永远不会改变。,0.0,0.0,0.48,0.41,0.08,0.05
