posts,angry,fear,happy,neutral,sad,surprise
最近发现，真的能把时间过得没有意义，是不是年纪大了才会觉得，真正的“浪费时间”就是拼命去做一堆不值得的事。,0.24,0.0,0.0,0.06,0.75,0.1
这么多科幻小说里，最让我兴奋的部分竟然是关于虚拟世界的“算法”，越想越觉得我们都在不断变成一个个行走的程序。,0.0,0.07,0.56,0.09,0.0,0.43
总结了一下，突然明白了很多人忙着改变世界，其实只是没搞清楚自己想要什么。每个人都在自己设定的“程序”里转圈。,0.0,0.0,0.18,0.28,0.33,0.18
你有没有想过，世界上所有的选择都有一个被我们忽略的潜在选项？就像走错的路，竟然变成了最对的那一条。,0.07,0.0,0.0,0.21,0.3,0.48
昨天看了一部电影，觉得剧本写得不对，结尾有点怪，结果看到评论一片好评，我开始怀疑自己审美是不是出了问题。,0.17,0.17,0.0,0.14,0.35,0.29
晚上总是脑袋里乱七八糟的想法飞速迸发，每次醒来都感到自己好像是个虚拟存在。,0.16,0.15,0.0,0.16,0.44,0.13
每次写程序出错，最让人崩溃的不是出错，而是错的地方实在是太“简单”了，这让我不禁想：人类怎么能这么容易走偏。,0.46,0.0,0.0,0.0,0.45,0.15
人类的极限是什么？能不被情感干扰，像机器人一样纯粹地分析世界吗？这个问题我想了很久，答案其实还没找到。,0.07,0.0,0.0,0.46,0.12,0.33
好奇心是一把双刃剑，它让你不停追问，然而答案的缺失又常常让你迷失方向。,0.0,0.06,0.14,0.53,0.39,0.0
我最近有个小疑问：如果我们能意识到世界并不如我们所想的那样合理，难道我们就能真正理解生活的“合理”了吗？,0.13,0.0,0.0,0.39,0.14,0.33
与其试图理解别人，不如先理解自己。每个人的行为背后都有无法言说的逻辑，就像没有完美的代码一样，谁也不是完美的。,0.09,0.0,0.2,0.47,0.28,0.0
想了很久，发现其实我并不怕失败，真正害怕的，是努力去做却得不到任何反馈。,0.0,0.38,0.07,0.07,0.55,0.16
深夜的静谧是思考的最佳时光，然而每当我试图集中精力，它却变得异常空洞和沉默。,0.11,0.0,0.0,0.37,0.52,0.05
发现自己对所谓的“道德”并不感冒，更多时候，我对行为背后的逻辑感兴趣。,0.11,0.06,0.12,0.43,0.13,0.14
你有没有过那种感觉，明明自己知道某件事的对错，但还是做了错的事？对我来说，这其实是自我测试的一部分。,0.07,0.0,0.0,0.38,0.3,0.19
追求完美的人可能永远都在“修正”自己，而不是“创造”自己。对我而言，这种纠结真是浪费大脑细胞。,0.42,0.0,0.0,0.14,0.43,0.06
昨晚的梦境很有趣，完全是由昨晚跟朋友讨论的某个哲学问题构成的。我才明白，思考真能渗透到生活的方方面面。,0.0,0.0,0.69,0.19,0.0,0.18
想知道人类为何能创造如此复杂的系统吗？或许就是因为他们本能地知道，不复杂的世界根本无法吸引眼球。,0.06,0.0,0.05,0.53,0.14,0.29
今天在图书馆看了三本不同类型的书，却没看完其中任何一本。每本书都给我带来了新的思考，但我却陷入了选择困难。,0.0,0.1,0.0,0.3,0.53,0.08
为什么每当我开始集中精神学习，总是能遇到各种小打小闹的干扰？难道这些东西真的是存在的，还是我自己创造出来的？,0.39,0.0,0.0,0.11,0.0,0.39
如果我的思维能量用来写代码，应该可以创造出一个完美的世界吧。可惜，这个世界从来都不完美。,0.07,0.0,0.15,0.17,0.6,0.11
深入思考一下，生活中最浪费时间的并不是做那些看似无意义的事，而是明知道浪费还依然坚持做。,0.09,0.0,0.19,0.53,0.23,0.09
明明已经知道人际关系很复杂，结果每次还是在无形中为一些不重要的关系付出过多精力，真是个不成熟的反应。,0.69,0.0,0.0,0.15,0.33,0.0
对我来说，理解一个人比任何事情都要复杂，因为每个人的思维和逻辑都是从无数个独特的体验和视角构成的。,0.0,0.0,0.17,0.75,0.0,0.0
为什么大家都说“经历过才懂”呢？难道只是经历才能让我们从自己的局限性中走出来吗？,0.22,0.0,0.0,0.28,0.2,0.33
生活中的每一秒都充满了选择，甚至连呼吸都可能是一个自觉的选择。想想，这真的是太妙了。,0.0,0.0,0.53,0.2,0.0,0.24
晚上的时候脑袋里无数个问题来回交织，想到白天的懒散和夜晚的勤奋，竟然开始怀疑自己是否太偏离了理性轨道。,0.14,0.12,0.0,0.06,0.53,0.26
自我修正是一种艰难的艺术，尤其是当你意识到，自己从未真正理解过这个世界的逻辑时。,0.0,0.07,0.22,0.67,0.17,0.0
今天看到一篇讨论“选择困境”的文章，突然意识到，很多人并不是在做“选择”，而是在做“放弃”。,0.0,0.0,0.0,0.51,0.18,0.2
总结一下，我做的最错误的事就是过于严苛地要求自己，而忽略了生活本身的灵活性。,0.16,0.0,0.05,0.4,0.37,0.0
朋友说我老是活在“思维实验”里，确实，很多时候我的想法就像测试版本，总在不断调试。,0.1,0.0,0.0,0.42,0.37,0.07
为什么每个人都看重“结果”？也许是因为人类太依赖具体的东西，才会忽视那个过程的价值。,0.09,0.0,0.0,0.5,0.26,0.16
我怀疑，我们所称之为“常识”的东西，其实只是绝大多数人约定俗成的认知。,0.0,0.0,0.0,0.5,0.0,0.26
总在思考，什么样的生活方式才算是“最优化”？可能就是把所有不重要的事都摒弃掉，只专注于那些让自己心流的瞬间。,0.09,0.0,0.14,0.36,0.41,0.09
现代社会的“焦虑”，其实是对信息过载的反应。太多选择，反而让人无从下手。,0.12,0.07,0.0,0.56,0.27,0.0
今天做了一个无意义的决定：是不是我今天选择的所有行为都是“合适”的？答案当然是否定的。,0.08,0.0,0.0,0.43,0.21,0.23
生活中有那么多无聊的细节，却总有一些人试图在这些细节上找意义，结果把自己弄得越来越复杂。,0.22,0.0,0.0,0.32,0.5,0.09
总觉得人类的行为很奇怪，尤其是那些不停纠结在“对”与“错”之间的人，真心觉得放轻松点，生活更有趣。,0.08,0.0,0.77,0.12,0.0,0.19
看了一些极简生活的文章，越看越觉得自己并不“简”，只是更加能接受生活中的不完美。,0.0,0.0,0.83,0.17,0.1,0.0
每个人都在追求自己的独特性，但到底什么是“独特”？大概就是把自己的本质从框架中解放出来吧。,0.07,0.0,0.16,0.62,0.0,0.21
思考了一下，我们是否一直在寻求“完美”而忽略了生活中的“缺陷美”？,0.0,0.0,0.0,0.49,0.33,0.21
想明白一件事：对我来说，世界上最难理解的不是复杂的现象，而是人类内心的矛盾。,0.0,0.0,0.08,0.56,0.17,0.11
今天好像发现了一个小秘密：你越是想要控制一件事，越容易让它失控。,0.07,0.07,0.12,0.41,0.19,0.14
我猜，所有的关系本质上都可以用“博弈”来描述，然而真正的“游戏”不过是了解彼此的逻辑和心思。,0.0,0.0,0.07,0.78,0.0,0.12
最近在看“信息论”，发现了很多我原本不了解的领域。感觉知识真的无边无际，学无止境。,0.0,0.0,0.75,0.15,0.0,0.06
我对未来有种微妙的预感：或许我们会发现，“幸福”的定义比我们现在想的还要复杂。,0.08,0.0,0.28,0.37,0.14,0.21
研究了一下“时间管理”，最终总结：时间本身不管理自己，完全是人类的主观意图让它变得有条理。,0.0,0.0,0.12,0.66,0.12,0.07
明明知道我不擅长社交，还是常常参与一些我并不感兴趣的社交场合，是不是每个人都有这样无法抵抗的社交诱惑？,0.35,0.0,0.09,0.16,0.19,0.28
如果人生是一个算法，我们似乎永远找不到最优解，因为每个人都在修改这个程序。,0.06,0.0,0.0,0.62,0.23,0.0
想了很久，最终决定：这个世界到底能提供什么样的意义，永远不可能是所有人都同意的结论。,0.0,0.0,0.0,0.47,0.3,0.26
