posts,angry,fear,happy,neutral,sad,surprise
有没有想过，当你以为自己在做“自我探索”，其实只是在被社会框架反向引导？人类总是自信满满地以为可以“掌控”一切，结果却往往只是跟随别人设计好的路径。,0.0,0.0,0.0,0.37,0.32,0.2
这就是生活的奇怪之处：你明明在为未来做出选择，但这些选择常常并非完全由你决定。你真正的自由，其实是受限于你认知的边界。,0.0,0.0,0.0,0.51,0.17,0.19
我突然意识到，所有的社会规范，其实都是某种程度的集体幻想。我们自愿遵守这些规定，真的是因为理性选择吗？还是只是习惯了？,0.24,0.0,0.0,0.22,0.24,0.35
深入思考过一个问题：为什么我宁愿选择独立思考，也不愿被别人影响？或许是因为不愿失去那份难得的自由感，哪怕它常常让人感到孤独。,0.0,0.0,0.12,0.33,0.46,0.0
最近在看一些心理学资料，突然发现人类社会的进化，更多是为了适应环境，而不是追求“幸福”。幸福，或许只是某种生物学的副产品。,0.0,0.0,0.37,0.41,0.07,0.17
为什么总是有些人觉得自己的看法最正确？也许是因为他们从未遇到过真正能打破自己世界观的事物。知识的局限性，总是在最简单的地方显现。,0.0,0.0,0.21,0.53,0.13,0.13
我好奇，人类是不是也在不断进化成能从根本上理解自身的物种？还是我们就注定只能在无尽的假设和实验中徘徊？,0.06,0.06,0.0,0.34,0.16,0.36
有时候，我认为很多人其实并不想“解决问题”，他们只是想“显得”有能力解决问题。真正的解决者，往往是在悄无声息中行动的。,0.0,0.0,0.06,0.7,0.1,0.05
世界上最恐怖的事情不是无知，而是自以为知。这种无形的障碍往往比缺乏知识更加致命，因为它让人拒绝改变。,0.09,0.46,0.0,0.32,0.16,0.0
自从我放弃了“完美主义”，生活变得意外的轻松。其实，很多时候我们只需调整视角，把那些难以改变的事物，看作是常态。,0.0,0.0,0.69,0.31,0.0,0.0
我发现，很多人对未知事物的恐惧，来自于他们对控制的需求。控制是安全感的来源，但它真的能给人带来幸福吗？,0.0,0.15,0.18,0.48,0.13,0.2
一个人的世界观如何塑造了他的一生：你总是从你看到的角度出发去解读所有事物。所以改变世界观，比改变自己还难。,0.0,0.0,0.18,0.64,0.14,0.0
有些人执着于短期的快乐，而忽略了长期的成长。而这种对快乐的追求，恰恰可能会限制了他们的潜力，短视总是会给未来带来更多麻烦。,0.0,0.0,0.12,0.58,0.29,0.0
我总在想，知识的获取对我来说究竟有多重要？最终，人类的探索不就是为了摆脱无知，寻找一些意义吗？,0.09,0.0,0.19,0.33,0.26,0.19
每次看到“心灵鸡汤”类的文章，我都觉得荒谬。真正的智慧，是从理解问题的复杂性开始，而不是寻求简化的答案。,0.14,0.0,0.12,0.41,0.23,0.0
昨晚想了很久一个问题：我们是否注定要为一些不可能达成的理想而奋斗？也许正是这种不确定性，构成了人生的意义。,0.0,0.0,0.2,0.37,0.25,0.18
有时候我觉得，很多人对生活的热情，其实并不是热爱生活本身，而是他们认为生活能给他们带来意义。,0.0,0.0,0.25,0.53,0.2,0.1
就算生活很平凡，但你若能从中发现一些规律和深刻的东西，那也是一份珍贵的收获。毕竟，生活本身从不缺乏挑战。,0.0,0.0,0.87,0.2,0.0,0.0
为什么总有人热衷于给自己贴标签？你可以是任何人，不必被过去的经历框定。我们每个人，都有无数的可能性。,0.06,0.0,0.35,0.43,0.0,0.16
如果每个人都能从他人的角度出发思考问题，或许我们就能消除很多误解和冲突。可是，改变思维方式有那么容易吗？,0.08,0.0,0.1,0.53,0.22,0.13
我开始觉得，人生的意义并非一开始就能理解清楚。或许，只有在不断的试错和总结中，才会慢慢窥见一些真理。,0.0,0.0,0.46,0.35,0.22,0.0
人们往往把自己放在一套已经设定好的框架里，却很少有勇气跳出这条轨迹去探索未知。所有的创新，都是打破固有的认知。,0.0,0.0,0.09,0.67,0.11,0.0
我发现，很多时候，我们不仅仅是在“学”知识，更多的是在学习如何与世界相处。知识不只是工具，它本身就是人生的体验。,0.0,0.0,0.47,0.62,0.0,0.0
许多人认为自由是无拘无束的状态，但事实上，自由的背后需要更强的自律。没有自律的自由，只会变成无序和混乱。,0.09,0.0,0.11,0.68,0.08,0.0
试图了解一切事物的本质，可能是对的，但这种追求永无止境。所以，或许我们该接受无法知晓的事实，找到内心的平静。,0.0,0.0,0.64,0.34,0.1,0.0
真正的自信，不是外在的装饰，而是对内心世界的深刻理解。能够接受自己的不完美，才是成熟的标志。,0.0,0.0,0.77,0.35,0.0,0.0
反思昨天的自己：有时候，走得太快反而迷失了方向。真正的智慧，是懂得适时地停下脚步，去思考和调整。,0.0,0.0,0.6,0.32,0.24,0.0
每次看到那些所谓的“成功”案例，我就会开始怀疑：成功到底是什么？对我来说，更多的是内心的平和，而非外在的成就。,0.0,0.05,0.15,0.4,0.11,0.27
社会对“成功”的定义常常局限于表面，忘了内心的满足和认知的扩展才是真正的成就。,0.0,0.0,0.32,0.62,0.13,0.0
我越来越觉得，人与人之间的真正差距，不在于能力，而在于愿不愿意去深入思考一些事物，接受挑战，走出舒适区。,0.06,0.0,0.44,0.38,0.25,0.0
世界并不如我们所见那样简单。每个人都在自己理解的框架内生存。要想看到更广阔的世界，你必须跳出自己的舒适区。,0.0,0.0,0.34,0.62,0.0,0.0
思考有时并不为了得出答案，而是为了理解过程中的复杂性。有些问题，越想越复杂，最后发现，答案从未真正重要。,0.0,0.0,0.13,0.58,0.36,0.0
对我来说，真正的难题是：如何在有限的时间里，理解无限的事物。知识总是在不断扩展，而我们的认知却是有限的。,0.0,0.0,0.0,0.6,0.21,0.14
人们往往忽视最重要的一点：真正的改变，始于自我认识的提升。当我们真正意识到自己有多么渺小时，才能开始改变。,0.0,0.0,0.4,0.59,0.06,0.07
每个人的故事都是一面镜子，能照出他对世界的理解。你如何看待他人，最终反映的还是你自己如何看待世界。,0.0,0.0,0.29,0.69,0.0,0.09
不知道什么时候开始，我不再被外界的喧嚣所打扰。反而在静默中，我获得了更多的洞察力和内心的安宁。,0.0,0.0,0.77,0.22,0.07,0.0
不要让外界的评价决定你的人生方向。真正的智慧，是你能从自己的内心出发，找寻属于自己的道路。,0.0,0.0,0.67,0.43,0.0,0.0
我发现，生活中的很多困境，实际上只是我们对自己认知的不足。突破这些障碍，并非解决问题，而是拓展思维。,0.0,0.0,0.26,0.67,0.09,0.0
看似简单的生活往往是最复杂的。我们被琐事困扰，但忽略了背后的深层结构。试着剖析这些层次，你会发现更多的线索。,0.0,0.0,0.33,0.65,0.0,0.0
生活本来就是一种探索。我们通过不断的试错、思考和调整，才逐渐逼近那个“最理想”的状态。,0.0,0.0,0.57,0.46,0.0,0.0
有时候，我觉得最自由的状态，是对自己完全坦诚。不要装作理解某些事物，不知道就承认不知道，这才是成长的第一步。,0.0,0.0,0.74,0.22,0.0,0.0
当人们开始思考“为什么”，他们就不再满足于表面的答案。这个世界充满了无数的假设和可能性，等待我们去揭示。,0.0,0.0,0.29,0.64,0.0,0.0
走出一条自己独特的道路，并非一件容易的事。尤其是当所有人都在走同一条路时，敢于反思和挑战的心态尤为重要。,0.0,0.0,0.53,0.54,0.0,0.0
我总是觉得，世界并非只有对错之分。许多问题的答案，往往需要从多个角度去审视，才能看见其中的真相。,0.0,0.0,0.12,0.59,0.25,0.12
每次陷入困境时，我都会试图从中找到某种规律。生活给我们的挑战，并不是为了让我们感到绝望，而是引导我们成长。,0.0,0.0,0.61,0.36,0.05,0.0
最具智慧的行动，不一定是做出复杂的决策。有时候，放手一搏，才是最明智的选择。,0.0,0.0,0.69,0.31,0.0,0.0
也许我们对世界的探索永无止境。每一块石头背后，都藏着未知的真理，等待我们去揭开。,0.0,0.0,0.55,0.34,0.0,0.0
生活中的每一次思考，都让我更加意识到，我们对世界的认知是多么片面。探索的过程，远比结果更值得珍惜。,0.0,0.0,0.68,0.2,0.17,0.0
今天的思考：有没有可能我们生活的世界，根本就不如我们所知的那样简单？所有的答案，都可能只是另一种假设。,0.0,0.0,0.06,0.39,0.4,0.22
不知道从什么时候开始，我变得越来越喜欢孤独。它让我有时间思考，重新审视自己，寻找内心的平静。,0.1,0.0,0.23,0.16,0.66,0.0
