posts,angry,fear,happy,neutral,sad,surprise
最近看了几部剧，发现大多数现代剧人物设定还是太“标签化”了，情节也缺乏深度。能不能突破一下，做出既符合当代审美又有思想深度的作品呢？,0.13,0.0,0.05,0.62,0.26,0.15
生活中总有人在追求表面上的成功，但真正的智慧是能识别何时该放弃，何时该继续努力。生活不必太复杂，简单的目标才能让人更专注。,0.0,0.0,0.78,0.3,0.0,0.0
对我而言，剧本的好坏决定了一切，演员只是其中的一个变量。编剧才是能让作品有生命的那个人，演员如果没有好的剧本，也很难有出色的表现。,0.0,0.0,0.15,0.72,0.19,0.0
那些总是“争夺”流量和热度的演员，是否想过在这个竞争激烈的行业里，真正的价值往往是通过作品积累，而非短期的关注度。,0.0,0.0,0.12,0.77,0.07,0.07
今年的几部大剧，我更看重的其实是剧本的质量，演员能给出精彩演绎固然重要，但剧本好才是整个故事能够立足的根本。,0.0,0.0,0.36,0.73,0.0,0.0
大部分人看剧，是希望找到一种情感的共鸣，而不是单纯的视觉享受。人物的深度和情节的复杂度，才是我关心的重点。,0.0,0.0,0.24,0.67,0.0,0.1
看剧时常会注意到，很多剧的设定虽然吸引眼球，但往往缺乏逻辑和深度。能否在此基础上做些创新，给观众带来思考的空间？,0.0,0.0,0.07,0.78,0.0,0.11
像《庆余年》那种充满悬疑和张力的剧情，才是我喜欢的类型。剧情没有注水，人物也都有很强的逻辑性，不会让人感到拖沓。,0.0,0.07,0.6,0.53,0.0,0.0
说到底，演员最终的竞争力还是在于作品本身。拥有好作品和深刻角色的演员，才会在行业中立足。光凭外貌和流量，短期的效果不可能持久。,0.0,0.0,0.23,0.76,0.0,0.0
反思自己在做事时的效率，往往是少了那种全力以赴的精神，更多的是在不停消耗剩余的精力。做事要有条理，才能节省无谓的时间。,0.08,0.0,0.34,0.37,0.22,0.0
近年来，国内剧越来越注重视觉效果，但真正值得探讨的依然是情节的严谨性和人物的复杂性。无论特效多炫目，如果缺乏内核，还是空洞无物。,0.0,0.0,0.0,0.67,0.13,0.0
现代剧的确容易让人产生情感的共鸣，但在作品深度和思想性上，似乎少了很多打磨。希望能有更多让人思考的现代题材作品。,0.0,0.0,0.47,0.49,0.09,0.0
看着目前国内市场的电视剧，有时候很难不感叹，好的剧本和深刻的思想才是推动影视行业前行的力量。无论是编剧还是演员，都应该深耕内容本身。,0.0,0.0,0.38,0.53,0.0,0.0
如果剧本够好，演员是否知名其实并不重要。真正吸引观众的，是那些细腻的情感表达和复杂的角色构建。,0.0,0.0,0.18,0.85,0.0,0.0
突破性别、年龄设定的角色很少，而这些角色正是我想看到的。复杂的情感和深刻的人物塑造才会让人产生长久的共鸣。,0.0,0.0,0.43,0.65,0.0,0.0
演员能给角色带来的，只是外在表现。真正决定角色命运的是剧本，好的剧本能赋予角色独立的灵魂和深度。,0.0,0.0,0.31,0.84,0.0,0.0
想想看，真正触动人心的影视作品并不是那些热闹喧嚣的剧情，而是那些能在平静中深入思考的作品。真正的深度不需要张扬。,0.0,0.0,0.47,0.51,0.0,0.0
讨论电视剧时，有时候我更愿意把焦点放在剧本和导演的整体构思上，而不仅仅是演员的表现。最终的成就往往源自于背后的创作团队。,0.0,0.0,0.22,0.82,0.0,0.0
关于剧本的构思，很多时候我觉得制作方不够有胆量。或许如果敢于冒险一些，打破常规，才会出现真正值得纪念的作品。,0.0,0.05,0.32,0.5,0.09,0.0
《庆余年》虽然受到广泛关注，但我还是觉得它的故事节奏有些拖沓。早期的悬疑和反转确实吸引人，但后期有些内容显得有些过于冗长。,0.05,0.14,0.0,0.74,0.32,0.0
现代剧的角色设定有时候让我感到困惑，似乎大家都在试图符合某种固定模板。希望更多导演和编剧能敢于打破这些固定思维，创造出独特的角色。,0.1,0.0,0.19,0.65,0.0,0.08
其实剧本的好坏直接决定了观众的观剧体验。即便是顶级演员，如果剧本不给力，仍然无法给观众带来深刻的感受。,0.0,0.0,0.11,0.8,0.13,0.0
最近看《天之下》时，思考了很多关于人性和社会的议题。这种类型的剧虽然情节较为简单，但却让我反思了很多现实中的问题。,0.0,0.0,0.22,0.71,0.0,0.06
当大家都在谈论流量和话题时，我却更关注作品本身是否能够引起共鸣。真正的好剧，不是通过轰动效应吸引眼球，而是通过内容打动人心。,0.0,0.0,0.3,0.69,0.0,0.0
这几年的电视剧趋势，似乎越来越注重短期的收视率和市场效应，却忽视了更为长远的作品积累和内容价值。希望未来能有更多质量过硬的剧出现。,0.07,0.0,0.32,0.59,0.09,0.07
作为观众，最怕遇到那些情节拖沓、角色单一的剧。一个剧能吸引观众，首先得从剧情的紧凑性和人物的深度入手。,0.0,0.14,0.05,0.86,0.0,0.0
大多数人追剧时，是希望看到角色的成长和情感的变化，而不是单纯的明星效应。真正打动人心的，还是那些有温度的故事。,0.0,0.0,0.59,0.47,0.0,0.0
看一些剧集时，常常会想，如果导演能更多关注细节，把情感展现得更细腻一些，作品的深度可能会大大增加。,0.0,0.0,0.3,0.69,0.0,0.09
剧情设定需要挑战常规，突破某些角色的“模板”，这样才能够让观众产生深刻的思考，感觉到不一样的冲击力。,0.0,0.05,0.34,0.8,0.0,0.0
总结一下，任何行业的成功不外乎是内容的创新和对核心本质的理解。影视行业也是一样，真正的好剧本往往需要在深度和广度上做到平衡。,0.0,0.0,0.26,0.82,0.0,0.0
许多剧集在创新上受限，总是偏向模仿别人成功的套路。希望未来能有更多具有创新意识和独特艺术风格的作品涌现。,0.08,0.0,0.36,0.61,0.0,0.0
如果能用更深刻的视角来表现历史事件，或许可以创造出更多令人深思的作品。大部分历史剧还是太过注重表面。,0.0,0.0,0.05,0.82,0.14,0.0
《庆余年》虽然赢得了很多观众的喜爱，但我觉得它并没有完全展现出更深层次的社会层面。剧本中的空洞，让我始终觉得差了一些东西。,0.1,0.0,0.0,0.4,0.47,0.0
如果在剧中加入一些更具哲理性的元素，可能能让整个故事更加深刻。毕竟，观众能感受到的，不仅仅是眼前的情节，而是其中蕴含的意义。,0.0,0.0,0.32,0.82,0.0,0.0
影视创作如果能在保持娱乐性的同时加入更多思考深度，将会创造出更加具有人文价值的作品。这才是影视艺术的真正魅力。,0.0,0.0,0.47,0.63,0.0,0.0
看影视剧的过程中，我总是在思考：为什么大部分剧本总是那么缺乏内涵？如果能够更多地关注人物内心的变化和思想的碰撞，或许会让剧集更有生命力。,0.0,0.0,0.36,0.57,0.07,0.09
对于演员来说，演技固然重要，但选剧本的眼光更加关键。选对了剧本，能让演员的潜力得到最大的发挥，而选择不当则可能让一切努力都白费。,0.0,0.0,0.23,0.81,0.08,0.0
我认为，真正值得欣赏的作品是那些能够从小处着眼，用细节表现人物性格的剧。这样才会让观众感同身受，沉浸其中。,0.0,0.0,0.53,0.62,0.0,0.0
这几年的剧集有一个普遍问题：内容过于急功近利。我们需要更多慢热的作品，给编剧、导演和演员足够的时间来沉淀一个故事。,0.08,0.0,0.0,0.77,0.07,0.0
希望更多的影视制作人能关注到细节的把控和人性的表达，而不是单纯追求爆炸性的剧情和人气演员。真正的好作品，是经过时间淬炼出来的。,0.0,0.0,0.69,0.39,0.0,0.0
看到某些剧的编剧，突然意识到他们其实并没有掌握写剧本的本质，情节设定太过浮躁，根本没有为角色设定留下足够的空间。,0.15,0.0,0.0,0.49,0.29,0.12
一些剧的剧本过于依赖外在的噱头和明星光环，却忽略了角色和故事的内在逻辑。这种剧看起来可能很热闹，却始终让人觉得空洞。,0.2,0.0,0.0,0.62,0.29,0.0
如果一部剧的情节过于简单，人物的设定又不够深入，那即便演员的表演再出色，也难以留下深刻印象。,0.0,0.0,0.0,0.85,0.26,0.0
看的电影和剧集越来越多，我发现一个问题：如今的作品越来越注重“快餐式”的消费模式，缺少了对细节的打磨和对人物深度的挖掘。,0.1,0.0,0.0,0.71,0.15,0.09
我喜欢那种给人空间深思的剧，而非只靠直白的情节推进。真正好看的故事，不一定是最复杂的，但一定是最能触动心灵的。,0.0,0.0,0.74,0.37,0.0,0.0
目前很多剧集给我的感觉都太注重戏剧性，忽略了角色的真实感。更真实、更复杂的人物塑造，才是我对剧本的最高要求。,0.0,0.0,0.11,0.68,0.06,0.0
剧情的深度决定了角色的内涵，而角色的塑造又决定了剧集的魅力。我们需要更多能够展现人性的复杂和多样性的作品。,0.0,0.0,0.23,0.85,0.0,0.0
在评判一部剧时，我更多地关注的是它是否能够在视觉和思想层面提供某种深刻的思考，而不是仅仅为了娱乐而存在。,0.0,0.0,0.16,0.86,0.0,0.0
看影视剧时，最不喜欢的就是那些为了迎合市场而牺牲了作品深度的剧。好的作品，必须是真正能够在情感和思想上引起共鸣的。,0.13,0.0,0.19,0.67,0.0,0.0
说实话，很多剧集的故事本身并不复杂，但如何处理细节和人物之间的情感关系，才是这类剧的成功之处。,0.0,0.0,0.3,0.72,0.0,0.11
