posts,angry,fear,happy,neutral,sad,surprise
试图整理思绪，结果脑袋里乱成了一锅粥，深刻反思了一下，是不是思考太多了，才让一切都变得复杂？难道生活就该这么复杂？🤔,0.27,0.0,0.0,0.06,0.6,0.32
最近总是遇到一些离奇的事情：人走了，书本不见了，手机自己关机。是不是被“高维生物”盯上了？如果我真能遇到外星人，那我应该先问他：“你们也有焦虑吗？”,0.11,0.19,0.0,0.26,0.16,0.26
每次打算做点简单的事情，最后都变成了一项复杂的科研课题。明天的目标：不再将买个菜也当作一项脑力挑战！,0.12,0.0,0.42,0.28,0.23,0.0
在脑海里规划了无数种方案，最后选择了最懒的那个。不想做决定的时候，什么都能成为“思考”的理由。,0.0,0.0,0.37,0.21,0.36,0.0
今天看到一个非常有意思的观点：生活就是一场高维的数学问题，而我们不过是其中的变量。思考了很久，感觉被说中了。,0.0,0.0,0.35,0.42,0.0,0.15
为什么我一开始觉得这世界很简单，最后竟然变得如此复杂？是不是每个人都逃不掉变得复杂的宿命？,0.09,0.0,0.0,0.09,0.38,0.65
抛开工作，抛开责任，单纯地想想：如果时间真的不存在，我们是不是可以永远做自己想做的事？,0.06,0.0,0.27,0.22,0.39,0.2
打算做一个深度思考的下午，结果被一块巧克力打断了。嗯，大脑真是很容易被糖分收买。,0.13,0.0,0.12,0.19,0.5,0.06
学会了一个道理：每次认为自己有个完美计划，结果总会被现实证明自己错了。大概这就是生活的魅力吧。,0.0,0.0,0.75,0.15,0.1,0.07
早上醒来后，深刻反思了一下自己的人生，最后决定继续睡个回笼觉，毕竟答案依然没有出现。,0.0,0.0,0.27,0.22,0.5,0.08
看书看得忘记时间，突然意识到我是不是有点失去了“现实感”？不过，谁规定现实必须是一成不变的？,0.08,0.0,0.14,0.08,0.53,0.25
有时候真的觉得我的大脑就像是一个多维空间，充满了无法预见的弯曲和反转。好像自己成了永远追逐答案的“追寻者”。,0.0,0.0,0.11,0.14,0.59,0.08
计划总是比执行更加吸引我。每次开始做事时，我总是想：“也许我还需要再多一点时间思考…”,0.0,0.0,0.34,0.29,0.37,0.0
说实话，我已经不记得上次有时间休息是什么时候了。生活的节奏总是这么急，想停下来反思，却总是被各种事情推着走。,0.06,0.0,0.0,0.06,0.9,0.0
有时候真希望自己能像那些人一样简单地活着，不用想那么多复杂的问题。然后我想：不过，我也喜欢思考，所以就这么着吧。,0.0,0.0,0.77,0.0,0.14,0.0
每天都在想：人活着到底是为了什么？然后又发现，所有的答案都像无解的方程式，最好的办法就是接受无法解答。,0.09,0.0,0.0,0.18,0.71,0.1
最近迷上了一种游戏，规则简单，但却非常容易让人上瘾。是不是在找一个“规则”可以让我暂时脱离思考的世界？,0.05,0.0,0.41,0.36,0.12,0.14
人生最神奇的事情之一，就是你怎么安排，怎么计划，最终似乎总是走到一个完全不同的地方。,0.0,0.0,0.47,0.31,0.15,0.19
总是对复杂的事情感兴趣，因为在某种意义上，它们带给我更多思考的空间。简单的生活反而让我有点难以适应。,0.07,0.0,0.13,0.36,0.51,0.0
不知道是不是年龄大了，总是突然思考一些深奥的问题：我到底是来做什么的？嗯，还是去吃点零食，思考这些太累了。,0.09,0.0,0.0,0.19,0.63,0.15
晚上总是睡不着，心里总想着“明天该做什么”。每当想通一件事，似乎也就能安心睡觉。,0.0,0.0,0.56,0.19,0.31,0.0
最近发现一个事实：当你做了无数个决策，最终你会发现你只是做了一个“我选择逃避”的决定。,0.0,0.0,0.08,0.42,0.26,0.18
想去旅行，但又觉得旅行的意义到底是什么呢？是不是单纯的逃避现实？或者是想要在一个陌生的环境中，找到新的思考角度？,0.0,0.06,0.0,0.42,0.44,0.26
刚刚看到一篇文章，说我们每个人都有自己的一套“规则”。然后我突然想，我的“规则”是什么呢？似乎是：永远都在寻找更多的规则。,0.07,0.0,0.1,0.52,0.0,0.21
很喜欢把事情复杂化，有时候甚至觉得这样才有意思。简单的生活似乎总是太过平淡，没有挑战。,0.05,0.0,0.45,0.21,0.32,0.0
看来今天的思维又陷入了无限循环，真想要一键清除所有杂念，重启一下大脑。,0.36,0.0,0.0,0.05,0.48,0.12
每次理清楚一个复杂的概念，我都会觉得自己离“全知全能”更近了一步。结果第二天又陷入新的迷茫。,0.06,0.12,0.07,0.19,0.62,0.0
总在想，世界如果没有时间、没有距离，会不会每个人的生活都变得更加简单？,0.13,0.0,0.0,0.17,0.62,0.26
有时候自己也觉得不够“正常”，思考的层面总是和别人有些偏离。难道这就是“与众不同”的代价？,0.18,0.0,0.0,0.24,0.53,0.16
今天又研究了一下哲学，结果发现自己越来越理解不了人类存在的意义。每次读哲学书籍，总感觉自己掉进了一个没有出口的迷宫。,0.06,0.0,0.0,0.18,0.63,0.0
不知道是不是智商太高，生活中反而越来越不愿意做简单的决策了。是时候做点什么来让自己“放松”一下了。,0.13,0.0,0.18,0.17,0.61,0.0
总有些时刻，我觉得自己不属于这个世界。可能是因为大脑总在“别的维度”游走吧。,0.0,0.0,0.0,0.23,0.73,0.08
有人问我，未来打算做什么？我沉默了一会儿，回答：“不如先理清一下当前。” 未来的事，等有答案再说吧。,0.0,0.0,0.16,0.55,0.17,0.1
今天出门前，我认真反思了一下：我要做一个“普通人”。结果一出门，我发现自己已经开始思考明天的计划。,0.0,0.0,0.14,0.34,0.3,0.24
有时候我觉得自己就像是一个“思考机器”，不停地运转，最后得出的结论永远是：“我需要再思考一下。”,0.0,0.0,0.0,0.36,0.44,0.0
在工作中，我最喜欢解决那些复杂的难题，而不是简单的任务。也许，人生的意义在于克服难关吧。,0.0,0.0,0.75,0.25,0.0,0.0
准备去做一件事，但总觉得自己好像少了点什么。回头再想想，可能只是缺少了一点“行动的勇气”。,0.0,0.0,0.16,0.06,0.79,0.0
有时候真怀疑我是不是能活在一个没有问题的世界里。我的大脑就像是一个永远也停不下的机器。,0.05,0.12,0.0,0.13,0.48,0.17
梦到了一个奇怪的场景，突然发现自己在无穷的空间中徘徊。醒来后，只是觉得：大概是大脑在告诉我，永远不要停止思考。,0.0,0.1,0.13,0.17,0.4,0.23
我发现自己总是喜欢反复推敲问题，甚至有时候觉得自己就是个“问题制造者”。这是一种“高级”病吗？,0.38,0.13,0.0,0.24,0.3,0.19
每次都觉得自己能找到真理，最后却发现，我所知道的真理只是“看似”的真理。继续思考，继续探索。,0.0,0.0,0.45,0.12,0.35,0.09
有时候我也希望自己能过得更“简单”一些，但每次试图简化，反而发现复杂的思想在不断涌现。,0.06,0.0,0.08,0.21,0.61,0.07
觉得自己的大脑就像一台计算机，每次接受新输入时，总能迅速得出多个结论。只不过，结论通常没什么用处。,0.0,0.0,0.17,0.57,0.27,0.0
现在开始反思自己是否真的活在现实中。大脑里每天跑出无数个问题，最后又变得不想去面对现实。,0.06,0.0,0.0,0.15,0.77,0.07
每次尝试解决问题时，都会出现一个新的问题。这是进步吗？还是在自我挑战？,0.12,0.0,0.06,0.34,0.22,0.18
最近在思考一个问题：如果所有的知识都已知，人生还有什么意义？我们是不是永远都在追寻一个“无法达成”的目标？,0.15,0.0,0.0,0.36,0.36,0.19
忽然觉得，所有的努力与付出，最终都可能归于虚无。既然如此，何不放手一搏，去寻找更有趣的事情呢？,0.1,0.0,0.38,0.18,0.34,0.0
每次面对挑战时，我都在思考：“这是一个可以被解决的难题吗？”但是，我发现更多时候，它只是一种存在的方式。,0.0,0.0,0.13,0.49,0.17,0.2
做决定的时候，我总是喜欢先推测所有的可能性，最后在“推测”的迷雾中迷失。,0.0,0.09,0.05,0.47,0.38,0.0
最近开始对时间有些感悟。每当我想要放松时，总觉得“时间”是个无法逃脱的牢笼。,0.05,0.09,0.09,0.32,0.5,0.0
