posts,angry,fear,happy,neutral,sad,surprise
我觉得人的一生就像在做法律文书，写得越精细，生活就越复杂。简简单单活着不太可能，写到最后也是一个不完美的结局。,0.0,0.07,0.12,0.37,0.51,0.0
随着社会的进步，工作中的“调解”也开始变得比胜诉更有意义。那些表面上的和谐，背后却是各方势力的博弈，真是妙啊。,0.1,0.0,0.53,0.17,0.0,0.21
看案件就像玩数独，解开一个，心里会得到一点满足，但总有新的难题等着你。每解决一个问题，自己的生活就变得复杂一点。,0.0,0.0,0.32,0.45,0.33,0.0
有些时候，真希望能把复杂的人际关系和案件一并丢掉，然后去度个长假，过个简单的生活，啥都不想。,0.14,0.0,0.18,0.12,0.51,0.0
为什么在处理一堆事务的时候，心底总会冒出个声音：“这不就是你自己搞的？”生活有时候真的像是一场意外。,0.31,0.0,0.0,0.15,0.29,0.27
不知道从什么时候开始，忙碌成了生活的常态。每天都想着，什么时候才能真正停下来，好好休息。,0.11,0.0,0.0,0.14,0.76,0.0
时间总是悄无声息地溜走，回过头来看，才发现自己好像一直在为了别人忙碌，而忽视了自己真正想做的事。,0.0,0.0,0.1,0.16,0.75,0.13
每当面对那些不懂法律又敢随便发言的人，我心里都在想，咱们是不是也可以按照这个标准来判断生活中的其他事情？,0.47,0.0,0.0,0.32,0.07,0.16
想要静下心来思考问题，却被繁琐的工作拖住了。每次看到手机上有未读消息，心情就莫名有些紧张。,0.15,0.24,0.0,0.11,0.59,0.11
我想我大概是个“案子控”，越是复杂的事情，越让我有兴趣。生活总是充满难题，但解题过程是我的乐趣。,0.0,0.0,0.67,0.27,0.0,0.1
又要开庭了，心情却有点沉重。大概是因为太多的细节需要琢磨，整个人都陷入了无休止的推理中。,0.11,0.0,0.0,0.15,0.76,0.0
现在越来越发现，思考问题的方式和审理案件有些相似。每当找出一个合适的方案，都会有一种小小的成就感。,0.0,0.0,0.83,0.19,0.0,0.0
可能是个不太适应工作的类型，总觉得生活就该有更多的自由，为什么要用那么多时间来做那些不属于我的事情？,0.22,0.0,0.0,0.07,0.58,0.18
好像每个案件背后，都能找到一段值得深究的故事。也许，我这辈子注定要在这样纷繁复杂的世界中，探寻一些真相。,0.0,0.0,0.34,0.36,0.21,0.15
经常陷入对“做事”和“休息”之间的纠结，总是觉得自己没有完全放下工作的时间，生活仿佛永远都在赶进度。,0.19,0.0,0.0,0.21,0.75,0.0
也许我应该去找个地方，做个长期的旅行，暂时忘记那些需要处理的复杂事务，享受那份难得的宁静。,0.0,0.0,0.8,0.18,0.12,0.0
有些时候真的觉得生活就像法律条文，看似简单，但背后总藏着不为人知的复杂和困难。,0.0,0.0,0.11,0.25,0.59,0.11
每次看到别人把生活安排得明明白白，我就开始反思自己，为什么总是把事情弄得一团糟呢？,0.39,0.0,0.0,0.15,0.41,0.22
突然有点喜欢看那些看似简单的剧集，起码不用像工作一样，每一分钟都需要在脑海中进行推理分析。,0.0,0.0,0.82,0.08,0.0,0.07
每次跟当事人解释案件时，总觉得自己像个侦探，试图拼凑出一幅完整的画面，而那背后的“真相”总是让我疲惫。,0.0,0.09,0.0,0.25,0.74,0.0
做事的时候总觉得太过于分析问题了，感觉自己能一直这么思考下去，生活中的不确定性让我更有探索的欲望。,0.0,0.0,0.64,0.16,0.2,0.0
想要活得简单，可是工作上的每一个案件都提醒我，这个世界没那么简单，生活总是充满了反转和挑战。,0.0,0.0,0.32,0.14,0.51,0.0
试着放下手机，但每次看到未读消息，还是会忍不住点开，生活仿佛就是在不停的回归到“未完待续”之中。,0.15,0.0,0.15,0.2,0.65,0.0
想象一下，如果没有工作，只是活在这纷乱的世界中，每天喝茶，读书，观察周围发生的一切，是不是也挺好？,0.0,0.0,0.8,0.22,0.0,0.0
想去看看那些不同的地方，了解不同的文化，但工作总是把我紧紧地锁在一个小小的框架里，走不出去。,0.09,0.0,0.06,0.25,0.75,0.0
时常想，生活也许是一场大戏，而我们不过是其中的配角。每一个决定，都会在某个时刻，影响接下来的剧情。,0.0,0.0,0.1,0.49,0.49,0.07
事情总是没有那么简单，只有站在高处，冷静分析，才能发现其中的规律。生活与案件，背后有相似的思考方式。,0.0,0.0,0.43,0.58,0.0,0.0
或许我并不需要过多的人际交往和复杂的社交，做自己喜欢的事情，远离世俗的纷扰，可能就是最好的生活。,0.0,0.0,0.88,0.17,0.0,0.0
每次想要处理好工作上的任务，总觉得脑袋像是电脑，正在不停地加载，直到最后才找到解决办法。,0.09,0.06,0.0,0.31,0.56,0.05
生活的复杂和工作的繁琐，让我越来越觉得自己的“自由”是种奢侈。简单地活着，或许才是最大的追求。,0.07,0.0,0.29,0.28,0.35,0.0
不知道为什么，每次遇到一个棘手的案件，我都觉得有种莫名的满足感。是不是每个人心中都有一颗侦探的心？,0.0,0.0,0.81,0.08,0.0,0.0
如果能够把生活中的复杂情绪简化，就好了。其实，人类也不过是把问题一层一层堆积，最后变得越来越无法承受。,0.11,0.0,0.11,0.48,0.45,0.0
做事总是容易陷入过度分析的陷阱，看到别人轻松应对各种事务，我却在无休止地思考每一个细节。,0.14,0.05,0.0,0.35,0.42,0.0
其实生活中最难的，不是面对问题，而是如何调整心态，接受那些自己无法改变的事物。,0.0,0.0,0.41,0.47,0.24,0.0
总是忍不住想把每件事分析个透彻，结果到最后发现，很多问题本身就没有答案，生活就是这样。,0.16,0.0,0.05,0.09,0.77,0.1
工作中的挑战让我一直在思考，究竟是什么样的心态，才能在繁忙的生活中找到平衡和自我。,0.0,0.0,0.29,0.38,0.23,0.12
看过那么多案件，每一次都提醒我，世界并非总是你想象的那么简单。每一个细节，都可能影响最终的结果。,0.0,0.0,0.19,0.4,0.34,0.15
我喜欢在各种纷扰中找到自己的一方净土，虽然它也许很小，但起码能让我安静地思考。,0.0,0.0,0.84,0.25,0.0,0.0
每个人的生活都像一个案件，找出真相并不容易，但有时候答案就藏在那些最不被注意的细节中。,0.0,0.0,0.11,0.65,0.25,0.09
对我来说，生活有时像是一场大规模的推理游戏，每个细节都在拼凑着最终的答案。,0.0,0.0,0.13,0.66,0.08,0.0
也许我该尝试放下那些繁琐的事务，去做一些更有意义的事情。但问题是，什么才是“更有意义”的事情？,0.0,0.0,0.25,0.4,0.18,0.16
总是在分析每个案件中的细节，直到失去对生活本身的兴趣。要是能回到那种轻松自在的状态，该有多好。,0.05,0.0,0.67,0.12,0.26,0.0
可能每个人的生活都是在不断的纠结与反思中度过的。选择某一条路后，我们才知道，原来另一条路也有它的意义。,0.0,0.0,0.24,0.4,0.36,0.17
做一件事之前，先想清楚它的所有可能性，避免后悔。这是我一贯的做事方式。生活也是如此吧。,0.0,0.0,0.73,0.3,0.0,0.0
真正的休息并不是逃避，而是放下那些让你不安的事情，让自己从压力中解脱出来。,0.0,0.06,0.65,0.43,0.08,0.0
看过许多案件，每次都觉得如果生活能够像这些案件一样，有条不紊，真是太好了。,0.0,0.0,0.98,0.05,0.0,0.0
我开始发现，生活中的每一个小细节都值得细致观察和思考，只是我不够耐心。,0.0,0.0,0.26,0.35,0.57,0.0
每个案件都像是一个新开始，每次解决了一个疑难问题，就好像自己在这个世界上的存在又找到了意义。,0.0,0.0,0.75,0.31,0.0,0.0
我喜欢在忙碌中寻找秩序，也许这就是我生活的方式。复杂的世界，我用理性去解构。,0.0,0.0,0.59,0.35,0.06,0.1
不管是工作还是生活，我都在试图找到规律。有时候，规律就藏在那些看似不重要的细节里。,0.0,0.0,0.2,0.46,0.32,0.0
