posts,angry,fear,happy,neutral,sad,surprise
今天重新看了《黑客帝国》，总算理解为什么尼奥被叫做“救世主”。不过，如果我是他，估计早就用AI帮我解题了。 #深度思考,0.0,0.05,0.3,0.35,0.14,0.15
看了一篇关于未来科技的文章，深刻地意识到人类总是为了更方便的生活而逐步创造出更复杂的麻烦。人生真是个悖论。 #科技哲学,0.39,0.09,0.0,0.15,0.25,0.11
最近思考了一下自己的人生目标，结果发现，没什么特别的目标就是目标。反正一切终将归零。 #存在主义,0.0,0.0,0.19,0.32,0.28,0.07
听说有人说，INTP的思维方式就是在细节里翻船。哦，真的吗？可是我的思维从来没“翻”过，只是偶尔停顿。 #自我调侃,0.09,0.0,0.13,0.35,0.15,0.26
如果你告诉我一个“天才”的故事，我更愿意关心他是如何从平凡中脱颖而出的，而不是他如何超越极限。 #反思天才,0.05,0.0,0.5,0.36,0.0,0.0
忽然觉得数学的美，超越了所有艺术。没有什么东西比公式更能让我感受到完美的逻辑。 #数学控,0.0,0.0,0.75,0.06,0.0,0.14
有人说INTP是“孤独的哲学家”。我想说，哲学家的孤独，源自他们对“世界理解的独立”。 #哲学心态,0.0,0.09,0.0,0.72,0.11,0.0
用一种非常不合理的方式强迫自己做事，突然意识到这种“推土机式”工作法，竟然非常适合我的人格。 #理性冲动,0.4,0.1,0.12,0.1,0.15,0.27
最近对未来科技产生了浓厚兴趣，尤其是量子计算。不知道是深夜的好奇心，还是对物理学的追求。 #量子探索,0.0,0.0,0.52,0.3,0.0,0.12
看完那篇关于社会结构的文章，突然觉得我们所有的努力，最后都会在巨大的社会机制面前化为泡沫。 #系统论,0.19,0.09,0.0,0.34,0.28,0.11
自从我发现咖啡与我生活的关联，我就决定每个早晨都必须至少用三杯咖啡“解码”世界。 #咖啡控,0.0,0.0,0.52,0.38,0.13,0.12
最近对“时间”的感知变得有点模糊，或者说，时间对我来说只是个用来思考的背景噪音。 #时间悖论,0.07,0.15,0.0,0.51,0.31,0.0
不知道为什么，每次想做个决策，我的内心总是无数个推演交织在一起，最后的结果就只是——拖延。 #决策困难症,0.16,0.07,0.0,0.18,0.64,0.08
读了一本关于哲学的书，其中有一句话让我深刻思考：“人类最大的失败是，错过了感受真实的机会。” #哲学名句,0.0,0.0,0.19,0.58,0.24,0.0
最近迷上了天文，想象着如果自己能在太空中漫游，那一定是人生最大的自由。 #宇宙探索,0.0,0.0,0.59,0.25,0.0,0.09
有时候，我也觉得自己是不是把“多想”当成了生活的全部，但也没什么不好，反正不影响我爱吃披萨。 #人生哲理,0.06,0.0,0.55,0.18,0.31,0.0
每次与人辩论时，我总是能轻易地从某个细节里找到突破口，让对方陷入困惑。理性太过头了，嗯。 #辩论技巧,0.06,0.05,0.54,0.32,0.0,0.07
这些日子，发现自己似乎越来越喜欢夜晚的安静。也许是因为，只有在寂静中，才能真正听到自己的思绪。 #夜晚的哲学,0.0,0.0,0.47,0.36,0.18,0.0
计划永远追不上变化，这种事在我身上永远是“常态”。而这种“常态”也变得越来越能让我接受。 #生活哲学,0.0,0.0,0.63,0.32,0.06,0.0
今天看到一句话：“知识是永无止境的海洋”。突然明白，虽然我每次潜水都会被淹死，但总是好奇想再跳下去。 #知识探索,0.0,0.07,0.63,0.16,0.07,0.06
那些自以为理解世界的人，常常是最容易忽略自己真实感受的。每个人都是自己世界的中心，却也无能为力。 #自我矛盾,0.07,0.07,0.0,0.37,0.46,0.0
人生的最大乐趣，莫过于在无聊中找到乐趣。如果你无法在平凡中找到乐趣，那么你其实很难享受人生的精彩。 #内心世界,0.0,0.0,0.42,0.46,0.2,0.0
看完《冰与火之歌》，终于理解了为什么一些复杂的故事比简单的故事更吸引人。因为复杂的逻辑总能引发深层次的思考。 #思维挑战,0.0,0.0,0.46,0.45,0.0,0.07
今天重新翻看了旧书，竟然发现以前觉得复杂的东西，现在竟能轻松理解。难道是脑袋变聪明了，还是生活变简单了？ #成长感悟,0.08,0.1,0.55,0.0,0.16,0.47
不知道为何，我总觉得世界就是一部复杂的机器，而每一个人都在扮演着“螺丝钉”的角色。 #人生哲学,0.07,0.0,0.16,0.41,0.21,0.12
想清楚一件事：人的困境，往往源于他们对“什么是对的”的执念。但有时候，不对也未必不好。 #思考人生,0.0,0.0,0.32,0.48,0.17,0.07
深夜又想起了某个老话题：“人是不是应该追求永恒？”不禁又陷入了长久的沉思，但最终我还是觉得……不追求也无妨。 #哲学思辨,0.0,0.0,0.25,0.3,0.39,0.0
最近发现，逻辑推理是我唯一可以用来把世界切成片段的工具。而这些片段，常常拼成让我满意的图案。 #逻辑狂,0.0,0.0,0.63,0.25,0.0,0.12
如果人生是一场旅行，那么思考一定是我在旅途中的背包。没有它，我无法安然度过每一天。 #思维旅行,0.0,0.08,0.29,0.36,0.28,0.1
刚刚听完一场演讲，讲到人类如何应对未知的未来。忽然意识到，或许我们不必去了解所有的未来，活在当下才是最真实的存在。 #存在主义思考,0.0,0.0,0.32,0.48,0.06,0.13
人生的意义，到底是追寻真理，还是追求自由？一时迷茫，一时清晰。生活总是充满这种矛盾。 #深度反思,0.0,0.06,0.17,0.35,0.36,0.11
有人说：“只有认清自己的局限，才能超越它。”这句话我认为也适用于我每一次失败。 #理性自省,0.0,0.0,0.44,0.5,0.09,0.0
生活中，真相常常被隐藏在复杂的系统背后。我们追寻的，是如何在混乱中寻找出路。 #系统思维,0.0,0.08,0.13,0.73,0.0,0.0
今天在咖啡店看到一个人忙得不可开交，但他却始终没有焦虑，反而显得悠然自得。突然想，或许他早已接受了世界的混乱。 #生活感悟,0.12,0.0,0.46,0.25,0.25,0.12
有时候，看见别人付出努力才得到一点点进展，我突然意识到，努力不一定有结果，但放弃一定没有结果。 #生活哲理,0.0,0.0,0.3,0.31,0.44,0.0
假如有人告诉我，未来的某一天我可以成为一名成功的哲学家，我肯定会问他：什么是“成功”？ #哲学思维,0.0,0.0,0.31,0.62,0.0,0.11
如果说思想是一座牢笼，那么我愿意将自己关在这座牢笼里，享受思考带来的自由。 #思维的束缚,0.14,0.0,0.24,0.5,0.1,0.0
生活中，总有些人觉得一切都可以通过“聪明”解决，但往往忽略了“感性”的力量。 #理性与感性,0.0,0.0,0.19,0.63,0.22,0.0
昨天试着将几本哲学书从头读到尾，结果发现，不是书太难，而是我的专注力在第三页就被困住了。 #专注力测试,0.0,0.19,0.0,0.32,0.35,0.16
思考到今天，突然明白一个道理：我们对于复杂的事物充满敬畏，然而最简单的事物，往往才是最具启发性的。 #生活的哲学,0.0,0.0,0.58,0.33,0.0,0.13
我发现，在解决问题时，总会陷入对细节的过度分析，而忘记了整体的简洁性。大概这就是典型的INTP特质吧。 #思维方式,0.06,0.0,0.05,0.61,0.12,0.06
看完《现代物理的故事》，感觉自己可以开一门课程了：如何在不懂的领域装得像个专家。 #自嘲,0.07,0.0,0.51,0.35,0.13,0.06
今天再次感受到，理性与情感之间，存在着无法逾越的沟壑。每当情感与理性交错，我的内心总会陷入一阵骚动。 #内心冲突,0.16,0.15,0.07,0.24,0.4,0.08
看似漫无目的的散步，其实是我整理思绪的最好时机。步伐慢些，脑袋清醒些。 #思维漫步,0.0,0.0,0.65,0.31,0.07,0.0
既然无法避免被社会压力压迫，那我便选择在压力中找寻个人的自由。 #生活的艺术,0.1,0.0,0.45,0.45,0.0,0.07
其实“真正的自由”，可能就是从不受限于对他人期待的束缚，活成自己最想要的样子。 #自由哲学,0.0,0.0,0.43,0.54,0.0,0.1
最近学会的一个道理：生活不是要去寻找理想，而是去接受现实中的不完美。 #生活真相,0.0,0.0,0.5,0.35,0.08,0.1
深夜反思，发现自己的人生似乎总是在思考中度过，而不是体验中。这也是INTP的“宿命”吧。 #深夜思考,0.0,0.09,0.13,0.24,0.51,0.12
关于生活，我已经放弃了“追求完美”的想法，更多的是接纳生活的“缺陷”。 #生活哲学,0.0,0.0,0.43,0.46,0.17,0.0
刚刚翻看了自己写的笔记，发现自己似乎更喜欢与问题周旋，而不是直接寻找答案。 #问题探索,0.0,0.0,0.26,0.62,0.08,0.1
