posts,angry,fear,happy,neutral,sad,surprise
为什么人类总是愿意在已知的困境中沉溺，而不是勇敢地探索未知的可能？是舒适区的麻木，还是恐惧未知的本能？这种矛盾，我似乎永远也无法解答。#思考中#,0.08,0.19,0.0,0.25,0.48,0.14
如果时间只是一个维度，那么生命究竟是如何在其中流动的？是不是我们一直在追寻意义，才让一切显得如此复杂？有时候，深思的结果反而让一切更加模糊。,0.0,0.05,0.0,0.45,0.45,0.18
今天突然想到，人的大脑是不是也有“负载过载”的时候？总是在消化和吸收信息的同时，内心却是空白的。过多的输入，反而让思维变得空洞。,0.1,0.0,0.0,0.31,0.48,0.18
每次看到人们为琐碎的事情争论不休，我就开始反思：到底是什么让我们如此执着于一些微不足道的事？是习惯？还是对某种虚幻安全感的依赖？,0.26,0.07,0.0,0.16,0.4,0.22
“做事要有逻辑！”这句话听起来总是那么简单，但真正去理解背后的含义时，才会发现，连最简单的决定背后，都是无数层次的逻辑推演。,0.0,0.0,0.33,0.42,0.11,0.14
有时候，最简单的哲学问题反而最难回答。比如，我们真的是自由的吗？在既定的框架里，所谓的“自由”不过是选择有限的自由，才是最真实的吧。,0.0,0.0,0.17,0.44,0.17,0.13
每当我试图从理论上分析某个问题，往往在开始的几分钟内就会发现，我自己也开始迷失在这些条理清晰的逻辑之中。不禁感叹，逻辑的美丽就是如此复杂。,0.06,0.0,0.07,0.15,0.48,0.2
现在回想起来，小时候的我似乎比现在更加快乐。那时候没有复杂的选择，也没有无休止的推敲，似乎幸福就是这么简单。可人，真的可以回到最初的简单吗？,0.0,0.0,0.58,0.0,0.36,0.14
人类的情感如此复杂，甚至连理性也无法完全解释清楚。每当你认为自己理解了人类的情感，就会发现，总有一些地方是不容理解的。,0.06,0.0,0.06,0.51,0.29,0.08
好像每当我努力去解构一个概念时，结果是我自己反而陷入了更深的迷惑。这是因为我认为自己总能透过表象看到本质，而现实却总是在不断出乎我的意料。,0.0,0.05,0.0,0.32,0.53,0.14
最近看了一篇关于“未来科技会否取代人类”的文章。结论是，未来技术将极大地推动社会进步，但它不会完全取代人类。可是，我依然有些怀疑，科技的潜力总是超出我们的预期。,0.0,0.09,0.0,0.46,0.2,0.19
人为什么总是喜欢给一切加上意义？或许这就是人类的生存之道，我们用意义来抵御未知的恐惧。可有时候，越是追求意义，越发现自己被困在一个无解的谜题里。,0.0,0.13,0.15,0.3,0.39,0.07
有时候想，或许真正的“智慧”并不是总能找到正确的答案，而是在无数个问题面前，依然保持思考的能力和对未知的好奇心。,0.0,0.0,0.76,0.21,0.07,0.0
这世界太过复杂，每一个观点背后都有无数的假设。最难的不是找到答案，而是意识到每一个答案的局限性。我们所认为的真理，或许只是另一个阶段的假设。,0.0,0.0,0.15,0.69,0.08,0.05
有时候，我真想静下心来做个无为的旁观者，静观一切的起伏与变迁。可是，内心总是忍不住去思考，去质疑，去推翻一切。,0.08,0.0,0.09,0.17,0.66,0.0
说到底，所有的追求不过是试图填补内心的空虚。可是，空虚的本质是什么呢？是对未来的焦虑？是对自我的不满？或许，是人类对“存在”的终极反思。,0.0,0.0,0.1,0.45,0.29,0.08
看过一个哲学观点：我们永远不能完全理解另一个人的思想。每个人都是自己思想的囚徒，不能完全走入他人的内心世界。想法再相似，也总有无法跨越的鸿沟。,0.0,0.0,0.1,0.59,0.32,0.0
我发现，理解世界的方式有千千万万种，而每种方式都有其独特的局限。也许，我们追求的并不是最正确的答案，而是寻找属于自己的那条道路。,0.0,0.0,0.42,0.5,0.13,0.07
有时觉得，自己就像一个永远不满足的思想实验者，总是在不断探索、验证，却从未得到最终的解答。也许，这就是知识的乐趣所在吧。,0.05,0.0,0.51,0.13,0.31,0.0
人类的矛盾，总是在于理性与感性之间的拉锯。每当理性占上风时，内心却总是渴望着感性带来的慰藉。或许，这就是人类的命运。,0.0,0.0,0.11,0.49,0.32,0.0
世界上最难的事情，大概就是在矛盾中找到平衡。理性告诉你应该做什么，而感性却让你动摇。最终，我们的选择，往往是在这两者之间找到的微妙平衡。,0.0,0.0,0.33,0.58,0.15,0.08
说真的，生活中的每一件小事，似乎都在考验着我们的耐性和决策能力。每一个选择，都藏着深刻的哲学命题，而我们，却往往被眼前的琐事困住了。,0.0,0.0,0.1,0.43,0.45,0.0
我有时想，既然我们无法改变已发生的事情，那为何不去接受它们呢？可这似乎总是一件非常困难的事。于是，我们又陷入了对过往的不断反思与否定中。,0.08,0.0,0.0,0.28,0.54,0.0
自从开始思考“人类的存在意义”这一问题后，发现一切都变得异常复杂。每个回答似乎都可以推翻，最终，我只能放弃这些无休止的思考，转而关注眼前的现实。,0.0,0.0,0.0,0.44,0.5,0.06
今天突然想到，所谓的“绝对真理”是什么呢？每个人的认知框架不同，所获得的答案也各不相同。也许，所谓的真理，只是我们自己创造出来的幻象。,0.0,0.0,0.0,0.44,0.18,0.3
生活中的许多事，往往并没有一个标准答案。每个人的经历不同，思维方式也不尽相同。你可以对某件事深思熟虑，而别人也许只是轻描淡写一笔带过。,0.0,0.0,0.2,0.69,0.21,0.05
说到人的选择，似乎每一项决定都有它的代价。不管是理性选择还是感性冲动，最终的结果，往往会让你感叹：“曾经的选择，竟是如此重大。”,0.0,0.05,0.08,0.18,0.33,0.31
最近对哲学产生了些许兴趣。对于许多复杂的问题，似乎永远没有最完美的答案。而我总在这种无解的状态中，不断追寻某种似乎触手可及的真理。,0.0,0.0,0.21,0.33,0.29,0.0
每个人的世界都如同一个独立的宇宙，我们每个人都在自己的宇宙中漂浮、思考、挣扎。即使与他人交往，最终我们还是孤独的存在。,0.0,0.0,0.0,0.51,0.54,0.0
有时候觉得，自己一直在和时间赛跑。仿佛不抓住一切机会，就会被抛在后面。可是，每当我放下这一切时，却又发现，自己对世界的理解并没有变得更深。,0.0,0.0,0.09,0.07,0.82,0.07
人类的社会，总是给我们很多标准答案，告诉我们应该如何生活。但每个人的内心世界，却又如此复杂。也许，我们永远无法简单地遵循这些标准。,0.0,0.0,0.0,0.5,0.35,0.13
今日深思，人的思维往往是感性与理性之间的一个反复拉扯过程。感性让我们容易做出冲动决策，理性则告诉我们应该保持冷静。最终，决定往往由我们内心的欲望所主导。,0.0,0.0,0.21,0.82,0.05,0.0
看到有人把所有问题都归结为“做与不做”的选择，我不禁感叹：人类的世界怎么如此简单？但回过头来，我发现自己也在做着同样的简化。,0.08,0.0,0.13,0.17,0.26,0.32
有时想，人生的意义是不是就是在这无尽的选择中，找到一个自己能够接受的答案？无论如何，最终我们都只能在有限的时光里活出自己的样子。,0.06,0.0,0.33,0.14,0.39,0.12
世界上最复杂的事，莫过于人类的关系。每个人都有自己的立场和需求，而我们，却总是在不停地调整、磨合，寻找到一种共处的方式。,0.0,0.0,0.16,0.64,0.25,0.0
思考的过程往往比答案更重要。答案虽然能带来片刻的满足，但思考却能够引领我们不断探索未知，发现更多可能。,0.0,0.0,0.62,0.49,0.0,0.0
其实，有时候你会发现，放弃思考也是一种智慧。让自己暂时脱离困扰，才能真正放松心情，回归内心的平静。,0.0,0.0,0.63,0.41,0.05,0.0
今天试着用“系统化”的方法思考生活的种种问题。结果发现，这样的思考方式并不是万能的，它会让你错失一些直觉的细节和偶然的灵感。,0.0,0.0,0.1,0.62,0.16,0.1
所谓的成长，是从无知到有知的过程，但也是从有知到无知的过程。在掌握越来越多知识的同时，我开始发现，自己依然不知道很多事情。,0.0,0.0,0.08,0.27,0.66,0.09
有时觉得人类的所有争论和矛盾，最终都来源于各自的思维局限。每个人都认为自己的思维模式是最正确的，而这种错位的认知，成了纷争的根源。,0.0,0.0,0.0,0.64,0.28,0.0
人类的思维真奇妙，总是在未知面前既充满好奇，又充满恐惧。我们既渴望真理的揭示，又害怕真理带来的冲击。,0.0,0.32,0.32,0.22,0.08,0.06
每次分析某个问题时，我总希望能从最根本的角度去理解。但往往，越是深入，问题反而变得更复杂，陷入更多的假设和变数。,0.06,0.0,0.0,0.59,0.29,0.0
有时候，人与人之间的理解真是千差万别。你以为自己已经理解了对方，但在对方眼中，自己的思想又有多少是可理解的呢？,0.0,0.0,0.07,0.37,0.29,0.28
思考这个过程，总让人感到一种虚无感。每一次自认为找到了答案时，接踵而来的是新的疑问和新的挑战。最终，是否真的有答案？,0.0,0.08,0.09,0.35,0.35,0.14
今天又开始怀疑，我们是不是只不过在轮回中不断重复相同的选择。每个人的一生，究竟是一个真正的选择，还是被命运牵引的必然？,0.0,0.08,0.0,0.25,0.41,0.34
看着身边的人做出决策，总是能感觉到一种隐隐的不安。是因为他们自己不够了解自己，还是因为每个决定背后，都藏着不可预知的后果？,0.0,0.18,0.0,0.26,0.48,0.2
我常常感叹，人在面对生活中的复杂性时，总是容易陷入固有思维的框架。许多问题，如果能换个角度看，或许会更容易找到解决之道。,0.0,0.0,0.14,0.55,0.25,0.08
每次被一件事困扰时，我总是尽力让自己跳脱出当前的框架。这样才有可能真正解决问题，而不是一味地纠结其中。,0.0,0.0,0.5,0.43,0.0,0.0
反复思考后，我发现人生其实并没有多少可以确定的答案。许多问题的答案，都在不断变化，随时间和环境而改变。,0.0,0.0,0.15,0.51,0.32,0.17
今日感悟，或许我们每个人都是某个未解之谜的解答。答案永远是模糊的，但过程却是值得记录和思考的。,0.0,0.0,0.57,0.41,0.07,0.0
