posts,angry,fear,happy,neutral,sad,surprise
今天花了一下午搞音乐编曲，结果发现我整个项目的灵感都来自于一个梦。多亏了那段睡梦中的乱七八糟，才能在白纸上找到了些许方向。#自带灵感的梦境,0.0,0.0,0.58,0.16,0.0,0.21
人生的最大挑战是找到既能独立思考，又能保持社会互动的平衡。今天我发觉，很多问题的答案都藏在不说话的瞬间。#独立思考 #社交距离,0.0,0.07,0.15,0.5,0.21,0.11
刚刚为了某个小项目读了一堆材料，结果发现问题根本不在技术，而在我们对“问题”的定义上。#重新定义问题,0.11,0.0,0.0,0.59,0.07,0.18
发现自己越来越能在无意义的对话中保持耐心。可能是找到了理解世界的小钥匙吧——对话其实就是让你理解自己。#哲学式对话,0.0,0.0,0.68,0.28,0.08,0.07
不明白为什么人们总是喜欢大谈特谈他们的“经历”。对我而言，经历只是“数据”，而数据的价值是——分析。#理性思考 #数据驱动,0.07,0.0,0.13,0.59,0.06,0.08
这几天学了点Python，终于可以用它来处理我那一堆碎片化的信息了。感觉人生一片光明。#程序员的日常,0.0,0.0,0.88,0.05,0.0,0.0
关于感情，我总结出一个理论：人与人之间的关系，很多时候就是一场概率论。互相吸引，互相排斥，结果是随机的。#情感逻辑,0.0,0.0,0.14,0.74,0.0,0.0
今天又陷入了一场无解的哲学思考：意识是什么？我们是如何从无到有的？然而我依然没个准答。#深夜哲学,0.09,0.09,0.0,0.26,0.35,0.19
突然想到，如果用时间来衡量人生的价值，那每一个选择是不是都变得更加重要呢？#时间的价值,0.0,0.0,0.45,0.25,0.13,0.27
今天写完一篇关于未来科技的文章，感觉自己像个未来学家。现实却让我意识到，科技进步永远都比我们的预期要慢。#未来已来,0.09,0.06,0.22,0.25,0.32,0.11
其实我已经不再纠结自己的兴趣了，反而觉得探索未知才是最吸引人的事。今天去参加了一个展览，意外地有了新的感悟。#探索未知,0.0,0.0,0.81,0.07,0.0,0.1
研究人类行为已经成了我日常的一部分。最让我迷惑的是，为什么即便明知道某些行为会带来负面后果，人们还是会去做？#人类行为学,0.12,0.06,0.05,0.4,0.0,0.3
写作的时候，我总会陷入一个死循环——要么是表达不清楚，要么是思维太跳跃。#自我批评 #写作困境,0.11,0.14,0.0,0.26,0.47,0.0
和朋友聊天时，总是被他们的生活方式搞得有些困惑。大家都在忙碌，而我则在安静的世界里琢磨一个个小问题。#内向世界,0.05,0.0,0.18,0.47,0.16,0.15
发现自己越来越喜欢一个人呆着，静静地分析周围的世界。别人看见的“喧嚣”，在我眼里却是另一种哲学课题。#独自思考,0.06,0.0,0.53,0.23,0.21,0.11
在分析别人的行为时，发现自己变得有些冷静。可是，这种冷静到底是智慧的体现，还是情感的缺失呢？#情感与理智,0.0,0.07,0.1,0.46,0.36,0.15
参加了一个关于人工智能的讲座，脑袋被各种公式和算法充斥。忽然明白，或许未来的世界并不需要我们理解一切，只需要做出选择。#AI的未来,0.0,0.0,0.31,0.31,0.15,0.14
每次看到人们因为追求完美而纠结时，我总是感叹，完美本身就是一个相对的概念。真正的自由是接受不完美。#完美主义的陷阱,0.12,0.08,0.08,0.4,0.23,0.0
最近迷上了非线性思维。解决问题不再依赖一成不变的逻辑，而是通过多维度的交叉分析来得出结论。#创新思维,0.0,0.0,0.4,0.53,0.0,0.0
发现自己逐渐开始关注身边人的心理状态。分析人的行为，竟然让我产生了无尽的兴趣。#心理学入门,0.0,0.0,0.44,0.19,0.07,0.31
今天重新翻看了几本心理学书籍，意识到很多行为模式其实都可以通过算法来预测。人类真是有趣的生物。#人类行为预测,0.06,0.07,0.62,0.18,0.0,0.21
没什么比在自己设定的“无聊”空间里，分析他人生活更加有趣了。毕竟，每个人都像一个复杂的算法，不同的输入，产生不同的输出。#观察者心态,0.06,0.0,0.34,0.5,0.06,0.0
感觉自己活得越来越像一本书。每一页都有自己的章节，每一章节又有属于它的故事。只是，有些故事开始慢慢消失。#自我剖析,0.0,0.05,0.32,0.3,0.49,0.0
不明白为什么大家总是那么看重“成功”。成功真的是那么重要吗？我更看重的，是在探索过程中获得的思考和感悟。#成功的虚伪,0.06,0.0,0.24,0.27,0.29,0.13
刚刚突然想到，自己曾经迷失过，曾经试图去适应周围人的生活。但现在，我明白了真正的自我，可能就是和世界保持距离的那份独立。#独立自我,0.0,0.08,0.42,0.21,0.23,0.13
我曾想过，或许能通过人类情感的分析，得出一些可以预测未来的公式。毕竟，情感和决策，背后有着不为人知的规律。#情感算法,0.0,0.0,0.05,0.76,0.0,0.07
每当我回想过去，总是对某些时光感到困惑。生活中的“合理性”到底来自哪里？每一段历史，似乎都充满了未知。#过去的疑问,0.0,0.13,0.0,0.39,0.3,0.25
做任何事时，我都像一个探索者，永远不满足于现有的答案。每个问题背后都隐藏着一个更深的谜团。#探寻未知,0.0,0.09,0.25,0.55,0.0,0.06
最近重新拾起了物理学书籍。看到光速和时间的关系，脑海里突然闪过一个问题：如果意识可以超越时间的界限，我们还能做什么？#时间的谜题,0.0,0.09,0.05,0.53,0.08,0.26
和朋友讨论时，我常常突然跳脱到一个完全不同的维度，大家都会觉得我在“跑题”。可我明白，我正在思考更深层次的问题。#跳跃思维,0.0,0.0,0.34,0.39,0.07,0.17
我总是把一切都看作是一个复杂的系统，甚至把自己的人际关系也做成了一个算法模型。毕竟，生活本身就是一连串的因果关系。#系统思维,0.0,0.0,0.12,0.7,0.0,0.0
试图用机器学习的方式分析自己的人生轨迹，但每一次尝试都会发现，人生的“数据”并不像我想象的那样可预测。#人生预测,0.0,0.09,0.15,0.46,0.21,0.16
今天做了一些关于人际互动的实验，结果发现，人类的情感往往无法用简单的逻辑来解释。这是我最感兴趣的部分。#情感实验,0.0,0.06,0.19,0.65,0.0,0.06
朋友说我最近有点“冷”，但我知道那不是冷漠，而是我正在尽力避免无意义的社交。毕竟，时间太珍贵了。#精简社交,0.06,0.0,0.5,0.28,0.23,0.0
今天看到一个有趣的理论，认为我们每个人都生活在自己的“宇宙”中。突然想，或许我们都在一个看不见的平行宇宙中，互相交错。#平行宇宙,0.0,0.0,0.14,0.55,0.0,0.2
最近在思考：如果人类意识真的能够“升级”，会不会我们每一个人都变成了某种超级智者？而这些问题，或许永远不会有答案。#意识的未来,0.0,0.09,0.1,0.55,0.0,0.2
今天在咖啡馆里，突然意识到，生活中的每个细节都可以成为灵感的源泉。只要你愿意停下来观察。#生活的灵感,0.0,0.0,0.66,0.31,0.0,0.11
生活对我而言，不再是目标的追求，而是一个个碎片化的思考。我喜欢在这些碎片中找到属于自己的逻辑。#碎片思维,0.0,0.0,0.55,0.43,0.0,0.07
发现自己越来越喜欢深夜时分，因为那个时候的思维最清晰。夜深人静，世界仿佛突然变得安静，充满了无穷的可能性。#夜晚的思考,0.09,0.0,0.71,0.15,0.08,0.09
最近开始阅读一些心理学书籍，意识到人类行为和决策的背后，往往有着不为人知的规律。#心理学的迷惑,0.0,0.05,0.12,0.59,0.09,0.13
有时候，我怀疑自己是不是把太多精力投入到了“思考”中，忘记了生活本身的意义。#反思时光,0.0,0.13,0.08,0.21,0.58,0.0
做一件事时，我总是分析得太多。是时候学会放下，允许自己做出不那么完美的选择了。#完美主义的解脱,0.0,0.0,0.48,0.28,0.26,0.06
最近发现自己越来越看重“本质”而非“外在”。很多事情，表面看起来很完美，实际上却充满了虚伪。#本质主义,0.06,0.0,0.1,0.32,0.4,0.07
我开始意识到，生活不一定非要充满意义。很多时候，享受当下的瞬间，才是最真实的生活。#活在当下,0.0,0.0,0.71,0.21,0.05,0.07
每次看到他人对未来的设想，我都忍不住想：是不是过于理想化了？人生的轨迹，谁又能完全控制呢？#理想与现实,0.12,0.0,0.0,0.24,0.38,0.24
生命中的每一天，都是一次小型的实验。你无法预知结果，但你可以控制过程。#实验人生,0.0,0.0,0.46,0.59,0.0,0.06
和朋友讨论科技时，意识到我们对于“未来”的想象，终究会落后于科技本身的发展。#科技进步,0.0,0.0,0.17,0.59,0.14,0.07
最近对虚拟现实产生了浓厚兴趣。它能否改变我们看待世界的方式呢？我想，我们每个人都将进入一个全新的维度。#虚拟现实的未来,0.06,0.0,0.34,0.57,0.0,0.13
今天学了一些关于创造力的课程，突然意识到：真正的创造力来自于对“无意义”的探索。#创造力的源泉,0.0,0.0,0.38,0.48,0.0,0.07
我总在琢磨：如果人的思想能直接影响世界，是否我们可以改变生活的每个细节？#思想与现实,0.08,0.0,0.09,0.57,0.0,0.25
