posts,angry,fear,happy,neutral,sad,surprise
看这篇关于量子计算的论文，突然想到，如果真的能通过量子纠缠让信息瞬间传递，那是不是就可以解决人类最早的通信难题？不过，这个“瞬间”要在量子世界里看清楚，不简单。,0.0,0.06,0.21,0.44,0.0,0.33
最近一直在思考“智能”是什么。很多人把“智能”定义为能解决复杂问题的能力，但如果问题本身并不复杂，是不是智能也变得毫无意义？,0.0,0.0,0.0,0.64,0.13,0.17
我开始怀疑，我们的社会系统是不是就是一个巨大的算法。每个人都有自己的“输入”，然后根据这些输入反馈出不同的“输出”。问题是，谁在调节这个算法？,0.15,0.0,0.0,0.53,0.0,0.22
昨天在书店看到一本关于“超感知”能力的书，我忽然想到，如果真的有能力看透未来，那这个能力的代价会不会是对当前世界的彻底疏离？,0.0,0.11,0.0,0.38,0.31,0.3
为什么我们总觉得自己理解不了别人，尤其是那些行为极其“不合逻辑”的人？或许我们只是太过依赖逻辑框架，而忘记了情感也有它的“逻辑”。,0.14,0.0,0.0,0.41,0.36,0.13
看到一句话：“如果人类能理解宇宙的真理，那么人类就无法再继续活下去了。”突然觉得，这也许是所有哲学问题的终极目的——让我们最终无法承受真相。,0.08,0.07,0.0,0.29,0.45,0.13
最近开始翻阅一些关于时间旅行的科幻小说。想了想，如果有一天能穿越回过去，见到过去的自己，我们会有怎样的对话？是不是会像见到一个陌生人？,0.0,0.0,0.34,0.37,0.13,0.32
无聊的科学实验总是让我想起，现实世界本身就像一场实验。我们每个人，都是这些实验的“参与者”，但大多数时候我们连实验的目标是什么都不知道。,0.15,0.0,0.0,0.37,0.41,0.07
听到一个说法：如果一个人活得太理性，最终会失去活着的动力。那么，理性与情感的平衡，才是人类持续向前的真正动力。,0.0,0.0,0.38,0.62,0.0,0.0
不知道大家有没有过这种体验，明明对一个问题有了结论，但总觉得还有什么东西没有考虑到。也许这就是思维的局限性，真正的答案常常藏在未知的角落。,0.06,0.0,0.0,0.41,0.47,0.09
想起前几天看到的一段话：“真正的自由是意识到自己没有选择。”这是对自由最深刻的解构，也让我思考自由的真正意义——是否我们从未真正拥有它？,0.0,0.0,0.21,0.35,0.21,0.18
生活中最让人困惑的，不是遇到的问题本身，而是我们总试图从一个固定的视角去解决它。而有时候，问题的真正解答恰恰来自于你所忽略的“其他维度”。,0.0,0.0,0.0,0.69,0.16,0.12
总觉得“成功”这个词有点空洞，很多时候我们都追求某种看似明确的目标，但其实那是别人设定的。也许成功的真谛，应该是你自己给出的定义。,0.0,0.0,0.21,0.36,0.32,0.2
刚刚突然想到，如果“意识”真的是量子现象的一部分，那么我们每个人的存在本身是否就已经是一个不稳定的量子态？嗯，这个想法有点深。,0.0,0.0,0.07,0.52,0.0,0.29
最近在思考一个问题：我们是否永远无法理解“他人”的真正思想？也许每个人的思维深度和宽度都不同，真要达到理解，可能是一个无法实现的目标。,0.0,0.0,0.0,0.56,0.26,0.14
哲学家总说“存在即合理”，但我总觉得这句话没有考虑到“偶然”的因素。世界的合理性，真的可以通过逻辑推理完全涵盖吗？,0.09,0.0,0.0,0.58,0.1,0.18
看了一部电影，讲的是关于科技与人性之间的矛盾。让我想到，或许人类最深层的恐惧，不是科技的发展，而是它是否会让人类失去人性。,0.0,0.27,0.0,0.51,0.21,0.14
最近迷上了一些关于人类认知的书籍，意识到底是如何在大脑中形成的？如果我们能理解这一点，是不是就能真正掌控自己的命运？,0.0,0.0,0.19,0.54,0.0,0.28
想过一个问题，未来的科技是否会让我们彻底摆脱生物学的局限？但如果我们不再受生理法则约束，那么人类是否还能保持“人类”的本质？,0.0,0.0,0.0,0.71,0.0,0.16
今天看到一个很有趣的观点：如果人类是宇宙中的一颗尘埃，那么我们的挣扎和希望，到底是值得的吗？是为了什么而存在，才是最重要的问题。,0.0,0.0,0.2,0.48,0.12,0.11
有时候我在想，如果我们能完全理解宇宙的运行规律，那会不会真的一切都不再那么复杂？毕竟，理解了“规则”，就可以“破局”了。,0.0,0.0,0.18,0.52,0.18,0.21
互联网时代，人人都可以分享自己的想法，但其实我们并不是在互相理解，而是在互相“展示”自己的“个体性”。真实的交流，可能正在消失。,0.0,0.0,0.11,0.66,0.18,0.0
昨天和朋友讨论“时间”这个话题。我觉得时间不仅仅是一个量度，它本身可能是一个存在的“维度”，它如何运作，我们还不完全理解。,0.0,0.0,0.0,0.78,0.0,0.1
今天又思考了一个老问题：人类的“自由意志”到底是存在的，还是我们只是被内外环境“编程”了？也许这个问题永远没有答案。,0.07,0.0,0.0,0.5,0.15,0.22
看了一篇文章，说人的思维是非线性的，我突然觉得这太有道理了。我们每个人都在不断地“跳跃”，而这就是思维的魅力所在。,0.0,0.0,0.55,0.41,0.0,0.14
今天和一个朋友聊起未来的“智能城市”，我们都不禁想：如果所有的城市都变得“智能化”，那么人类的真正自由在哪里？难道我们只能在数据中生存？,0.12,0.0,0.0,0.45,0.1,0.31
如果意识真的可以独立于物质存在，那我们所谓的“现实”是否也只是一个巨大的幻觉？或许人类的认知系统本身就存在根本性的漏洞。,0.0,0.09,0.0,0.62,0.12,0.17
许多人说，科技的发展是为了改善人类的生活，但我总觉得，真正的进步并不是让生活变得更便利，而是让人类重新审视自己与世界的关系。,0.0,0.0,0.39,0.53,0.0,0.09
哲学常常让人感觉复杂，但仔细想想，它其实是我们思维的“工具”。没有这些“工具”，我们如何去探究、去理解这个混乱的世界呢？,0.0,0.0,0.08,0.67,0.08,0.07
我发现，很多人活得很焦虑，似乎永远在追求一种“稳定”。但我总觉得，人生本来就应该是不确定的，真正的稳定是学会在不稳定中找到平衡。,0.0,0.0,0.29,0.39,0.33,0.08
今天在翻一本书，突然意识到很多“经典”理论之所以经久不衰，是因为它们揭示了人类思维的普遍性，而我们可能还在为这些理论所困扰。,0.0,0.0,0.13,0.58,0.17,0.15
有人说，创造力是对现有规则的突破。可是如果每个人都能打破规则，那这个世界岂不是乱成一团？规则的存在，也许是我们所有创造力的基石。,0.09,0.0,0.14,0.58,0.06,0.09
如果“真理”只是相对的，那我们的生活是否也可以像一场永远无法完成的实验，无法得出最终答案，却也因此充满了意义？,0.0,0.0,0.08,0.55,0.37,0.11
人类常常觉得自己已经掌握了“世界的规则”，但一旦真正开始思考，你会发现，很多问题远超出我们认知的范围。也许“无法知晓”才是最真实的状态。,0.0,0.0,0.12,0.48,0.3,0.13
每次看科幻小说，都有一种奇妙的感觉。它们讲述的，往往是我们现实无法触及的世界。也许我们每个人，内心都渴望着一个“可能的未来”。,0.0,0.08,0.46,0.36,0.0,0.14
有时候，我会问自己：“我到底是为了什么而思考？”然后我发现，或许真正的答案就是——为了找到那份“未知”的美好。,0.0,0.0,0.39,0.16,0.22,0.23
看完一部纪录片，我突然对人类的历史产生了深深的疑问：我们所知的历史，是否只是一种“经过编辑的版本”？真相，可能永远无法完全揭示。,0.0,0.1,0.0,0.45,0.21,0.26
有人说，生活中最难的不是做选择，而是放弃选择。我觉得这话挺对的。我们总在徘徊，而真正的勇气，是在迷茫中做出选择，哪怕不知道结果。,0.0,0.0,0.61,0.23,0.18,0.05
其实，生活从来就没有标准答案。每个人都在试图找到自己的“规律”，而这些规律，也许正是我们理解这个世界的方式。,0.0,0.0,0.32,0.66,0.0,0.1
看到一个问题：“如果可以选择，想不想知道自己死后会发生什么？”我突然想，这个问题本身就很有趣。我们都在逃避死亡，但却对死亡充满好奇。,0.0,0.08,0.29,0.36,0.05,0.28
最近一直在想，人类的“理性”到底有多局限。每当我们觉得自己掌握了某些规律，新的发现就会让我们意识到，我们对世界的理解还远远不够。,0.0,0.0,0.1,0.44,0.28,0.0
今天又思考了一下“平行宇宙”这个概念。如果真的有无数个平行宇宙，那我们现在的选择和行为，是否在不同的宇宙中有着完全不同的结果？,0.0,0.0,0.0,0.75,0.0,0.16
听说最近有人提出了关于“虚拟现实”的新理论：如果我们已经进入一个虚拟世界，那我们如何定义“现实”？难道我们永远无法触及真正的世界？,0.11,0.07,0.0,0.57,0.07,0.31
昨晚做了一个梦，梦到自己生活在一个全新的社会，每个人都可以选择自己想要的人生路径。醒来后，我开始思考，如果真有这样的世界，人类会变成什么样？,0.0,0.0,0.18,0.28,0.23,0.34
我一直在想，人类最深层的恐惧是什么？是死亡？还是对“未知”的恐惧？不过，死亡和未知本身，或许就是我们探索世界的动力。,0.0,0.24,0.19,0.46,0.14,0.17
有人说，“理性”是人类的优势，但我总觉得，“非理性”的一面，才更能激发人的创造力。毕竟，很多科学发现，往往是在“不合逻辑”的情况下诞生的。,0.0,0.0,0.19,0.7,0.0,0.07
今天在反思自己，如果我的思维过于“条理化”，是否会错过一些本来应该从感性中得到的启发？理性与感性，究竟如何平衡？,0.06,0.0,0.0,0.46,0.32,0.18
最近阅读了一些关于“人工智能”的书籍，突然发现，很多人工智能的思维方式，竟然和人类的直觉有些相似。这种相似性，真的是偶然吗？,0.0,0.11,0.0,0.24,0.0,0.71
昨天看到一个研究，讲的是人类如何通过“反馈机制”来优化自己的行为。我突然想到，这不就是人类社会的“自然选择”吗？,0.06,0.0,0.0,0.44,0.0,0.36
一直在想，现代人为什么总是活得那么焦虑？是因为我们对未知的恐惧，还是因为我们过于追求一种“理想”的生活方式？,0.16,0.24,0.0,0.19,0.45,0.31
