posts,angry,fear,happy,neutral,sad,surprise
你看，生活不就是一个无尽的实验吗？试试这个、再试试那个，直到找到最适合的方式。今天决定尝试早睡，看看会发生什么有趣的变化。,0.16,0.0,0.63,0.23,0.0,0.1
说实话，真不知道为什么我总是对一些非主流的事物产生兴趣。可能是好奇心作祟？探索未知总比一成不变的生活来得刺激。,0.07,0.09,0.31,0.17,0.06,0.27
我今天的脑袋好像被无限算法压住了。一个理论，接着一个理论，最后又回到最初的疑问：这就是所谓的思维涡旋吗？,0.26,0.09,0.0,0.23,0.19,0.32
为什么人们总是偏爱简单的答案？我们明明知道，事情大多数时候都远比表面复杂，但大家总是喜欢快速解决问题。奇怪。,0.13,0.0,0.0,0.22,0.0,0.57
有时候真的觉得，社交媒体上大家给出的意见实在是太过于表面。似乎深度思考的能力正逐渐消失，没人喜欢复杂的东西，真可惜。,0.12,0.0,0.0,0.2,0.7,0.06
明明是你自己的选择，为什么非要责怪外界？人类习惯用“命运”作为借口来解释不如意的事。真的是挺有意思的。,0.46,0.0,0.31,0.09,0.16,0.18
最近越发觉得，人与人之间的互动越来越像是“数据交换”而非真实沟通。大家好像越来越不懂如何真正理解彼此。,0.1,0.0,0.0,0.43,0.31,0.19
总觉得现在的世界充斥着大量无意义的噪音，大家总是在发声，却少有人真的在听。这也许是社交媒体的最大弊端。,0.31,0.0,0.0,0.45,0.18,0.08
生活中充满了假设，如果一切都是为了验证假设而存在，结果又如何呢？你能否找到一条真正属于自己的路？,0.0,0.0,0.18,0.46,0.3,0.13
为什么每次试图解释某个概念，最终都变得复杂到不行？这大概是我对哲学的痛苦理解吧。解释越深入，问题越模糊。,0.16,0.0,0.0,0.34,0.4,0.15
就算我不常公开讨论，我依然在观察。人与人之间微妙的行为模式总是能让我深思。有没有可能，这就是我们认知世界的方式？,0.07,0.06,0.36,0.44,0.07,0.21
似乎每当我试图组织语言时，总是会不自觉地用上太多复杂的词语。是不是有些话不应该那么复杂？不过，我依然坚持我的方式。,0.0,0.0,0.68,0.15,0.17,0.0
今天想到了一个有趣的观点：如果我们只是为了别人认可而活，岂不是把自己的存在建立在别人的评价之上？这不是挺不自由的吗？,0.58,0.0,0.0,0.26,0.06,0.15
“思维实验”这个概念真是太吸引我了。想象如果我们把世界的规则变得不一样，结果会如何？又或者，根本不需要规则呢？,0.07,0.0,0.29,0.32,0.0,0.42
看了一个讲量子物理的纪录片，真的有点搞不懂那个“波函数坍缩”的概念。也许理解这些“非直观”的事物才是真正的乐趣吧。,0.0,0.0,0.26,0.32,0.08,0.26
假设未来的世界不再需要言语交流，而是通过心灵感应，那人与人之间的关系会变得怎样呢？又或者这种方式会导致新的困境？,0.0,0.15,0.0,0.64,0.07,0.23
每个人都在用自己理解的框架来解读世界。问题是，所有的框架都有局限，或者根本无法涵盖真相。永远在探索，但却无法触及核心。,0.11,0.0,0.0,0.59,0.3,0.06
今天偶然想到了一个问题：如果时间是相对的，那我们如何定义一秒钟的意义？你有没有过在一瞬间觉得时间变慢的体验？,0.13,0.0,0.0,0.43,0.12,0.32
有时候会觉得，生活中的许多困惑其实并没有明确答案，而是我们赋予它意义。也许，我们的思维本身就构成了问题。,0.0,0.0,0.0,0.58,0.36,0.12
这不禁让我想到，如果我们站在不同的维度观察问题，可能会得出完全不同的结论。人类的认知，真的是有限的。,0.08,0.0,0.0,0.41,0.22,0.22
深度学习这些复杂的算法到底会给我们带来什么？是改变世界，还是带来更多看似合理却实际无解的问题？,0.12,0.06,0.0,0.61,0.0,0.29
其实我总是喜欢从不同的角度去看问题。大多数人喜欢从一个明确的路径走下去，但问题往往就在那些岔路上。,0.0,0.0,0.12,0.56,0.26,0.09
今天有点无聊，就去看了一些哲学书籍。结果发现，很多哲学家的结论都在问“人活着究竟为什么”。我们每个人的回答又是什么呢？,0.0,0.0,0.0,0.46,0.06,0.35
为什么很多人都觉得要活得有目标？活在当下不行吗？目标无非是为了获得认同，但人真的需要认同来证明存在吗？,0.13,0.0,0.06,0.33,0.15,0.29
最近突然有个想法，或许世界本身没有真正的意义，所有的意义都是我们自己赋予的。你怎么看？,0.09,0.0,0.09,0.45,0.11,0.26
细想一下，我们对世界的理解其实是被我们的思维框架限制的。你说，若是能跳出这个框架，会发现一个完全不同的世界吗？,0.05,0.0,0.07,0.56,0.0,0.33
有时候会觉得，人的理性和感性之间的关系太复杂了。我们以为是理性在主导，但很多时候，是感性在左右我们的决策。,0.0,0.0,0.0,0.51,0.2,0.18
科技越来越发达，但有时候我会想，科技的发展是否真的让我们过上了更好生活，还是只是让我们陷入了更复杂的“圈套”？,0.11,0.0,0.0,0.3,0.32,0.22
有人说，人是社会性动物。我却总觉得，人更像是孤独的生物，外界的社交不过是装饰，真正的自我却是孤立的。,0.0,0.05,0.0,0.53,0.38,0.0
我一直在想，如果我能完全跳出时间的限制，完全看待世界，那一切的纷繁复杂是否就会迎刃而解？,0.07,0.0,0.26,0.37,0.16,0.25
每当我尝试去理解一个新的领域，都会感到无比的兴奋。毕竟，探索未知的过程，比结果本身更加引人入胜。,0.0,0.0,0.77,0.15,0.0,0.0
我经常想，若是我们能通过某种方法打破固有的思维模式，是否能解决目前所有的困惑？但很难，或许这就是思维的局限性吧。,0.0,0.05,0.0,0.54,0.17,0.19
每当遇到难题，我都会退后一步，重新审视。从不同的角度分析，或许能找到突破点。每个复杂的问题都有它背后的简单逻辑。,0.0,0.0,0.35,0.64,0.0,0.0
最近一直在思考，信息越发达，越容易让人迷失自己。我们拥有的资讯太多，结果却常常忽视了最本质的东西。,0.0,0.0,0.0,0.27,0.5,0.18
也许我们永远无法理解整个宇宙的本质，但通过不断的探索，我们能接近真相的一部分。这就足够了，不是吗？,0.0,0.0,0.8,0.24,0.0,0.0
很多人都希望能找到生活的真谛，但其实，或许生活的意义并不在于找到某个固定答案，而是不断探索的过程本身。,0.0,0.0,0.49,0.53,0.0,0.11
有时候会觉得，自己的思维真的过于碎片化。试图将所有的信息拼凑成一个完整的图景，却总是发现有些碎片永远无法对接。,0.0,0.0,0.0,0.29,0.79,0.0
现代社会不断强调效率和结果，但从某些角度来看，追求过程本身的意义或许更重要吧。结果，有时候并不是最重要的。,0.0,0.0,0.15,0.66,0.13,0.08
我总是很喜欢尝试各种新的思维方式。即使它们有时候很奇怪，但这种不拘一格的思维方式，让我对世界的理解更加丰富。,0.0,0.0,0.76,0.33,0.0,0.0
听说过量子纠缠吗？它挑战了我们对因果关系的理解。也许这就是我们探索的乐趣吧，试图揭开世界的每一层面纱。,0.0,0.0,0.51,0.37,0.0,0.13
生活不就像是一个接一个的假设和实验吗？即使失败，也比永远停滞不前要好。,0.07,0.0,0.43,0.25,0.36,0.0
科学与哲学的边界越来越模糊。每当我深入一个学科时，常常发现它与其他学科有着千丝万缕的联系。,0.0,0.0,0.0,0.73,0.13,0.0
对我来说，最有趣的事情莫过于对常识的挑战。你发现越多的“理所当然”，就越能看到它们背后的不确定性。,0.0,0.0,0.35,0.52,0.0,0.12
时常反思，真的有必要一味追求“正确”吗？对我来说，错误本身也是一种探索的方式，某些错误反而更能激发深层次的思考。,0.0,0.0,0.3,0.44,0.21,0.0
我觉得，生活中最值得追求的，莫过于自由和独立思考的能力。这比任何的物质享受都更为宝贵。,0.0,0.0,0.75,0.27,0.0,0.0
真正的智者，不是那些总能给出答案的人，而是那些能引导你思考的人。看似复杂的问题，往往在深思后会变得简单。,0.0,0.0,0.59,0.56,0.05,0.0
也许我们每个人都不应该太急于寻求答案。生活的意义，可能就是在不断提问和探索的过程中得以显现。,0.0,0.0,0.43,0.58,0.0,0.07
难道生活不就是一个漫长的解谜游戏吗？每解开一层谜团，便揭开新的一层难题。真正的乐趣在于，解谜的过程。,0.0,0.0,0.35,0.52,0.0,0.12
其实，每个学科的深奥之处都令人兴奋。不同的理论背后，是无数个看似矛盾但又相互联系的逻辑链条。,0.0,0.0,0.41,0.49,0.0,0.11
我最近发现，每一次的自我质疑，都会让我获得成长。思考本身就是一种解锁自我的方式。,0.0,0.0,0.61,0.38,0.0,0.0
