posts,angry,fear,happy,neutral,sad,surprise
我是不是脑袋不够用，明明知道不用过度分析每个问题，但我就是喜欢细细琢磨。是不是心理学上的“过度分析症”？ 🤔,0.33,0.08,0.0,0.27,0.29,0.14
看了一篇文章，觉得作者太天真。这个世界并不是每个“善意的谎言”都能换来“和谐”。我只想说：理想是美好的，但现实更真实。,0.0,0.0,0.69,0.09,0.13,0.08
每次用新软件，都好像在挑战自己，能不能快速适应？结果往往是，学习如何逃避功能全开的问题才是核心技能。,0.14,0.06,0.07,0.33,0.23,0.14
有些人明明知道问题的答案，却偏偏要以“怀疑一切”的方式自欺欺人，难道真的是害怕接受简单的事实吗？🤷,0.3,0.27,0.0,0.1,0.18,0.24
幸好我不是程序员，要不然我肯定整天面对“bug”，解决不了再发个“和谐”出来。现在的生活不就是这样吗？,0.46,0.0,0.07,0.14,0.29,0.16
每次听到别人说“我从不后悔”时，我都会反问自己：你真的没有吗？不过，我倒是常常反思自己是不是对的，纠结也就成了常态。,0.0,0.0,0.38,0.16,0.48,0.0
我发现自己总是无法停止对世界的好奇。每当有新理论时，我就想：这一次能改变我对事物的看法吗？不过，大多数时候，我还是看着它飘过。,0.0,0.0,0.2,0.31,0.4,0.09
把“社交恐惧症”当作一种艺术形式是不是很酷？我已经练得可以在一群人中默默存在，完全不引起注意。,0.09,0.13,0.51,0.36,0.0,0.12
为什么这么多书总是讲如何让自己变得更好？我就想知道，真正的“变好”是什么样子？是通过不断认同自己，还是彻底放弃自我，追随大众？,0.13,0.0,0.13,0.34,0.16,0.27
今日思考：人类究竟为什么总是需要找到“意义”？是因为没有意义的生活太空虚，还是我们根本无法面对空白？,0.0,0.0,0.0,0.38,0.42,0.21
当我开始想象人工智能替代人类工作时，我在心里有个声音说：“这也许就是我们永远无法避免的未来。”但心里又一紧：“真的值得吗？”,0.08,0.07,0.18,0.21,0.37,0.1
我会想，如果把所有的时间和资源都用来追求纯粹的知识，那我的人生是不是就能完美呢？可惜，现实总是让我找到其他更“实际”的东西。,0.0,0.0,0.06,0.18,0.73,0.07
总结：生活中的大部分困惑，源于人类习惯了用“简单”的方式去解决复杂问题。但常常解决不了，反而更累。,0.0,0.0,0.08,0.49,0.45,0.0
今天听到一个人说：“无论你多么聪明，都不过是人的一部分。”我突然想，难道我们只不过是宇宙中的尘埃？理智告诉我，这是一个哲学问题。,0.0,0.0,0.0,0.44,0.14,0.28
有时候，我觉得人类真的很矛盾。一方面追求自由，一方面又对自由感到恐慌。嗯，或许自由本身就代表着选择的责任吧。,0.06,0.25,0.0,0.24,0.34,0.12
真想问问自己：到底是习惯让我变得懒惰，还是懒惰让我养成了习惯？这个问题的答案似乎并不重要，重要的是如何打破它。,0.13,0.0,0.0,0.33,0.36,0.2
有些人总是急着去“证明”自己，而我，只想安静地思考。无论社会怎样对待你，最重要的是你能不能在自己内心找到平静。,0.0,0.0,0.29,0.25,0.43,0.0
难道我真的只能在这种不断被打压的状态下找到突破口吗？不，这样想不对。可能真正的突破就是接受无法改变的部分。,0.11,0.08,0.0,0.35,0.35,0.16
世界上最难的事情，莫过于把复杂的问题简化到可以理解的程度。就像生活中的很多事，总是看似简单，却难以抓住真相。,0.0,0.08,0.25,0.52,0.28,0.05
“没有什么是永恒的”，我早就习惯了这个概念。唯一不变的，恐怕是我们自己不停的反思与质疑吧。,0.0,0.0,0.16,0.33,0.39,0.07
一些理论越听越神奇，但我总是忍不住想：“它真的有用吗？”很多时候，理性思考让我们陷入更多的困惑。,0.0,0.0,0.0,0.36,0.27,0.2
我喜欢花时间去揣摩每一个不起眼的小细节，因为这些细节可能正是了解整个世界的钥匙。每一个未知，都是值得探究的。,0.0,0.0,0.6,0.41,0.0,0.0
今天跟一个朋友聊人工智能，聊到最后，忽然感觉自己好像成了“被取代”的一部分。也许，我们每个人都在被某种无形的力量替代。,0.05,0.08,0.08,0.37,0.4,0.06
每次看到有人一副“万事皆顺”的表情，我都想问：“你真的那么幸福吗？”从未遭遇过困扰和质疑的人，是不是反而缺乏思考的深度？,0.0,0.0,0.32,0.18,0.33,0.2
我总是在问自己：人活在这个世界上，到底是为了什么？可能答案就藏在日常生活的细微之处吧。,0.0,0.0,0.0,0.49,0.27,0.24
看到许多人忙着“努力向前”，但我忍不住想，停下来思考自己为什么努力，似乎才更能找到答案。,0.0,0.0,0.56,0.11,0.26,0.06
其实，人生最简单的哲理可能就是：“接纳自己，不必过度焦虑”。但要做到这一点，可能比想象的要难得多。,0.0,0.0,0.41,0.45,0.15,0.06
今天翻阅了一些经典哲学书籍，发现许多道理早已在几百年前被阐明。但即便如此，我们仍旧重复着曾经的错误。,0.0,0.0,0.15,0.39,0.38,0.05
对我而言，“成功”似乎并没有什么特别的定义。可能成功就是在不断试错和失败中，找到属于自己的节奏。,0.0,0.0,0.56,0.42,0.0,0.08
人类的进步并非源于一时的智慧，而是在漫长的历史中不断试探与改进。生活中也一样，总是在碰壁中寻找前进的路径。,0.0,0.0,0.52,0.48,0.11,0.0
我总觉得现代人对“信息”过度依赖，但偏偏自己又无法逃脱这个泥潭。是不是我们只是在制造更多的“干扰”？,0.44,0.0,0.0,0.25,0.18,0.09
今天跟朋友讨论“幸福感”，最终的结论是：如果你明白什么是幸福，你已经错过了它。生活本来就充满了矛盾和误解。,0.0,0.0,0.13,0.37,0.46,0.1
为什么大家都喜欢做表面功夫？我一直在想，或许大家都是在某种压力下无法放松，才会把自己做得那么“完美”。,0.09,0.0,0.06,0.24,0.41,0.28
我越来越觉得，生活的意义，或许就在于不断发现未知的自己。每一次自我突破，都是成长的一部分。,0.0,0.0,0.92,0.09,0.0,0.0
总有些人活得很理智，可却很孤独。也许这是智慧的代价。我们追求的，是一种深刻理解，而不是简单的幸福。,0.0,0.0,0.38,0.29,0.43,0.0
世界上没有绝对的对错，只有不同的视角。问题并不在于你怎么看待事物，而是你如何应对它们。,0.0,0.0,0.24,0.75,0.0,0.09
我发现，我越是追求知识，越是意识到无知。也许我们能知道的，也只是在有限的时间内，能抓住的一点点信息。,0.0,0.0,0.1,0.34,0.47,0.11
今天在阅读时，突然想起：“只要你追求真理，剩下的都不重要。”但又觉得，这句话好像并不完全适用于现实生活。,0.0,0.0,0.0,0.33,0.45,0.14
真正的智慧，可能不在于找出问题的答案，而是在于理解问题本身的复杂性和多维度。,0.0,0.0,0.31,0.81,0.0,0.0
在这个信息泛滥的时代，我们需要的并不是更多的知识，而是能够过滤噪音的能力。,0.0,0.0,0.22,0.75,0.0,0.0
我对未来充满好奇，却又不敢完全预见。或许，最好的生活方式，就是活在当下，接受未来的不确定性。,0.0,0.0,0.5,0.31,0.09,0.1
明白了一个道理：越是想解决问题，越容易让问题变得复杂。所以，有时不如让问题自然消失。,0.0,0.0,0.26,0.61,0.19,0.0
人类有时会觉得不公平，但我总是提醒自己：不公平也许只是我们对世界的单一解读。换个角度，可能不一样。,0.0,0.0,0.21,0.49,0.2,0.07
今天思考了很久：“如果一切都可以预测，生活还会有趣吗？”最终的结论是：也许人类的魅力就在于那些无法预见的惊喜。,0.0,0.0,0.48,0.29,0.11,0.2
今天想：如果每个人都能清楚地认识到自己的局限性，或许社会就会少一些无谓的攀比。,0.06,0.0,0.26,0.45,0.23,0.0
为什么总有一种感觉，自己被生活“逼迫”得越来越远离自己？难道这就是成人世界的“常态”？,0.32,0.0,0.0,0.1,0.34,0.27
大脑像个永不停止的机器，总是在处理无休止的信息。但偶尔，也希望自己能停下来，什么都不做。,0.0,0.0,0.49,0.2,0.32,0.0
今天试图做个总结：生活充满了无数选择，但最难的是，选择自己想要的那个方向。,0.0,0.0,0.41,0.31,0.19,0.06
看人们每天忙碌着，我反而不禁问自己：他们真的都知道自己在做什么吗？是不是只是在追求一个没有意义的终点？,0.2,0.0,0.0,0.17,0.39,0.35
终于明白：生活不必时时刻刻充满目标。我们不是为了结果而活，或许真正的意义在于过程中的每一刻思考。,0.0,0.0,0.75,0.06,0.07,0.08
