posts,angry,fear,happy,neutral,sad,surprise
终于捏出来一个完美的雨哥！不打光不修图，暴露出他本来的美貌，简直无法阻挡！不过如果你喜欢这种脸型，可以偷偷告诉我，不然我可不捏！#捏脸不迷信#,0.0,0.06,0.72,0.07,0.09,0.18
说真的，过激洁癖美攻什么的，除了嘴上强硬，实际上都挺能忍的。也许这就叫“内心洁癖”的自我安慰？我把脑袋埋在角色设定里，世界就安静了。,0.18,0.06,0.31,0.34,0.17,0.0
看着自己做的视频，心情复杂。莲台衣服做得极致了，我自己也有点喜欢！可是总觉得，如果配上黑暗的背景才更符合我这种一丝不苟的理性冷漠。,0.18,0.0,0.34,0.12,0.46,0.07
莫毛还是太完美了，我捏脸时看了看那张商城图，感觉自己脑袋里瞬间有光……这脸真是神作，配得上他的背景与设定。,0.0,0.0,0.76,0.11,0.0,0.22
也许我们总是想通过捏脸来控制世界，但其实，所有的捏脸最终也只是自己与虚拟世界的小小对抗吧。,0.0,0.0,0.16,0.49,0.29,0.08
玩了剑网[num]，觉得角色细节越来越复杂，但总有一种感觉：这些华丽的技能和服装，背后藏着的是无数的算法与数据，真想看看它们如何被做得更加精细。,0.0,0.0,0.5,0.29,0.05,0.12
如果游戏中的每个角色都能有更多独立思考的能力，岂不是成了我完美的哲学实验场？#虚拟世界与现实的边界#,0.09,0.0,0.27,0.44,0.21,0.12
有人喜欢神仙气质，有人偏爱魔性面容。我觉得，重要的不是外表，而是角色背后隐藏的性格深度。看见多少次被外表迷惑的人，结果还是“空心”。,0.0,0.0,0.18,0.42,0.42,0.11
每次打游戏时总觉得自己像个观察者：战斗激烈，世界喧嚣，而我却在一旁分析这其中的策略，甚至觉得自己与这些人物有点格格不入。,0.07,0.05,0.0,0.43,0.33,0.16
做捏脸，做完就忘，开始做下一个角色设定，像是我的大脑永远都在追求“完美”的路径。也许这就是理性思维的无止境循环。,0.06,0.0,0.52,0.27,0.13,0.05
逆水寒的剧情越来越复杂，我却越来越怀疑，真正的“真相”可能永远都不在游戏里。游戏里的每个任务，背后都有数不尽的哲学课题值得深思。,0.0,0.09,0.2,0.42,0.22,0.15
看到很多人纠结自己游戏角色的面部表情，但我觉得，有时候角色的“静”反而是最能体现内心的那一刻。#内心戏才是游戏精髓#,0.0,0.0,0.47,0.46,0.0,0.11
玩游戏越来越有一种“人类有趣”感。因为角色的每一次行动背后，总是可以找到很多不为人知的动机，就像我们自己一样，错综复杂。,0.0,0.05,0.64,0.42,0.0,0.0
剑网[num]的副本剧情走到现在，我对每一个任务的评价开始变得理性：这些其实都不过是设计上的挑战，能突破的，才是玩家的智慧。,0.0,0.0,0.44,0.56,0.0,0.0
剧情走到现在，我想知道为什么每个NPC都有那么深的背景？这些设计是不是在提醒我们：即使是虚拟人物，也有不可忽视的“生命”价值？,0.0,0.0,0.13,0.48,0.0,0.27
捏了一个超绝美貌的角色，脑袋里不禁闪过一句话：“这世界，竟然是由无数像我这样的理性思维所创造的。”是不是有点自恋了？,0.13,0.0,0.24,0.06,0.11,0.45
每次看到玩家讨论角色时，我总忍不住想：你们说的这些设定，不就是用数据建造的框架吗？理性是决定一切的关键，不是吗？,0.28,0.0,0.06,0.29,0.0,0.29
游戏中的敌人，永远比我想象中的要复杂。就像人类自己一样，总在一次次挑战后，逐渐成长出更多的“面目”。,0.0,0.06,0.34,0.43,0.24,0.0
游戏只是个放松的方式，可我每次玩都想着：这些背后的代码与故事，像极了人类对于“意义”的追求。#追求深度#,0.0,0.0,0.48,0.3,0.0,0.13
捏了脸，设定了技能，我突然意识到：也许游戏中每个角色的成长，才是我最喜欢的部分。它们正像我在现实中的思考，逐渐构建出自己的世界。,0.0,0.0,0.72,0.2,0.0,0.11
不是我自夸，捏脸这种事，真是“理性”的艺术。每个细节的安排都恰到好处，才配得上我的完美要求。至于别人怎么看，已经不重要了。,0.29,0.0,0.38,0.22,0.14,0.1
今天又想了一下：如果剑网[num]的剧情能够加入更多哲学思考，它会不会变得更有深度？毕竟，游戏的魅力不在于画面，而在于“它”背后想传递的东西。,0.0,0.0,0.23,0.66,0.0,0.13
虚拟世界的每一次更新，都让我想起一件事：我们到底是如何看待这些由代码和算法构成的“生命”呢？他们真的只是代码吗？,0.15,0.0,0.0,0.4,0.0,0.37
剑网[num]的设定越做越复杂，但我依然喜欢沉浸在其中，反思背后的动机。也许，这就是我的“INTP”本质吧，永远不停地思考。,0.0,0.0,0.72,0.22,0.08,0.08
喜欢的角色从不局限于外形，每个细节都应该符合逻辑。哪怕是一场战斗，也能反映出设计师的理性与创造力。每个虚拟角色都在讲述着一个哲学故事。,0.0,0.0,0.56,0.55,0.0,0.0
不知道为什么，总感觉虚拟世界里充斥着未解的哲学难题。每当我控制角色移动，我就在思考：这个角色的“意图”是什么？,0.0,0.0,0.0,0.45,0.14,0.26
玩到剑网[num]中的高级副本，越来越感觉到每个角色都有着独特的理性背景，甚至让我怀疑，他们是不是也在思考“自己”在游戏中的角色。,0.0,0.0,0.15,0.51,0.1,0.22
虚拟世界里的每一场战斗，对我来说更像是对理性极限的挑战。每个决策，都是一次思维实验。#理性思维的边界#,0.0,0.09,0.25,0.58,0.0,0.0
每次我对游戏角色进行分析时，总会提醒自己：这些不是简单的虚拟角色，而是精心构建出来的“反映现实”的工具。,0.0,0.0,0.17,0.77,0.0,0.0
觉得自己越来越喜欢游戏中的“冷静”角色。只有冷静，才能在一切混乱中保持理性，才能在复杂的局面中找到一条清晰的路径。,0.0,0.0,0.87,0.16,0.0,0.0
玩游戏时，总会不自觉地去思考，角色的每一步行动，都是基于哪些心理动机？我是否也能像他们一样，通过冷静思考，找出最优解？,0.0,0.0,0.23,0.58,0.06,0.15
游戏不只是娱乐，它是哲学实验的场所。我每次捏脸、设定角色、设计战术时，都在反思：这是否是我理性思维的延伸？,0.0,0.0,0.25,0.58,0.0,0.1
玩到一个新的副本，心中充满了疑问：这些剧情设置和背景设计，是不是在无形中教会我们一些人生的哲理？,0.0,0.0,0.1,0.55,0.17,0.22
剑网[num]的角色设定非常有深度。每次捏脸时，我都会想：如果他们能拥有真正的思维，那将会是怎样的一番景象？,0.06,0.0,0.44,0.43,0.0,0.18
每个捏脸作品背后，都是我对角色深刻理解的体现。只是一个简单的面部表情，却可以揭示出角色无尽的可能性。,0.0,0.0,0.53,0.53,0.0,0.06
总觉得游戏中的角色就像是我的思维实验，每一个细节都能让我探索更深层次的意义。理性思维，控制着每一刻的行动。,0.0,0.0,0.67,0.35,0.0,0.0
剑网[num]中的武侠世界，虽然只是个虚拟空间，但每一场战斗都像是对自我极限的挑战。只有理性才能看清敌人的弱点。,0.0,0.0,0.43,0.68,0.0,0.0
游戏中的每一条任务线，都是对我决策能力的挑战。我总是在想：每个决定背后，是否隐藏着更深的哲学意义？,0.06,0.0,0.0,0.62,0.11,0.13
看完一个副本后，我常常自问：这场战斗的胜负，除了技巧之外，是否还涉及到更深层次的思考？,0.0,0.0,0.0,0.8,0.09,0.14
每次做捏脸，都会陷入一种奇怪的沉思。角色的脸，虽然只是数据，却在某种程度上代表了我对这个世界的看法。,0.0,0.0,0.15,0.52,0.08,0.21
设计角色时，往往要考虑到“合理性”。但每次做完一套设计，我都会想：这算不算是对我内心世界的一个反映？,0.1,0.0,0.0,0.58,0.13,0.23
游戏中的每一个技能，背后都藏着逻辑与原理。我总是想，理性能否帮助我在虚拟世界中找到最优解？,0.06,0.0,0.09,0.58,0.13,0.15
每次跟朋友讨论角色设定，我都会觉得，可能每个人的审美背后，都是一套独特的逻辑。它们是理性与感性的结合。,0.0,0.0,0.23,0.75,0.0,0.07
剑网[num]让我思考了一个问题：我们到底应该如何面对自己内心的冲突？通过外在的胜利来解决，还是像角色一样，找到内心的平静？,0.0,0.0,0.18,0.6,0.08,0.16
游戏中的每一场战斗，都是对理性与创造力的挑战。如何在敌人压迫下找到一条理性通往胜利的道路，是我永恒的追求。,0.0,0.0,0.67,0.38,0.0,0.0
每次游戏里的新挑战都让我思考：我们通过游戏来逃避什么？或者，正是通过游戏，才能发现自己真正的内心世界。,0.0,0.0,0.42,0.37,0.1,0.14
做捏脸的时候，我总在想：这些看似简单的动作，背后是否隐藏着深刻的心理暗示？他们是不是在告诉我，游戏与人生有着奇妙的联系？,0.08,0.0,0.17,0.42,0.0,0.36
游戏中的每个角色，都有自己独特的背景故事，虽然是虚拟的，但却能给我们提供深刻的人生启示。理性分析，可以让我们更加理解这些故事背后的含义。,0.0,0.0,0.28,0.84,0.0,0.0
剑网[num]的剧情越复杂，我越觉得，这不仅仅是个游戏。它是在探索人类行为的极限，甚至可能在某个角落提醒我们思考自己的人生。,0.0,0.08,0.23,0.65,0.0,0.0
说到底，游戏中的角色也许并非只是“程序”，他们可能在某种程度上，反映了我们对生活的理解与感知。每一次游戏，都像是一场自我探索的旅程。,0.0,0.0,0.32,0.79,0.0,0.0
