posts,angry,fear,happy,neutral,sad,surprise
看到那种“曾经觉得什么都可以，后来发现一切都是虚无”的文章，我就开始思考，这种观念是成长的证明，还是放弃的借口？,0.08,0.0,0.0,0.3,0.52,0.15
看到某些人对网络暴力发表意见，我不禁想：暴力的形式确实不同，但背后的情感基础还是那种无法理解他人差异的恐惧感。,0.19,0.22,0.0,0.36,0.15,0.14
刚才看完一部纪录片，它说到人类的情感反应，其实是对外界刺激的生理反应。想了想，我们也许一直都在误解自己。,0.0,0.0,0.0,0.47,0.27,0.21
最近思考一个问题：如果一个人永远活在自己的思维框架内，外界再怎么变化，他的内心世界是否会始终不变？,0.0,0.0,0.09,0.67,0.07,0.18
玩游戏时我总是想，背后的编程和设计是如何将简单的互动转化为沉浸式体验的。每个系统都有其存在的逻辑和意义，值得探讨。,0.06,0.0,0.16,0.76,0.0,0.06
看了一下知乎上的讨论，突然觉得，有些问题并不是“没有答案”，而是没有人愿意去深入思考它们。,0.06,0.0,0.0,0.49,0.35,0.14
最近有些困惑，工作似乎是一种逃避，不是追求自我实现，而是对未知的恐惧。也许每个人都在逃避某些东西。,0.0,0.18,0.11,0.33,0.31,0.15
明明理解了很多道理，但却还是常常无法摆脱那种对未知的焦虑感。我们总是太在意结论，忽略了过程中的体验。,0.11,0.0,0.0,0.27,0.75,0.0
我一直在想，复杂的社会结构是否真的能够通过简单的逻辑来理解？或者说，复杂正是我们思维的局限所能容纳的最大复杂度？,0.13,0.0,0.0,0.53,0.08,0.28
看到有些人追求“高效”，让我想，效率到底是不是幸福的标准？如果不把“效率”当作目标，我们会怎么理解时间？,0.31,0.0,0.0,0.29,0.19,0.27
发现自己在追求极致的同时，常常忽视了“不完美”中的美感。或许有时，接受不完美本身，才是最“完美”的选择。,0.0,0.0,0.2,0.39,0.41,0.09
最近看了一部科幻片，里面提到“未来的自由是选择”。这让我思考：人类的自由是否真的是从选择开始，还是从放弃开始？,0.0,0.0,0.0,0.56,0.13,0.24
今天在想，真的可以通过数据和算法来预测未来吗？还是说人类的自由意志会总是对系统产生不可预见的影响？,0.16,0.0,0.0,0.41,0.0,0.33
很多人都在讨论自我价值，觉得被需要就是存在的意义，但我认为，真正的意义是找到自己与世界相互作用的方式。,0.0,0.0,0.41,0.58,0.0,0.08
生活中的各种烦恼有时让我想，如果把这些烦恼拆解开来，是否就能像解数学题那样找到解决方法？,0.12,0.0,0.0,0.51,0.31,0.13
看某些人对生活充满不安，觉得很难理解。是不是我们都过度依赖了控制，而忘记了生活中本应有的不可控的部分？,0.21,0.0,0.0,0.27,0.45,0.14
当别人说“我不懂你在想什么”，我就会反思，难道我真的在说一些别人无法理解的东西吗？还是他们没用心去听？,0.4,0.0,0.0,0.12,0.3,0.3
许多人用“感情”做遮掩，但我始终觉得，所有情感的表达背后，实际上是深刻的思维过程在驱动，甚至我们的情感反应也有理性在其中。,0.0,0.0,0.16,0.7,0.08,0.0
我一直认为，生活的目的不是为了获得“答案”，而是为了探索和提问。就像哲学本身，没有终极答案，只有不断的思考。,0.0,0.0,0.47,0.57,0.0,0.0
今天看了一篇文章，说“失败是一种经历”。我却在想，如果你没有从失败中学到任何东西，那它就是一场毫无意义的事件。,0.11,0.06,0.0,0.39,0.36,0.07
说到“成功”，有时我会想，它的标准究竟是什么？是他人的眼光？还是内心的平静和自我实现？我们到底在追求什么？,0.0,0.0,0.12,0.37,0.11,0.32
每次看完一部电影，我总喜欢在脑海中回顾每个细节。电影本身是虚构的，但它如何影响了我们的思维方式却是真实的。,0.0,0.0,0.34,0.57,0.12,0.05
每天花一点时间反思自己到底想要什么，似乎是件很浪费时间的事，但从另一方面来看，这种反思恰恰让我发现了更多的可能性。,0.0,0.0,0.45,0.42,0.11,0.0
有人说“生活不止眼前的苟且”，我却觉得，苟且本身也是生活的一部分。如何从苟且中找到生活的意义，或许才是最值得探讨的事。,0.0,0.0,0.38,0.57,0.0,0.13
总是看到别人忙着“追求”某种东西，却忽略了最简单的“满足”。或许，我们不需要那么多追求，只需要去享受当前的状态。,0.0,0.0,0.52,0.31,0.21,0.06
每次打游戏，我都会想，这种虚拟世界和现实世界到底有多少相似之处？我们是不是也在通过对抗“虚拟敌人”来解决内心的困扰？,0.07,0.06,0.1,0.48,0.16,0.26
当我觉得生活很无聊的时候，我会去分析一下自己的思维模式，原来是我自己把自己困在了一个固定的思维框架里。,0.15,0.0,0.0,0.38,0.48,0.11
今天在看电影时，突然想到，如果每个人都能从电影中找出一些生活的启示，那么这种娱乐的价值就不止是消磨时间而已。,0.0,0.0,0.56,0.38,0.11,0.08
为什么我们会去追逐“理想”生活？是不是因为我们害怕“现实”太过平凡，怕自己活得不够精彩？,0.0,0.3,0.0,0.2,0.44,0.19
每次有人问我“你为什么这么理性”，我总是回答：“因为我怕自己会陷入无意义的情感漩涡。”理性，让我保持思维的清晰。,0.0,0.06,0.48,0.25,0.19,0.06
喜欢看哲学类的书籍，但总觉得大多数人并不理解它的深度。也许不是我们不想理解，而是理解需要对思维模式的持续训练。,0.0,0.0,0.16,0.61,0.24,0.07
一直在思考，人类的“自由意志”是否真的存在，还是说所有的选择背后，都有着无法避免的逻辑与因果关系？,0.0,0.0,0.0,0.46,0.14,0.26
最近开始重新审视“追求梦想”这件事。梦想真的是我们必须追逐的东西吗？还是它只是一种让我们从平凡中找到逃避的方式？,0.0,0.0,0.05,0.32,0.33,0.24
看了一些“成功学”的书籍，发现它们往往会让人忽略最基础的思考：我们到底为什么要成功？成功的背后，究竟藏着什么？,0.0,0.0,0.0,0.5,0.1,0.25
我觉得我们很多时候在追求“理解”而忽视了“接纳”。理解是分析，而接纳则是包容。如果能找到这两者之间的平衡，或许我们就能拥有更宁静的内心。,0.0,0.0,0.53,0.53,0.07,0.0
看到身边有些人活得像是已经找到了所有问题的答案，我却觉得，我更倾向于成为那个永远在提问的人，毕竟每个问题都有无尽的探索空间。,0.0,0.0,0.44,0.33,0.22,0.0
说到“情感”，我更倾向于理解它的背后驱动因素。情感不是无理性的，它有自己复杂的原因，只不过我们未必愿意去深究。,0.0,0.0,0.15,0.83,0.0,0.0
生活中的每一份小确幸，或许也正是我们在追求完美过程中的一个副产品。我们总是把注意力放在最终的目标上，却忽略了沿途的风景。,0.0,0.0,0.21,0.49,0.41,0.0
有时我觉得，我们常常在“理解”与“接受”之间摇摆不定。理解是寻找原因，而接受则是学会面对，学会与自己和解。,0.0,0.0,0.22,0.59,0.35,0.0
总有人说“少一点分析，多一点行动”，但我总觉得，分析本身就是一种行动，它让我们更加清楚地理解自己的处境。,0.0,0.0,0.48,0.6,0.0,0.0
玩游戏时，我常常分析敌人的每个动作，甚至思考他们背后的心理状态。也许，我就是那种习惯将一切事物理性分析的人。,0.0,0.0,0.26,0.69,0.0,0.0
总是喜欢从各种理论和观念中寻找灵感，然后把它们应用到生活中。这是我的生活方式，喜欢从理性出发去解决问题。,0.0,0.0,0.75,0.4,0.0,0.0
最近常常思考，人类是否真的是理性动物？我们用理性去解释一切，但其实，情感和直觉才是推动我们行动的真正力量。,0.0,0.0,0.24,0.59,0.06,0.13
看到一个说“生活就是不断重复选择”时，我突然想到，也许我们根本不需要那么多选择，重要的是选择背后的思维方式。,0.0,0.0,0.18,0.42,0.27,0.19
看看周围的世界，有时觉得大家都在追求不同的目标，但又觉得这些目标其实都不是自己真正渴望的。也许，追求本身才是生活的真正意义。,0.0,0.0,0.37,0.24,0.3,0.13
经常有朋友告诉我“你太理性了”，但我觉得，理性并不是让生活变得冷酷无情，而是让我们能更清晰地面对不确定性。,0.0,0.0,0.67,0.35,0.07,0.0
现在越来越觉得，真正的智慧不是找到“对”的答案，而是学会如何面对“错”的可能性，接受一切的不确定。,0.0,0.0,0.64,0.27,0.11,0.0
最近在看一些心理学的书籍，发现它们有一个共同点：人类总是被自己的思维局限，而这些局限恰恰是我们最需要突破的。,0.0,0.0,0.18,0.72,0.0,0.0
如果说生活是一个谜，那我们每个人都是解开谜题的一部分。有时，我觉得解答谜题的过程，比谜底更有意义。,0.0,0.0,0.24,0.71,0.0,0.0
总觉得，“生活的意义”这个问题的答案应该没有那么简单。每个人的答案都不同，因为每个人的思维方式和生命经验都不同。,0.0,0.0,0.17,0.57,0.26,0.2
