posts,angry,fear,happy,neutral,sad,surprise
今天去了健身房，器械真是让我大开眼界，明明花了不少钱，但看到有些人动作乱七八糟，感觉钱还是花在了“形式”上，而非“内容”上，私教的作用，应该是让练习变得更有意义吧。,0.0,0.0,0.62,0.26,0.0,0.24
疫情后的生活，感觉像是进入了一个半梦半醒的状态。原本的规律被打乱，所见所闻也变得陌生，偶尔的清醒和快乐，只是梦中的片刻光亮。,0.08,0.09,0.25,0.27,0.38,0.09
不知道是不是总在思考未来的缘故，昨晚突然有种“没有明天”的错觉。也许人生真的就像一个阶段性的梦，醒来后总会感觉一切都已经过了。,0.0,0.06,0.07,0.14,0.68,0.1
发现自己已经越来越喜欢哑铃蹲了。尤其是在超级组里混合心肺和力量训练，感觉有点像是在挑战自己的极限。身心的磨练，似乎是每天必须的任务。,0.0,0.0,0.78,0.16,0.05,0.0
再次回顾《军师联盟》时，总觉得那些权谋之中最深刻的并非算计，而是那些未曾言说的心思。尤其是问斩前的那句“你准备好了吗”，总是让我思考：准备到底是为了什么？,0.0,0.0,0.3,0.31,0.3,0.0
最近好像不太想看话剧了。演员们的表演虽好，但有时剧情中的模糊不清让我感觉一切都充满了疑问。也许，问题不在作品，而在于自己对复杂情节的反应吧。,0.0,0.0,0.08,0.38,0.44,0.15
今天在灰盒讲座上坐了一会，发现很多商家和品牌在经历洗牌的过程中，似乎只是改变了包装而已。说到冻干咖啡，还是那一款好喝，别的真的无法比拟。,0.0,0.0,0.59,0.25,0.07,0.12
澳门总是给我这种微妙的感觉：每次来都觉得没什么好玩的，但又每次都会不自觉地溜达过去，似乎每一刻都有些新发现，只是时间总是匆匆流逝。,0.0,0.0,0.7,0.08,0.27,0.0
重新站在大三巴的围栏前，突然觉得那些曾经的静谧与怀念似乎已经消散。每次重返旧地，总会意识到，自己与这片记忆的关系，早已悄然变化。,0.06,0.0,0.06,0.27,0.77,0.0
每次去面馆，总能看到那些做事特别利索的厨师，细腻的手法仿佛在说：“这就是经验的力量”。不过，吃饭时偶尔发现一些奇怪的小细节，也总能引发我的一些思考。,0.0,0.0,0.68,0.25,0.0,0.13
最近去了一趟机场，发现自己对那种“无目的”的旅行感到有些倦怠。曾经一到机场就心情激动，现在却觉得“一切都是那么相似”，没有什么值得再感动的。,0.06,0.0,0.39,0.05,0.63,0.0
刚刚看到一个电影三小时告诉我：不是所有的电影都值得看，及时止损，有时候反而是更聪明的选择。看来，观影也需要一种“理性”思维。,0.0,0.0,0.43,0.41,0.06,0.06
最近的饮食习惯有些“堕落”，尤其是奶茶，总是忍不住喝一杯，虽然知道减脂的重要性。看着自己的体重，倒也没那么焦虑，毕竟享受过程才是重点。,0.0,0.08,0.35,0.21,0.43,0.0
听说“时间不等人”，但我一直觉得，时间不过是一种相对的概念。每次结束一段旅程，心里总有些无尽的疑问，究竟是追寻目标重要，还是享受过程本身？,0.0,0.0,0.16,0.31,0.39,0.19
看了个话剧，挺搞笑的，但总觉得其中的某些反复情节让我很难找到共鸣。剧中的“循环”模式，倒是让我联想到：我们每个人是不是都在自己设定的循环中迷失了方向？,0.06,0.08,0.12,0.29,0.35,0.18
昨天又去了博物馆，虽然总是说“看不懂”，但也许正是这份“看不懂”才让它更值得我们思考。每一件历史遗物，背后都是一段人类复杂的情感和思想。,0.0,0.0,0.44,0.45,0.16,0.07
还记得第一次来北京时，觉得什么都新鲜，连看樱花都觉得像是开启了某种“仪式”。而现在，这份情感似乎已经随着时间的推移，变得更加平淡和理性。,0.07,0.0,0.48,0.26,0.23,0.08
早晨做了一些新的食谱，尽管看起来像是杂乱无章的搭配，但吃起来却颇有惊喜。也许，生活的“智慧”就在于如何从混乱中找到一种自我满足的平衡。,0.0,0.0,0.84,0.2,0.0,0.06
经过一段时间的沉默，我开始觉得，生活中的“表达”远不如“思考”那么重要。也许，真正的“沟通”，是能够在安静中找到彼此的共鸣。,0.0,0.0,0.46,0.44,0.29,0.0
看了一部电影，虽然感动到哭，但也开始反思：我们总是在被情感的潮流牵引，而忽略了其中的“理性思考”。也许，真正的情感深度在于，如何理智地看待它。,0.0,0.0,0.37,0.27,0.46,0.08
这段时间都在想：人类在追求“理想生活”的过程中，究竟是在追寻什么？是名利，还是那份属于自己的内心平静？,0.0,0.0,0.29,0.38,0.13,0.22
玩游戏时，突然想到，其实每一场游戏都是一场微型的“人生模拟”。我们设定规则，执行策略，最后总会发现，无论如何最终的结果都充满了变数。,0.0,0.0,0.2,0.49,0.24,0.13
今天和朋友讨论了一下“自由意志”，结果发现我一直认为我们总是被“非理性”驱动。也许，人的真正自由来自于放下这些“非理性”的冲动。,0.06,0.0,0.11,0.53,0.14,0.16
最近开始习惯每天花时间反思自己的想法，而不是追求外界的认同。也许，真正的成长，就是不断审视自己内心深处的需求和信念。,0.0,0.0,0.63,0.32,0.0,0.0
很多人说“行动比思考更重要”，但我总是想，思考本身就是一种行动。没有思考，如何确保我们走的每一步都是真正有意义的？,0.0,0.0,0.27,0.52,0.16,0.15
在反复思考之后，我终于明白，“完美”不过是人类不断追求的幻象。接受不完美，也许才是我们真正需要的能力。,0.0,0.0,0.53,0.29,0.15,0.1
我发现，很多时候我们对于生活中的“失败”有太多的恐惧，然而只有经历过失败，才能真正明白“成功”背后的真正意义。,0.0,0.11,0.43,0.35,0.13,0.12
看了一部关于时间旅行的电影，突然意识到，时间的流逝并不是线性的，而是充满了可能性。每一次选择，似乎都在改变着我们的未来。,0.0,0.0,0.63,0.17,0.11,0.15
也许，生活中的“无聊”只是我们思维陷入困境的表现。换个角度来看，无聊本身就是思维的空白期，给我们空间去反思和创新。,0.0,0.0,0.14,0.72,0.17,0.0
旅行时总是想：每一次走过的地方，都是我与世界对话的方式。虽然看似平凡，却也充满了独特的个人意义。,0.0,0.0,0.87,0.14,0.0,0.07
每次看到别人问“为什么你这么理性”，我总是想，理性并不是没有感情，而是能更清晰地看待自己的感受，不被情感所左右。,0.0,0.0,0.54,0.32,0.12,0.1
生活中的“选择”看似是自由的，但每次面对选择时，我总会反思：它背后的驱动力是什么？是环境的压力，还是内心的需求？,0.0,0.0,0.17,0.45,0.14,0.23
今天突然意识到，自己的许多决定其实都是在寻找某种“确定性”，但生活本身就是不确定的。或许，真正的智慧就在于如何拥抱这些不确定性。,0.0,0.0,0.55,0.19,0.17,0.12
我发现，很多时候我们在争论“对与错”，但最终，似乎每个人的“对”都是基于各自的思维框架。每个框架都有其局限性，我们能否超越它们？,0.0,0.0,0.11,0.64,0.0,0.17
最近开始重新审视“成功”这个概念。成功是不是意味着达到了某个标准，还是意味着我们在某个过程中找到了属于自己的意义？,0.0,0.0,0.33,0.59,0.0,0.1
每次沉浸在自我思考中时，总觉得，生活不仅仅是为了迎接某个“终极答案”，而是为了探索那些更深层的、无法完全解决的问题。,0.0,0.0,0.43,0.4,0.19,0.0
今天的运动让我意识到，身体的极限不仅仅是肉体的挑战，更是对思想和情感的测试。当我们突破极限时，才发现自己其实比想象的更强大。,0.0,0.0,0.79,0.12,0.0,0.06
看别人忙着追求某种目标时，我开始思考，是否我们其实应该关注的是过程中的每一步，而不仅仅是终点。终点，终究只是一个“过渡”。,0.0,0.0,0.12,0.44,0.35,0.08
生活中的每一次“迷茫”，其实都是我们接近真实自我的机会。通过迷茫，我们重新审视自己的位置和方向，重新选择我们的人生目标。,0.0,0.0,0.68,0.34,0.08,0.0
旅行时看到过一段话：“人类的脚步永远走不出自己的影子。”我突然意识到，真正的自由或许不是逃避过去，而是接受并理解自己的所有。,0.0,0.0,0.51,0.32,0.15,0.05
看到一个哲学问题：“如果时间旅行是可能的，那么过去的你会和未来的你碰面吗？”我陷入了深深的思考：时间究竟是什么？它是否只是我们感知的一种形式？,0.0,0.0,0.0,0.61,0.1,0.29
最近常常感叹，生活中的许多困惑和矛盾，其实都源自于我们自己没有真正了解过自己。真正的智慧，不是逃避这些问题，而是勇敢面对它们。,0.0,0.0,0.46,0.37,0.21,0.05
看了些心理学书籍，发现人类行为中，很多时候我们都被自己的固有观念束缚。真正的自由，或许就是突破这些观念，去接纳一切不确定性。,0.0,0.0,0.36,0.59,0.0,0.11
有时候会觉得，人与人之间的差异，不是能力的高低，而是思维的方式。理解他人，往往不是看表面，而是去感受他们背后的思考和情感。,0.0,0.0,0.26,0.67,0.13,0.08
在尝试新的事物时，我经常被困在“如果失败怎么办”的思维模式中。但我也渐渐明白，失败并非终点，反而是重新定义自己的机会。,0.0,0.0,0.4,0.36,0.33,0.0
当别人问我“为什么这么冷静”的时候，我总是回答：“不是冷静，而是思考清楚了。”冷静并非放下情感，而是去看清楚内心的真实需求。,0.0,0.0,0.44,0.58,0.0,0.05
生活中的“无意义”其实是一种感知错乱。真正的意义往往隐藏在我们忽略的小细节中，它在每天的琐碎中等待被我们发现。,0.0,0.0,0.07,0.74,0.17,0.0
每次旅行，我都会发现自己对于这个世界的看法会有些微妙的变化。或许，旅行本身就是我们用行动去解读世界的方式。,0.0,0.0,0.55,0.43,0.0,0.13
看到有人抱怨生活中总是充满不确定性，我却觉得，不确定性才是生活的魅力。没有了不确定性，生活就像一成不变的重复。,0.0,0.0,0.36,0.32,0.37,0.08
今天突然想，生活其实就是一个永远无法解答的谜。每个人的答案都不同，关键是如何在解答的过程中，找到属于自己的那份平静和理解。,0.0,0.0,0.31,0.38,0.29,0.13
