posts,angry,fear,happy,neutral,sad,surprise
今天终于去试了那家新开的咖啡店，环境不错，咖啡味道比预期稍淡一点。感觉好像缺少了一点“个性”，就像很多人，外表看似吸引，实则内里空洞。 #咖啡店探店#,0.05,0.14,0.44,0.34,0.25,0.12
晴空万里的日子，不禁思考，如果“心情好”能像天气一样变化，那该多好啊。今天的我，似乎又被周围的杂音扰乱了。 #内心风暴#,0.15,0.09,0.25,0.16,0.43,0.06
今天在书店呆了一整天，静得像是时间都停滞了。真想如果能停下生活的快进按钮，享受每一刻该多好。 #静享生活#,0.06,0.0,0.76,0.11,0.15,0.09
看了篇关于“存在主义”的文章，里面说“存在先于本质”，我在想，我的本质是我自己定义的，还是由外界的眼光决定？ #哲学思考#,0.05,0.0,0.0,0.6,0.0,0.22
最近一直觉得生活中的“必需品”变得越来越难界定。也许，真正需要的，只是内心的平静和对生活的理解。 #存在主义的思考#,0.07,0.0,0.19,0.43,0.34,0.0
每当拿到一杯新款的饮品，我总是感到一点不安。这杯饮料，是否真的能给我带来所期待的那种独特感受？ #饮品哲学#,0.0,0.13,0.23,0.41,0.23,0.17
今天做了一道菜，想着应该有很复杂的步骤，但最后竟然做得出乎意料地简单。或许，有时候，生活就该简单一点。 #做饭记录#,0.07,0.0,0.56,0.0,0.21,0.31
上班路上，看到路边的树突然开花了，我才意识到原来春天早就悄悄来临。生活中，很多事情都是悄然发生的。 #细节的美#,0.0,0.0,0.84,0.11,0.0,0.18
对于“社交”，我总是觉得一切都是表演。我们表演着自己的角色，活在别人眼里的样子，却从未真正认识自己。 #社交反思#,0.0,0.1,0.06,0.44,0.43,0.0
每次碰到“理论”和“实践”对立的时候，总是忍不住想，理论到底能不能真正应用到生活中？ #理论与实践#,0.21,0.06,0.0,0.39,0.3,0.21
今天去公园散步，偶然看到一个小孩捉蝴蝶，那一刻我突然觉得，原来“自由”竟是如此简单。 #日常小确幸#,0.0,0.0,0.74,0.0,0.0,0.33
我总在想，人类社会真的是进化了吗？还是我们只是找到了一种更加复杂的方式来满足同样简单的需求？ #人类本质#,0.14,0.07,0.0,0.34,0.2,0.31
最近思考“创新”是什么。是不是我们每个人都在用自己有限的思维去改造世界？但最终，创新是否能超越我们自己呢？ #创新哲学#,0.05,0.0,0.27,0.55,0.0,0.15
看完一部科幻片，突然有点不敢想象，如果真的有平行宇宙，我们会遇到怎样的自己？ #平行宇宙幻想#,0.0,0.11,0.24,0.24,0.09,0.46
每次遇到不理解的人，我总是问自己：他们的世界是怎样的？或许，能更好地理解别人，才能更好地理解自己。 #思维转换#,0.07,0.0,0.37,0.41,0.19,0.12
最近吃了好多新口味的冰淇淋，忽然想到，“新”的背后是否有我们对于未知的好奇，而这种好奇心，能否让我们走出舒适区？ #新奇体验#,0.0,0.08,0.56,0.16,0.0,0.31
昨天在书里看到一句话，“在纷乱的世界里找到宁静”，我想，也许这才是成年人最渴望的“避风港”。 #哲理摘录#,0.0,0.0,0.41,0.42,0.18,0.0
研究了下“决策学”，发现我们总是在做选择时被各种外部因素左右。真正理性的选择，是否只存在于那些无关痛痒的小事中？ #理性思考#,0.0,0.0,0.11,0.62,0.15,0.11
今天试了新的咖啡豆，想要找寻“完美的味道”，结果却发现，每个人对于“完美”的定义是不同的。 #完美与追求#,0.0,0.0,0.27,0.28,0.27,0.22
今天和朋友讨论未来的规划，我们都陷入了“计划永远赶不上变化”的悖论。也许，人生的意义就隐藏在这些不确定性中。 #未来思考#,0.0,0.1,0.11,0.44,0.33,0.11
看了一场球赛，结果大比分落败，大家依旧为球队加油。我在想，我们是不是也该在生活中多一些这种“无条件支持”呢？ #支持与坚持#,0.0,0.0,0.84,0.0,0.09,0.0
看到一个有趣的观点：“每个人都在演自己的人生电影”，我觉得挺有意思。我们究竟是在生活，还是在表演？ #人生剧本#,0.0,0.0,0.37,0.44,0.0,0.24
试着理解别人时，我常常发现，自己并没有完全掌握“理解”这件事。或许，我们真正的智慧，是在无尽的探索中逐渐接近真理。 #人际关系#,0.0,0.0,0.33,0.46,0.18,0.06
对于我来说，“独立”不仅仅是物质上的独立，更是一种思想上的独立。每当我做出一个决策时，才会意识到，独立是多么重要。 #思维独立#,0.0,0.0,0.55,0.46,0.0,0.0
记得小时候，每天都会幻想自己能变成超级英雄。长大后发现，超能力不是飞行或隐身，而是能在复杂的世界中保持清晰的头脑。 #超能力幻想#,0.0,0.0,0.46,0.42,0.07,0.11
走在大街上，看到匆匆忙忙的人群，我突然明白了，生活不是不断追求的目标，而是如何享受每一刻的过程。 #人生感悟#,0.0,0.0,0.73,0.18,0.11,0.09
在一堆繁杂的选择中，我常常思考，什么才是最重要的？我想，最重要的可能就是能过上自己喜欢的生活。 #简化生活#,0.06,0.0,0.42,0.46,0.08,0.13
今日读到一句话，“人总是以为自己能控制一切，但最终控制的只有自己的反应。”我不禁笑了，因为这正是我时常忽略的真理。 #反思自我#,0.0,0.0,0.55,0.23,0.19,0.06
昨天看了一场纪录片，讲述了大自然的生存法则。人类的生存法则似乎也能套用上去，但最终我们到底在争取什么？ #自然与人类#,0.08,0.0,0.14,0.54,0.0,0.18
听到朋友说他正在忙着“充实自己”，我突然觉得，充实到底是为了什么？是为了满足他人的期待，还是为了自己的内心平静？ #充实自己#,0.0,0.0,0.72,0.0,0.15,0.17
看了电影《黑客帝国》，每次看到这种“虚拟与现实”交错的设定，总觉得生活本身就像是一场巨大的实验。 #虚拟与现实#,0.07,0.11,0.25,0.43,0.12,0.17
今天尝试了一种新的工作方式，不打卡，不设限。结果反而变得更加高效，看来“自由”可能才是提高效率的关键。 #工作方式#,0.0,0.0,0.61,0.27,0.0,0.13
总是在反思，“如果我能重新开始一次生活，是否会选择不同的道路？”但当我想到这一点时，又意识到，过去的选择已是我一部分。 #反思过去#,0.0,0.0,0.16,0.25,0.56,0.06
最近迷上了逻辑思维训练，开始发现，逻辑不仅仅是数学和推理的工具，它能帮助我更清晰地理解世界。 #思维训练#,0.0,0.0,0.57,0.42,0.07,0.0
逛街时看到一个艺术展，艺术作品总是让人感到复杂，却也充满思考。我们常常在寻求简单，却忽略了复杂中的美。 #艺术探索#,0.0,0.07,0.28,0.55,0.19,0.15
一直在思考“自我提升”这个概念。我们究竟是为了变得更好，还是为了与外界的期望对接？ #自我提升#,0.0,0.06,0.27,0.49,0.0,0.14
今天的晚餐很简单：泡面加一个鸡蛋，但却吃得很满足。原来，简单的东西才是最能满足人心的。 #生活中的简单美好#,0.0,0.0,0.88,0.1,0.0,0.15
早上看到一只小猫在窗外阳光下打盹，心里突然涌上一股暖意。或许生活中最美的风景，不是大海与山川，而是那些不经意的小事。 #生活的温暖#,0.0,0.0,0.96,0.0,0.0,0.06
看着手中的手机，意识到我们花了太多时间在这块屏幕上，而真正重要的事情，却常常被忽略。 #科技与人类#,0.09,0.1,0.14,0.38,0.37,0.16
今天的运动似乎比平常更加舒畅。看来，身体与思维的连接真的很微妙，运动不仅是锻炼身体，还是梳理思绪的过程。 #运动与思维#,0.0,0.0,0.77,0.23,0.05,0.09
有时候，我觉得自己就像是一个哲学家，面对世界的纷繁复杂，总是不断提出问题。 #自我认知#,0.0,0.0,0.32,0.52,0.16,0.06
在夜晚的街头，车水马龙，我突然想起，这个世界真的是如此复杂，充满了无数选择与可能性。 #思考复杂性#,0.1,0.19,0.07,0.25,0.41,0.19
看了一场“失败”的比赛，但我却从中看到了一些值得尊敬的品质。失败和成功，从来不是绝对的。 #失败的哲理#,0.0,0.0,0.64,0.33,0.11,0.0
今天想了很多关于时间的问题。时间究竟是怎样存在的？我们是否也能像时间一样，变得更加“流动”？ #时间思考#,0.0,0.0,0.15,0.55,0.13,0.26
人生像一场长跑，有时疲惫不堪，但终点的景色，是否真的值得我们拼尽全力？ #人生长跑#,0.0,0.0,0.7,0.08,0.25,0.11
经常听到“效率”这个词，但我开始怀疑，效率真的能带来幸福吗？也许，慢下来反而能让我们找到更多的意义。 #效率与幸福#,0.07,0.0,0.44,0.29,0.16,0.19
今天试了一种新的音乐流派，虽然不是很懂，但我却被其中的节奏和旋律深深吸引。看来，很多东西，理解并不重要，感受才是关键。 #音乐的魅力#,0.0,0.0,0.75,0.27,0.0,0.06
工作的时候，脑海中总会冒出一些奇怪的想法。也许，这就是我的“创造力”吧，在琐碎的日常中，依然保持那份独立的思维。 #创造力#,0.0,0.06,0.69,0.14,0.1,0.19
每当我想要放弃某件事，心里总会有一个声音提醒我：“坚持下来，或许会有不一样的结果。” #坚持与挑战#,0.0,0.06,0.73,0.15,0.07,0.0
今天心血来潮，突然去参加了一个陌生的活动。结果发现，走出舒适区的瞬间，才是真正让我感受到自由的时刻。 #舒适区挑战#,0.0,0.0,0.57,0.22,0.0,0.23
