posts,angry,fear,happy,neutral,sad,surprise
早安，heuer们，今天的目标是尽量让自己的大脑有更高效的运行。理性思考，逻辑清晰，可能连咖啡都不会让你醒得太快。早安！📷 | 赵梦含,0.0,0.0,0.89,0.07,0.0,0.0
昨天读到一句话：“一切都是假象，唯一真实的是思维。” 这让我想起平时我们追求的是理性而非感性，有时候，放开一点反而能看到更多可能。#思考#📖,0.0,0.0,0.43,0.34,0.13,0.11
你说“理性很难”，那就多看一些复杂问题的本质，逐渐发现这些问题背后的规律。每个复杂的难题，背后其实都隐藏着简单的答案。#INTP风格#,0.0,0.0,0.28,0.77,0.0,0.05
对我来说，生活中的每一次思考挑战，就像在解一道复杂的数学题。最终能解出来的时刻，总是特别满足。#数学爱好者# 📚,0.0,0.0,0.91,0.08,0.0,0.0
刚刚看了一部科幻片，导演玩弄了太多哲学设定，结局我有点摸不清。但那种不断推理、分析的乐趣真是让人欲罢不能。#科幻# 📷,0.0,0.0,0.63,0.08,0.0,0.15
“自我表达”是一种内在的反应，但它往往很难被别人完全理解。也许我们只能通过不断试探，来找到自己和世界的平衡。#生活哲学# 🎥,0.0,0.0,0.24,0.74,0.11,0.0
今天的任务就是：搞清楚大脑为何在特定情况下变得特别“懒散”。是过载了？还是懒得运转？#心理学探讨#,0.14,0.11,0.0,0.51,0.16,0.15
要说最具挑战性的话题，大概就是哲学和逻辑的交汇处。每一次试图理解“存在”的意义，脑袋就会开始“冒烟”。#哲学探讨# 📘,0.0,0.11,0.18,0.6,0.0,0.07
反复思考一个问题并不总能给出答案，很多时候，它会让你看到更多层次的假设。#INTP的生活# 🧠,0.0,0.0,0.33,0.5,0.17,0.11
我从不轻易相信别人说的“这是答案”，更喜欢去寻找那些没有被解答的领域。对我来说，“不确定性”才是最有趣的部分。#求知欲# 📖,0.0,0.07,0.57,0.35,0.0,0.0
有时候，觉得自己像是个问题解答机器，周围的人总是提出问题，我总是给出各种方案。只不过答案常常不是他们想听的。#问题解答# 📚,0.0,0.0,0.0,0.42,0.37,0.06
刚才为自己做了个时间表，安排好思考和休息的时间。或许接下来，最困难的不是任务本身，而是对自己过高的期待。#时间管理# ⏳,0.0,0.1,0.1,0.4,0.44,0.0
“不做决定也许是最好的决定”，当你处于选择困难症时，或许停下来思考片刻，最终答案会变得清晰。#思维方式# 📖,0.0,0.0,0.44,0.54,0.07,0.07
我相信，有些时候，最好的答案就是没有答案。#哲学探讨#,0.0,0.0,0.15,0.56,0.24,0.0
如果每个理论都有自己的反面，那我们是不是应该像解数学题一样，检视每个假设的反例？#哲学思考# 💭,0.08,0.0,0.08,0.71,0.0,0.07
思考的乐趣在于，我们总是能找到问题的根源。而生活的挑战也在于，它总是呈现出比我们预想更多的复杂度。#生活难题#,0.0,0.15,0.19,0.57,0.16,0.12
有时候，我也想学会放松，但理性告诉我：停下来反而更能提升效率。#工作模式# 💻,0.0,0.0,0.4,0.4,0.18,0.1
生活中最困扰我的问题是：如何在实际问题中运用理论？每次想到这些，就感觉自己像个实验室的孤独科学家。#理论与实践# 🔬,0.0,0.16,0.0,0.43,0.52,0.07
每次走在路上，都会思考：这些人都在忙什么？他们的思维是什么？是感性驱动，还是理性推演？#观察者# 👀,0.06,0.0,0.19,0.49,0.0,0.25
有趣的事，我发现，逻辑在大多数情况下可以解释生活中的很多困惑。而人际关系却是无法完全量化的。#社会行为#,0.0,0.08,0.24,0.47,0.07,0.19
如果我给你一个三角形，你能从它中推导出多少理论？这就是我每天的思考模式。#INTP风格# 🧠,0.0,0.0,0.23,0.65,0.0,0.13
我个人非常推崇自我思考和深度分析。大多数情况下，我更喜欢和我自己争论，甚至比和别人讨论更有趣。#内心辩论#,0.09,0.0,0.39,0.58,0.0,0.0
你认为看似简单的决策其实背后隐藏着多少未知的假设？从这个角度出发，我们每个决定的背后都有一堆没有解开的谜题。#思维拓展#,0.05,0.1,0.12,0.66,0.0,0.15
今天总结了一个人生课题：学会让自己放空，有时候只有大脑空白时，灵感才会突然跳出来。#灵感# 💡,0.0,0.0,0.48,0.33,0.07,0.12
我一直在思考，时间是不是一种资源，还是我们自诩的“有限资源”让我们更焦虑？这到底算不算思维的悖论呢？#时间哲学# 🕰️,0.24,0.12,0.0,0.27,0.27,0.26
看着一篇新的研究成果，我感慨万千。其实，探索的本质并不在于找到答案，而是在于过程中的发现和推理。#科研心态#,0.0,0.0,0.42,0.45,0.08,0.0
晚上的任务是复习一堆文献，但是说实话，我对很多理论已经有些看法了。学术界的“权威”往往也在挑战中出现裂缝。#学术探讨#,0.12,0.1,0.0,0.52,0.2,0.0
不要把生活和工作看成单一维度的目标，它们应该是交错并且彼此影响的。就像数学中的“交集”一样，完美的平衡总是在不断调整。#工作哲学# 📊,0.0,0.0,0.42,0.7,0.0,0.0
最近在想：如果我能够控制大脑的每个思维模式，我是不是就能控制自己的生活轨迹？#思维控制#,0.1,0.0,0.1,0.5,0.09,0.24
自从开始关注量子物理之后，时空的理论让我觉得无论我们如何分析，宇宙总是在给我们制造迷雾。#量子物理# 🌌,0.07,0.1,0.1,0.5,0.18,0.0
“空白”与“混乱”有时才是思维的开始。可能是时候将所有假设推翻，才能迎来新的视角。#INTP思维# 💡,0.0,0.06,0.32,0.55,0.12,0.0
我一直相信，创新不是想出来的，而是从“理性推敲”中自然而然生长出来的。#创新思维#,0.0,0.0,0.57,0.48,0.0,0.0
你有没有过这种感觉？某个想法深入大脑后，总觉得自己正在被“智慧”引导走向未知的领域。#探索未知#,0.07,0.12,0.39,0.33,0.11,0.09
每个复杂问题都有无数种解决方案，但只有一种方式能带来最优化的结果。找到它，才是关键。#问题解决#,0.0,0.06,0.15,0.74,0.0,0.05
假如生活是一道数列，找到规律后，你就能预测未来的每一步。#生活数学#,0.0,0.0,0.35,0.69,0.0,0.0
我始终觉得，思考没有尽头，真正的突破来自不断试探和推翻已有的假设。#理性推理# 🔍,0.0,0.05,0.34,0.49,0.16,0.0
今天研究了一下人工智能，意识的本质居然也能够通过算法模拟？这到底是革命性的发现，还是对人类认知的挑战？#AI哲学#,0.05,0.05,0.14,0.2,0.0,0.57
思维是一场关于逻辑与无序的博弈，我们永远无法预测下一步的深度在哪里。#逻辑与混沌#,0.08,0.13,0.0,0.67,0.17,0.0
我觉得如果人生是一场游戏，那应该是一个开放式的沙盒。你可以随时改变规则，挑战未知。#人生游戏# 🎮,0.0,0.0,0.52,0.51,0.0,0.09
很喜欢静下心来读哲学书，每次都觉得，哲学的世界里，能找到人类问题的深刻答案。#哲学启示# 📚,0.0,0.0,0.82,0.25,0.0,0.0
对于我来说，问题的提出才是最有趣的部分。所有结论都可以推翻，唯有问题本身最具挑战性。#哲学思维#,0.0,0.07,0.4,0.58,0.0,0.0
思考不应该仅限于眼前的困惑，它应该扩展到整个宇宙的结构。#大脑旅行#,0.0,0.09,0.36,0.66,0.0,0.0
我认为，最大的自由就是心灵的自由。你可以用不同的方式看待世界，而不必遵循某个固有框架。#自由思考#,0.0,0.0,0.48,0.52,0.0,0.07
终于发现了一个有趣的现象：我们总以为思维是单向的，实际上它是循环往复的。#思维循环#,0.1,0.06,0.39,0.36,0.0,0.27
生活中的每个小细节，都可能成为一场巨大的实验。你准备好了吗？#科学实验#,0.0,0.14,0.22,0.51,0.0,0.15
与其焦虑未来，不如让自己活在当前的每一刻，去探索那些未知的可能。#活在当下#,0.0,0.0,0.7,0.27,0.0,0.07
今天被一个问题难住了：我们是否永远无法理解“意识”的真正含义？#意识研究#,0.07,0.12,0.0,0.47,0.22,0.2
每次解决一个看似简单的问题，我就会发现更多复杂的问题等着我。这就是知识的魅力。#知识探秘#,0.0,0.07,0.65,0.42,0.0,0.0
未来是不可预测的，但至少我们可以通过思考去窥见一些蛛丝马迹。#未来探索#,0.0,0.09,0.25,0.68,0.0,0.0
生活中的无常，是每个人都无法逃避的课题。而我们能做的，就是在混乱中寻找理性的光芒。#生活哲学# 🌟,0.0,0.0,0.38,0.56,0.08,0.0
