posts,angry,fear,happy,neutral,sad,surprise
记得小时候以为时间是线性流动的，现在才发现它是循环往复的。就像昨天的我和今天的我，其实是一种无形的重复。#哲学式的疲惫#,0.0,0.1,0.12,0.27,0.6,0.07
人类社会的一切秩序不外乎是用理性来掩饰本能的冲动，偶尔我也想，如果我能更加“感性”一点，或许生活会轻松一些。#生活真复杂#,0.23,0.08,0.15,0.15,0.39,0.13
说实话，今天的我差点被一个无关紧要的细节打败。谁能想到细节竟然也能产生“量变”？突然就有了质变，真是怪。#思想小角度#,0.26,0.18,0.0,0.07,0.15,0.41
今天的世界，似乎永远在提醒我们，“计划”总不如“随缘”重要。这么一想，不禁想起来量子力学里的不确定性原则。#深邃#,0.0,0.05,0.3,0.32,0.18,0.12
为什么总是要“明天”做呢？人类的大脑怎么会这么善于推迟？这个问题，比早晨起床难得多。#困惑中#,0.1,0.15,0.0,0.18,0.28,0.32
你们不觉得人类的社交网络像极了计算机程序吗？不小心就被困在一个无限循环里，最终变成了“推荐系统”的奴隶。#想逃脱#,0.43,0.18,0.0,0.16,0.28,0.07
做事情时，我总是无法理解那些完全不需要思考的“自然而然”的反应。可这是人类社会的基石。#自我疑惑#,0.0,0.17,0.07,0.32,0.28,0.18
最讨厌的是，那种明明已经猜到结局的事，却还是每次都被拖下水。人的情感，真是复杂又无解。#智力被挑战#,0.75,0.06,0.0,0.06,0.26,0.0
有时候我在想，若我们每个人的思想都能被看见，社会会变成怎样？那时，每个人是不是都只会做“你想做的事”？#反乌托邦想象#,0.17,0.11,0.0,0.34,0.15,0.23
我们总说自己拥有自由，但自由其实就是无尽的选择。每次做出选择，都像是在解一道无法优化的复杂方程。#困扰#,0.11,0.11,0.0,0.37,0.49,0.06
有时候真的怀疑自己，是不是被逻辑绑架了，连做决定都要考虑到最细微的边际效应。#活得有点辛苦#,0.1,0.16,0.08,0.07,0.72,0.0
跟别人说话，最难的是永远找不到你想表达的那句话。要么太复杂，要么太简单，始终缺了点东西。#沟通问题#,0.1,0.13,0.0,0.29,0.55,0.0
今天看了一篇文章，说未来是“数据驱动”的时代。可是我在想，数据能真的定义人类的自由意志吗？#未来的模糊#,0.09,0.1,0.0,0.35,0.2,0.27
明天的计划还没做好，今天的事就又拖到明天，感觉像是一个无解的递归问题。#数学迷的烦恼#,0.37,0.12,0.0,0.22,0.49,0.08
每次有人说“人生要有目标”，我就忍不住想，目标会不会像一座虚假的灯塔，指引着我走向未知的深渊？#哲学思考#,0.05,0.11,0.17,0.29,0.28,0.19
生活中，有很多问题看似简单，但一旦深入思考，竟然发现根本没有答案。这是人生的魅力所在吧。#无解的思考#,0.06,0.0,0.36,0.17,0.29,0.29
我经常想，人与人之间的距离，真的是由沟通的效率来决定的吗？好像这也是个假设，谁能真正理解自己呢？#人际难题#,0.09,0.1,0.0,0.33,0.31,0.3
今天突然意识到，许多我们当作“真理”的事，其实不过是时间长了的习惯，像经典逻辑命题一样，完全可以推翻。#真理的困境#,0.13,0.08,0.07,0.3,0.3,0.12
可能你们觉得我很冷静，但内心的混乱程度其实不比任何一个情感波动大的普通人差。只是习惯了藏起来。#隐藏的内心#,0.08,0.11,0.24,0.39,0.28,0.0
最近总有人问我，“你是不是不喜欢社交？”其实，我觉得社交的本质就是一种信息交换，只是有点多余。#社交的复杂性#,0.08,0.0,0.0,0.52,0.2,0.13
好想去一个无人岛上待一段时间，只是为了重新审视自己和这个世界。可是，我又怕孤独。#自我探索#,0.0,0.33,0.0,0.14,0.65,0.0
每次看电影，特别喜欢那些看似没有任何情节的片段，反倒能给我带来一些深刻的反思。#电影里的哲学#,0.0,0.0,0.72,0.25,0.0,0.06
最近发现，“多思考”并不总是好事，常常会让你陷入更深的困惑。#过度思考症#,0.07,0.11,0.0,0.46,0.35,0.0
人生的选择，总是让人感到“与生俱来的负担”，每做一个决定，就像在解一个无解的数学题。#决策疲劳#,0.15,0.15,0.0,0.19,0.67,0.0
我在想，人的一生，能否只依靠“推理”去过？如果情感全都剔除掉，那将是怎样的一种体验？#感性与理性的边界#,0.11,0.07,0.0,0.45,0.35,0.21
常常觉得自己像个“无聊的哲学家”，对周围的一切都有疑问，但又无法找到完整的答案。#寻求未知#,0.06,0.13,0.0,0.27,0.64,0.0
每次看别人谈恋爱，我都忍不住想，情感真的能用逻辑来解构吗？或许，情感本身就像量子态一样，不可预测。#理性与感性的博弈#,0.07,0.1,0.07,0.41,0.26,0.2
看着身边的人忙碌，我有时会想，“活着”本身的意义是什么？如果所有的努力都是为了未来，那现在的我们又为何如此焦虑？#活着的意义#,0.07,0.11,0.0,0.15,0.65,0.28
大家总说“要保持心态平和”，可是谁能真正做到呢？那种内心的焦虑，就像是一个无法摆脱的变量。#心态问题#,0.14,0.15,0.0,0.24,0.55,0.08
也许我们每个人都是在自己的小世界里运行的独立算法。互相影响，但始终无法完全理解对方。#独立个体#,0.06,0.0,0.0,0.65,0.27,0.06
看着别人轻松的笑容，我偶尔也会想，为什么我们都要承受那种看不见的压力，似乎每个人都是一个隐藏的焦虑集合体。#压力#,0.1,0.2,0.0,0.11,0.62,0.12
我常常觉得自己就像一台电脑，能处理复杂的逻辑，却在情感上总是卡壳。#理性vs情感#,0.11,0.0,0.0,0.39,0.53,0.0
有没有可能，真正的“自由”其实就是不被任何情感左右？那样的自由，是不是意味着孤独？#自由的悖论#,0.18,0.17,0.0,0.4,0.24,0.24
曾经以为“非黑即白”的世界才是最简单的，结果才发现，所有问题都有不为人知的灰色地带。#世界的复杂性#,0.07,0.09,0.06,0.31,0.24,0.28
为什么总觉得生活缺了点什么？是不是因为我太过依赖理性，忽略了内心的情感需求？#自我反思#,0.12,0.08,0.0,0.27,0.56,0.15
“独处”给我的感觉，像是一种温柔的解脱。没有人要求你做任何事，只有你和你自己。#独处的美学#,0.0,0.0,0.7,0.37,0.0,0.0
如果我的人生是一条直线，那么它早就被无数的分支打断了。我已经无法回到最初的简单了。#人生的复杂#,0.14,0.12,0.0,0.16,0.76,0.0
看到大家都在为未来努力，我突然觉得，那些完全没有目标的人是不是才真正拥有“自由”呢？#对比的焦虑#,0.1,0.18,0.0,0.17,0.6,0.22
“冷静”的我，常常在热烈的情感面前，显得格外无力。是时候重新审视情感的定义了。#情感困扰#,0.11,0.11,0.0,0.24,0.75,0.0
如果有一天，人类能够完全理解自己，是不是也意味着我们将不再需要思考呢？#思维的终结#,0.0,0.07,0.1,0.48,0.33,0.14
每当别人谈论“幸福”时，我总忍不住思考，什么才是“幸福”？是拥有更多的时间，还是更多的选择？#幸福的定义#,0.0,0.0,0.49,0.18,0.21,0.24
如果我能清楚地知道自己下一步该做什么，那我是不是就不用再为自己烦恼了？#选择的痛苦#,0.08,0.09,0.11,0.18,0.73,0.0
有时，我真想把所有的复杂的情感和事情都丢掉，只留下最纯粹的想法，像机器一样运行。#极简主义思考#,0.17,0.08,0.18,0.34,0.33,0.0
如果人生是一场游戏，那我们在其中扮演的角色是否有自己的自由度，还是只是程序设定的结果？#人生游戏#,0.0,0.0,0.08,0.64,0.09,0.19
早晨醒来，觉得世界突然变得格外清晰。可是夜晚时分，所有的思考又变得模糊不清。#思维的反差#,0.13,0.17,0.0,0.27,0.55,0.18
人类有无限的潜力，然而我们总是用错误的方式去测试它。或许，我们可以用更“理性”的方法来过活。#无限潜力#,0.05,0.0,0.34,0.52,0.16,0.0
突然想起一个问题：“人类的思维方式，真的能永远保持不变吗？”#思维的演变#,0.06,0.0,0.0,0.46,0.14,0.26
有时候，生活真的像一场不断调整的实验，我们在其中反复验证、调整、再验证。#实验人生#,0.0,0.08,0.38,0.4,0.26,0.0
“孤独”是不是也可以是一种选择？毕竟，有些时候，只有孤独才能让我真正思考。#孤独#,0.0,0.16,0.07,0.36,0.63,0.08
不知道为什么，总感觉自己的思想总停留在某个“时空断层”里，无法和外部世界完全连接。#思想的漂移#,0.08,0.13,0.0,0.23,0.69,0.1
