posts,angry,fear,happy,neutral,sad,surprise
为什么人类总是对时间感到焦虑？其实我们每天都在创造时间的错觉。时间和空间的对接，有时候太复杂了。明天又是未知的迷雾……🌀,0.08,0.14,0.0,0.21,0.43,0.2
最近开始读量子力学，感觉自己变得有点自恋了。总觉得世界一切事物都在我脑袋里波动。也许我自己就是个量子状态的叠加体？🤔,0.0,0.11,0.0,0.27,0.38,0.21
周末看了部悬疑片，编剧脑洞太大了，故事情节一环扣一环，思考的时间比电影的长度还要长。终于明白了，智商高的人常常很累，哈哈。🤷‍♂️,0.0,0.0,0.97,0.0,0.0,0.08
"不理解为什么大家对""旅行""这么痴迷，世界这么复杂，搞清楚自己的内心不是更重要吗？不过我还是会偷偷去一些安静的小地方沉浸一下。😌",0.0,0.0,0.69,0.15,0.0,0.12
明明是周五，可是我完全不兴奋，倒是有些担心这个假期会被浪费掉。就像数学题，解出来的答案都不完全一样，我也想找到那个完美的平衡点。💭,0.0,0.1,0.46,0.09,0.32,0.07
感觉有些人总是活在情感的漩涡里，而我更像是一个旁观者。也许INTP就是天生的“理性机器”吧，情感这种东西，过于复杂。🤖,0.06,0.06,0.0,0.36,0.45,0.13
我的脑袋总是充满了各种碎片化的信息，拼凑出来的世界像是一个永远解不开的难题。只希望某天有个智慧的解答出现。🔍,0.0,0.07,0.32,0.23,0.4,0.0
最近在想，是否每个人的人生都是一场自我探索的实验？我可能是实验室里的那个观察员。🧪,0.0,0.0,0.0,0.47,0.18,0.28
常常有一种特别的感觉，活在自己的世界里，看着周围的人生充满戏剧性，仿佛自己是个旁观者。是不是有点孤独？或许吧，但我更享受这种安静的思考。🌿,0.0,0.0,0.66,0.14,0.18,0.0
今天花了一个下午分析了一本书的结构，可能我这辈子都注定活在思考的海洋里。思维不自由，心灵也很难自由吧？💡,0.1,0.0,0.0,0.2,0.58,0.16
不明白为什么有些人对“社交”这么重视，而我却觉得和自己独处才是最珍贵的时光。感觉自己像个孤岛，偶尔去联系别人的桥梁，桥断了也不担心。🌊,0.0,0.09,0.33,0.15,0.43,0.06
如果世界是一场棋局，那我似乎总是在一方冷静思考，别人已经急于出招。是不是应该早点入场？嗯，还是冷静观察更好。♟️,0.0,0.0,0.36,0.41,0.19,0.09
每当我读到复杂的哲学理论，总是有一种激动的感觉，就像解开了某种深藏的谜团。可是，当我转头看到别人觉得复杂的东西，我反倒开始怀疑自己是不是疯了。🧠,0.08,0.21,0.1,0.09,0.38,0.17
许多事物和人都太情绪化了，我觉得理性是最安全的避风港。问题是，有时候理性和情感的博弈让我产生了疑惑——我应该如何平衡它们呢？🤔,0.1,0.0,0.0,0.49,0.26,0.11
那些说“让生活简单点”的人，永远不会明白复杂的美。每一个细节都值得深究，透过表面看世界，才能发现背后的精彩。🔍,0.0,0.0,0.58,0.4,0.07,0.0
深夜总喜欢看一些深奥的东西，放空自己，突然觉得这个世界就像是一个巨大的实验室，我是其中的一个观察者。🧑‍🔬,0.0,0.0,0.58,0.24,0.13,0.13
我一直在思考一个问题：人为什么总是要寻找意义？是否没有意义的生活才是最接近真实的生活？💭,0.05,0.0,0.0,0.49,0.11,0.25
又是一个没有明确目标的日子，但我喜欢这样，像是一个没有线条的草图，每天都有新的想法和灵感被涂抹上去。🎨,0.0,0.0,1.0,0.0,0.0,0.0
今天发现一个新的物理定理，感觉自己的大脑像是瞬间被打开了新世界的大门。这个世界简直太神奇，简直无法停止思考！🔬,0.0,0.05,0.66,0.06,0.0,0.33
有时候我觉得，世界充满了太多的“假设”和“可能”，每当我试图推理一个事件时，总会被新的变数打乱。人生就像一个未解的数学难题。🔢,0.0,0.1,0.08,0.31,0.44,0.0
今天又在咖啡馆里静静地看人群走过，突然觉得人类真是充满了矛盾，一面追逐物质，一面又渴望灵魂的宁静。👀,0.17,0.0,0.1,0.09,0.52,0.12
我的脑袋常常飘在空中，想起一些让自己迷失的东西。是不是太过于抽象了？但是我就喜欢这样的思考模式，虽然复杂，但很自由。🌀,0.0,0.0,0.74,0.2,0.11,0.13
一直在想，为什么每次我尝试去理解别人时，总是觉得自己理解得不够？也许人类的情感太过复杂了吧。🤷‍♂️,0.1,0.0,0.0,0.17,0.63,0.26
其实，人类的历史和思维也是充满“假设”和“推演”的，我想如果我能在历史课堂上开一堂课，一定会把一切颠覆掉。📚,0.0,0.0,0.21,0.56,0.0,0.07
讨论哲学的时候，我总是觉得自己在跟自己的灵魂对话。也许我就是一个永远追求内心真理的哲学家。🔮,0.0,0.0,0.66,0.33,0.0,0.08
看到别人在感情中激动的样子，我总会想，为什么不把时间浪费在更值得思考的地方呢？感觉自己好像一个理性主义者。💬,0.17,0.0,0.2,0.18,0.36,0.16
一个人常常会因为思想的深邃而感到孤独，但那种孤独有时又是极致的自由。你不需要太多的回应，只需要和自己对话。🗣️,0.0,0.0,0.47,0.36,0.26,0.0
不喜欢人群聚集的地方，觉得人类的复杂程度让人很累。索性，我选择在自己的小世界里做点研究，探索未知。🧑‍🔬,0.09,0.0,0.21,0.37,0.33,0.0
今天和朋友讨论了一下“人工智能”，感觉自己越来越理解这个科技的未来了。科技和人类的边界在哪里？我还在思考中。🧠,0.07,0.08,0.18,0.46,0.09,0.19
每天都在思考，人生的意义到底是什么？可能意义就在于不断的探索和发现吧，而不是简单的目标。🎯,0.0,0.0,0.57,0.25,0.09,0.17
昨天看到一个数据分析的报告，脑袋里突然涌出一大堆关于概率的思考。真不愧是个数据迷，哈哈。📊,0.0,0.0,0.93,0.0,0.0,0.18
如果我是一位哲学家，我一定会在长时间的沉思中为人类的思维方式找到新的道路。思考，才是人生的真谛。🧐,0.0,0.0,0.64,0.41,0.0,0.0
又是一个沉闷的夜晚，脑袋里充满了乱七八糟的想法。我只想找到某种能够解释这一切的理论。💭,0.24,0.08,0.0,0.16,0.48,0.0
好奇心真的太强了，看到一个新概念就无法停下来研究，结果越看越复杂，脑袋都要爆炸了！🧠💥,0.36,0.07,0.18,0.0,0.16,0.21
这个世界充满了太多的局限性和框架，我一直在寻找突破它们的方式。不过，也许这正是生活的魅力所在吧。🗝️,0.0,0.0,0.61,0.3,0.07,0.11
想过很多次，人生的意义不在于成就，而在于不断探索自己的边界。每次跨越新的思维障碍，都是一种胜利。🎉,0.0,0.0,0.87,0.17,0.0,0.0
不知道为什么，每次解决一个小问题时，我都会有一种“恍若启示”的感觉。原来，思考的世界是如此有趣。💡,0.0,0.0,0.69,0.11,0.0,0.27
人生中的许多事，就像是数学题，充满了变数。只不过，我们没有那么多时间去推导出所有答案。🤔,0.0,0.0,0.1,0.45,0.43,0.0
有时候，身边的情感生活好像是另一种维度的存在，令人无法理解，但又充满了吸引力。复杂的情感世界，我不懂，也不想懂。💔,0.05,0.0,0.07,0.27,0.65,0.0
对我来说，最有趣的事情之一就是对未知世界进行探索，不管是人类的思维，还是宇宙的奥秘。🌌,0.0,0.0,0.45,0.42,0.0,0.12
每次自己想出一个新的理论，都会有点自豪。其实，我就是那种对未知充满好奇的“理论制造者”。🔬,0.0,0.0,0.76,0.15,0.0,0.1
最近对人类思维的极限产生了些疑问，感觉每个人都在自定义自己所生活的“现实”，真的是个非常奇妙的现象。🌱,0.0,0.13,0.28,0.22,0.0,0.35
在我看来，情感总是让事情变得复杂。而理性思考是一种解药，只是...有时候太理性了反而让自己更孤独。🧠,0.0,0.0,0.0,0.34,0.72,0.0
我喜欢思考宇宙的“过去”和“未来”，它们让我对时间产生了一种全新的理解。每一次思考都像是一次心灵的旅行。🚀,0.0,0.0,0.84,0.31,0.0,0.0
最近想了很多关于人类行为模式的问题，发现我们常常低估了自己的潜力。如果你能完全理性地看待自己，生活会变得更简单。🧩,0.0,0.0,0.41,0.43,0.11,0.11
我喜欢复杂的世界，因为它充满了挑战。我总是在寻找那些隐藏在事物背后的深层逻辑，解开它们，才有满足感。🔍,0.0,0.0,0.75,0.23,0.0,0.0
每次我和人谈论科学话题时，总是能看到他们的眼睛开始变得迷茫。似乎我已经跨入了另一个思维维度。📚,0.0,0.12,0.0,0.35,0.36,0.15
一直认为，逻辑的力量是巨大的，但又常常感到人类在情感上的反应太过复杂，简直无法破解。🧠,0.16,0.06,0.0,0.26,0.43,0.12
总是觉得我和别人有很大的不同，我宁愿思考问题，而不是简单地做出反应。也许这就是INTP的特质吧。💭,0.0,0.0,0.27,0.41,0.26,0.08
最近研究了一下量子物理的悖论，发现自己的世界观被挑战了。宇宙真的是个复杂的迷宫。🌀,0.0,0.16,0.0,0.31,0.27,0.18
