posts,angry,fear,happy,neutral,sad,surprise
今天看到一篇关于人格分型的文章，真是感觉“原来我是个典型的INTP啊！”分析了一下自己，发现这确实是我。在看待问题时，我常常喜欢站在理论的角度，逻辑为主，感性为辅。这让我很难理解那些不做深度思考的决策。🤔,0.0,0.0,0.18,0.33,0.23,0.21
偶尔觉得自己是个孤独的探索者。把问题拆解成一个个小碎片，慢慢拼凑出答案，这种分析过程真的是让人上瘾。生活中的很多事情，也都像是一个难解的谜题。🔍,0.0,0.11,0.42,0.33,0.19,0.07
常常被自己的思维卡住，反复推敲一个想法却始终找不到满意的答案。也许这种“思维循环”就是INTP的常态吧。结果通常是“我没问题，就是我的思考方式比较独特。”🌀,0.0,0.0,0.18,0.46,0.21,0.13
偶尔会想，自己到底为什么那么执着于独立思考呢？或许是对“未知”的好奇心驱使吧。对我来说，解决问题的过程比结果更有趣。每个“为什么”都可以引发一连串的“怎样”与“怎么办”。🤯,0.08,0.0,0.24,0.29,0.13,0.21
今天在跟朋友讨论一些哲学问题时，感觉自己又陷入了一个深深的思考漩涡。明明是个简单的话题，结果我却从中找到了一堆值得探究的层面。INTP就是这样，被“无关紧要”的事深深吸引。🔄,0.0,0.07,0.48,0.18,0.16,0.08
看着别人轻松地做出决定，心里有点不爽。为什么别人可以这么果断，而我却要在细节里纠结那么久？也许，最适合我的方法就是一步步剖析，直到找到最合适的答案。🧠,0.15,0.0,0.07,0.23,0.52,0.15
每次尝试做一些创造性的工作时，我总是会陷入“完美主义”的陷阱。想做得很完美，结果反而停滞不前。可能，INTP的独特之处就在于，过度追求细节反而导致效率低下。🎨,0.0,0.07,0.0,0.51,0.32,0.0
最近有点迷上编程，深夜里一边调试代码一边思考各种优化策略。每一个程序的优化，都是一场智力的较量。用逻辑拆解问题的快感，真是无法言喻。💻,0.0,0.0,0.66,0.11,0.0,0.1
一直觉得自己很不擅长“社交”，尤其是和别人闲聊的时候，总是感觉话题不对、语气不对，完全无法建立起那种轻松的联系。可能就是INTP的内向本能吧，难以融入群体。🤐,0.18,0.11,0.0,0.26,0.63,0.0
看了某个哲学家的演讲，突然领悟到一些深奥的道理。明明是一场学术报告，却让我产生了深深的共鸣。INTP真的是那种“知识为魂”的存在，一切问题都能通过深度分析去解决。🎓,0.0,0.0,0.64,0.28,0.0,0.11
思考生活中的每个选择，每个决定，真是累了又累。INTP的思维模式总是停不下来，事情一旦进入脑袋就像滚雪球，越想越复杂，越想越难解。🧩,0.15,0.0,0.0,0.06,0.64,0.0
近期频繁反思自己的人际关系，发现其实自己并不擅长“照顾”他人的情感。作为一个INTP，情感处理常常被理性分析所替代，结果让人际互动有些生硬。😓,0.0,0.06,0.0,0.5,0.32,0.0
看某个热播剧时，发现其中角色的逻辑和我自己分析的方式居然惊人相似。INTP真的容易在剧情中找到共鸣，甚至能提前猜到接下来的情节走向。📺,0.0,0.06,0.38,0.18,0.0,0.42
今天和朋友辩论了一个哲学问题，最后虽然没有达成一致，但我觉得那种思考的过程对我来说更重要。INTP的辩论精神不在于胜负，而在于思考的深度。💬,0.0,0.0,0.48,0.55,0.0,0.0
似乎总是会因为一些细节问题而陷入思考的泥沼。每次想到一个问题，脑海中总会冒出无数种可能性，最后我反而无法做出决定。真是INTP的“过度分析症”啊。😅,0.34,0.08,0.0,0.12,0.57,0.0
今天又开始看某本推理小说，发现自己早已不再满足于表面，开始深入挖掘人物的动机与背景。INTP的逻辑思维让自己常常不满足于故事的表象，反而追求背后的原因。📚,0.0,0.0,0.2,0.36,0.37,0.06
试图做一个决策时，我会反复检查各种假设，直到找到最符合逻辑的解决方案。有时候，别人觉得我拖沓，事实上我只是在进行更深层次的分析。⚖️,0.0,0.0,0.08,0.68,0.07,0.0
最近开始看一些心理学书籍，觉得人的行为背后藏着许多未知的因素。作为INTP，我总是喜欢从理论上找到一个合适的解释，让每个行为都有其内在的逻辑。📖,0.0,0.0,0.32,0.58,0.0,0.07
每次出门，都会感受到社交场合的无聊与压迫。好像我的存在对于外部世界并不重要，而这种冷漠的感觉倒是让我有些舒服。INTP的生活，往往是独自度过的。🏞️,0.05,0.0,0.23,0.27,0.41,0.0
听到别人谈论“自己”时，我总是觉得这种话题太肤浅。INTP通常不太喜欢表露情感，而是更倾向于从理性角度分析自己的人生。😶‍🌫️,0.0,0.0,0.0,0.64,0.19,0.08
最近喜欢上了一款哲学类游戏，游戏中的每个决策都需要仔细思考，甚至有时候几分钟内无法做出决定。真的是INTP的理性天性在作祟，总喜欢考虑每个可能的后果。🎮,0.27,0.0,0.06,0.19,0.26,0.09
自己思考问题时，常常陷入无解的困境，结果不得不暂时放下。INTP的思想往往会陷入深度分析的循环，有时解决办法就藏在“不再想”的瞬间。🔄,0.0,0.06,0.0,0.54,0.38,0.0
看了一部剧，发现主角的人物设定和我脑海中的“理想角色”竟然几乎完全吻合。INTP真的喜欢看到符合自己思维逻辑的人物设定，那种共鸣感真的是无法言喻的。🎬,0.0,0.0,0.85,0.0,0.0,0.25
每次尝试写文章或表达想法时，总是感觉自己不够流畅。可能是INTP对“完美”的过度追求，让我在文字上也格外挑剔。📝,0.0,0.0,0.0,0.31,0.49,0.06
有时候会思考，为什么自己总是如此理性？是天性使然，还是长时间的生活环境造成的影响？不管怎样，我就是喜欢把问题抽象化，从理论的层面去理解。🤷‍♂️,0.13,0.0,0.06,0.36,0.21,0.18
在做任何决策时，我总是首先设想所有可能的后果，并为每个选择准备应急方案。这种做事方式有时让人觉得矫情，但对我来说，避免潜在问题才是关键。⚙️,0.0,0.0,0.25,0.64,0.0,0.0
最近开始关注一些科普文章，每当看到新的科学发现时，总是很兴奋。作为INTP，获取新知识的过程总是让我兴奋不已，毕竟知识本身就是无限的谜题。🔬,0.0,0.05,0.72,0.16,0.0,0.09
看了一本关于宇宙的书，感觉自己的思维被打开了新的一扇门。宇宙的奥秘真的让人着迷，尤其是从物理学角度去理解它。INTP的探索欲望真是无止境。🌌,0.0,0.0,0.73,0.14,0.0,0.06
每当遇到无解的问题时，我总是有一种“反复尝试”的冲动。INTP的思维，往往是循序渐进的，不停试探直到找到合适的解决方案。🔍,0.0,0.06,0.23,0.55,0.11,0.0
有时候思考一些哲学问题时，我会发现自己似乎与世界格格不入。也许，这就是INTP的命运，总是无法与周围的人产生深层次的情感连接。💭,0.0,0.0,0.0,0.45,0.42,0.12
看一部电影时，我常常会停下来分析每个情节背后的逻辑，甚至会推测导演为什么选择这样的叙事方式。对我来说，电影的精髓不在于剧情，而在于其背后的思想。🎥,0.0,0.0,0.18,0.77,0.0,0.06
我喜欢从问题的根源开始分析，甚至有时候会因为想得太复杂而错失了最简单的解决办法。这种复杂的思考方式，可能就是INTP的“标配”吧。🧠,0.0,0.0,0.14,0.6,0.13,0.1
最近在和朋友聊哲学时，我发现自己又一次陷入了一个“无限循环”的思考中。作为INTP，这种不断探索的过程，往往比最终的结论更让我感到满足。🔁,0.0,0.0,0.63,0.25,0.0,0.07
每当遇到复杂的数学问题时，我总是喜欢将其分解成更简单的部分。这种将复杂问题拆解的方式，让我在解决问题时更加得心应手。➗,0.0,0.0,0.48,0.58,0.0,0.0
朋友问我如何理解“幸福”时，我陷入了深思。INTP常常对感性的东西缺乏直观的理解，我们更倾向于用理性去解析这些抽象的概念。💭,0.0,0.0,0.08,0.7,0.17,0.06
每次有新问题时，我总是会迫不及待地去解答。INTP的大脑似乎总是充满了对知识的渴望，任何未知都像是一个谜题，等待着被解开。🧩,0.0,0.0,0.61,0.24,0.0,0.0
最近看了一本关于人工智能的书，虽然书中的理论有点复杂，但我完全沉浸其中。INTP的探索欲，总是让我对任何新鲜事物充满好奇。🤖,0.0,0.0,0.64,0.29,0.0,0.06
跟别人谈论生活中的琐事时，我总是觉得有点格格不入。作为INTP，我更喜欢讨论理论和哲学问题。也许这就是我与世界的不同之处吧。🌍,0.07,0.0,0.31,0.5,0.17,0.11
今天和朋友讨论了一些科技新闻，突然意识到自己已经成为了一个科技迷。INTP就是这样，总是对未知领域充满了浓厚的兴趣。💻,0.0,0.0,0.76,0.13,0.0,0.1
最近在反思自己的思维方式，发现自己在做决策时太过依赖理性，而忽视了情感的因素。也许，INTP应该学会平衡这两者。⚖️,0.0,0.0,0.17,0.58,0.28,0.0
有时候，我会怀疑自己是不是过于理性了。似乎大部分时间，我都在追求“正确的答案”，而忽略了情感的维度。INTP的思维方式，真是太偏向理性了。💡,0.09,0.06,0.0,0.15,0.45,0.22
看完一部关于未来科技的电影，感觉自己对未来充满了憧憬。INTP总是对未来充满了无限的好奇，尤其是科技带来的变革。🚀,0.0,0.0,0.79,0.14,0.0,0.08
最近对哲学产生了浓厚的兴趣，每天都在研究不同流派的思想。INTP总是对深奥的问题充满了探究欲，仿佛生活就是一个永远未解的谜。🧐,0.0,0.0,0.47,0.36,0.06,0.07
今天和朋友聊起未来的职业规划，突然意识到自己其实并不渴望传统的工作方式。INTP的自由精神总是喜欢独立思考，不喜欢被框架束缚。🚶‍♂️,0.0,0.0,0.66,0.23,0.06,0.09
昨天看到一个朋友在社交平台发的一条动态，才意识到自己从来没有认真“社交”。作为INTP，我对社交总是感到些许不适，但这也不妨碍我拥有自己的一片小天地。🌱,0.0,0.0,0.3,0.32,0.28,0.11
最近我尝试用更直观的方式表达自己的观点，而不是一味地讲道理。INTP的思维方式虽然严谨，但有时过于抽象，让人难以理解。🗣️,0.0,0.0,0.09,0.63,0.18,0.0
试图让自己适应外界的社交需求时，我总是显得有些迟钝。INTP的人际关系更倾向于理性思考，情感上的沟通似乎总是比较困难。👥,0.0,0.07,0.06,0.55,0.29,0.0
最近思考了一些关于时间管理的问题，发现自己还是没有摆脱那种过度分析的倾向。每当要做决策时，我会试图计算每个选项的风险与回报。⏳,0.0,0.0,0.08,0.59,0.19,0.09
今天跟朋友讨论了工作中的种种困难，最后我提出了一个全新的解决方案，结果大家都被我的思路震撼到了。INTP的思维，总是能从不一样的角度看问题。💡,0.0,0.0,0.65,0.26,0.0,0.15
总是忍不住反思自己。INTP的内省能力让我们不断从生活的细节中提炼出思考的素材，仿佛生活本身就是一场没有终点的思维实验。🧠,0.0,0.0,0.64,0.23,0.12,0.0
