posts,angry,fear,happy,neutral,sad,surprise
生活有时候像是一个巨大的实验，我们不断尝试，测试各种假设，最后得出自己的结论。只是很少有人愿意回头再检视自己做出的选择。#思考人生#,0.0,0.06,0.33,0.45,0.2,0.0
如果我们能够像计算机一样清晰地处理每个问题，生活会变得更简单吗？答案或许不那么直白，复杂反而构成了它的美。#理性思维#,0.0,0.0,0.51,0.55,0.0,0.12
如果我们能学会把时间浪费在更有意义的事情上，或许浪费本身也不那么让人讨厌。#哲学时光#,0.24,0.0,0.35,0.37,0.21,0.0
这世界的悖论，总在于我们每一次的推理，都有着一个不为人知的盲点。探索未知的过程才最让人上瘾。#探索未知#,0.1,0.11,0.31,0.37,0.11,0.0
有时，我们在寻找某个问题的答案时，意外发现了另一个更深层次的问题。也许，问题本身就是解答的一部分。#深度思考#,0.0,0.0,0.22,0.71,0.08,0.1
当所有的分析都无法让你平静下来时，不妨给自己一个短暂的时间，跳出框架，重新审视。#自我修正#,0.0,0.0,0.42,0.6,0.07,0.0
我不是拒绝改变，只是对所有“不合逻辑”的变动保持谨慎态度。理性，是我给自己设定的边界。#逻辑至上#,0.0,0.0,0.46,0.46,0.0,0.0
思维的流动，像是文字与想法在脑海中交织，偶尔错综复杂，但依然充满了探索的乐趣。#思想的迷宫#,0.0,0.0,0.66,0.34,0.05,0.06
不断地推理，剖析每个角落，直到发现一切都已经变得太复杂，思维的清晰反而变得更加难以捉摸。#思维挑战#,0.0,0.19,0.21,0.49,0.22,0.05
总觉得“简洁”是解决所有问题的关键，但实践告诉我，复杂的系统并非总能被简化为简单的答案。#复杂美学#,0.0,0.0,0.21,0.6,0.11,0.15
科学的进步从来没有真正的止步，而每一项新的发现，也许都会揭示更多未知的世界。#科学与探索#,0.06,0.0,0.51,0.44,0.0,0.0
一如既往地相信，真理的背后隐藏着无数个难以言喻的疑问。每一次探索，都是一次勇敢的质疑。#知识的深海#,0.0,0.08,0.72,0.26,0.0,0.0
总是很难解释，为什么我宁愿沉浸在这些看似无用的知识中。或许，正是因为它们的无用，才让我真正感受到思维的自由。#自由思考#,0.07,0.0,0.34,0.34,0.19,0.09
谁能说得清，眼前的复杂和混乱，究竟是我们的缺陷，还是这个世界本身的特质？#哲学探讨#,0.11,0.09,0.0,0.54,0.14,0.17
时间流转，问题总会被遗忘或被重新审视。在每一次的审视中，我们能发现不一样的视角。#重新审视#,0.0,0.0,0.47,0.54,0.11,0.0
不是所有的答案都能带来满足感，或许，问题本身才是最值得品味的部分。#答案与问题#,0.0,0.0,0.44,0.49,0.08,0.11
我经常在想，我们的逻辑框架是如何在不断的推理中被建立起来的。每一步都值得深思。#推理的魅力#,0.0,0.0,0.47,0.48,0.0,0.0
遇到不懂的事，问自己：这背后隐藏着什么规律？如果每个答案都能引出更多的疑问，那才是思维的真正乐趣。#思维的乐趣#,0.0,0.0,0.55,0.4,0.0,0.13
总是觉得，如果可以对世界的每个现象都有一个完整的解释，那就意味着我们的理解已经停滞了。#思考的边界#,0.15,0.0,0.0,0.45,0.4,0.0
通过对一些简单问题的深度思考，我发现自己越来越喜欢在细节中找到答案的痕迹。#细节的力量#,0.0,0.0,0.73,0.3,0.0,0.0
我一直在思考，为什么我们总是被表象所吸引，难道不更应该深究背后的本质吗？#深度探索#,0.11,0.0,0.0,0.46,0.2,0.27
幻想和现实之间的界限，有时比我们想象的更为模糊。若从理性思考，它的模糊性是自然的。#现实与幻想#,0.0,0.06,0.0,0.8,0.12,0.0
人类的感性和理性总是互相拉扯，最终形成了我们对世界的多重理解。#人类的两面性#,0.0,0.0,0.12,0.73,0.12,0.0
今天读了一篇文章，说到人类如何因复杂而崩溃。可我想，正是这复杂，才让我们有了不断前行的动力。#复杂的美#,0.0,0.0,0.6,0.21,0.16,0.11
不经意间发现，自己对某些“理所当然”的事物感到质疑。每一个看似普通的事实，都值得我去挑战。#理性质疑#,0.05,0.11,0.36,0.33,0.14,0.07
人生就是一个不断推理的过程，推翻一个答案，迎接下一个未知。#推翻与重建#,0.0,0.0,0.59,0.51,0.0,0.0
每一次的思考，都像是在打开一扇门，门后总有新的世界等待我们去探索。#思考的门#,0.0,0.0,0.73,0.3,0.0,0.0
每次思维的突破，不仅是对知识的积累，更是对世界认识的扩展。#知识的扩展#,0.0,0.0,0.62,0.44,0.0,0.0
我喜欢那种看似无用的思考，正是这种思考让我体会到不被束缚的自由。#自由的思维#,0.0,0.0,0.74,0.31,0.0,0.0
面对混乱时，不要急于判断。冷静下来，思考清楚再做决定。理性，始终是最可靠的指南。#理性思考#,0.0,0.0,0.53,0.56,0.0,0.0
或许，我们根本不需要最终的答案，只要在追寻的过程中找到自己的节奏。#追寻的意义#,0.0,0.0,0.58,0.33,0.07,0.07
反思过去的决定，有时就像是解一道错综复杂的难题。每一步，都可能带来新的发现。#反思与自省#,0.0,0.0,0.52,0.45,0.16,0.0
当你把目光从事物的表面移开，你会发现，一切的背后都蕴藏着无数的可能性。#重新审视世界#,0.0,0.0,0.45,0.52,0.06,0.07
是否每个问题都必须有答案？或许，我们已经习惯了寻找结论，但有时候问题本身更值得关注。#答案与问题#,0.0,0.0,0.14,0.61,0.08,0.19
想象与现实，常常是人类思维的双面镜。一个理性，一个感性，究竟哪个更能带我们走向真理？#镜中世界#,0.0,0.0,0.14,0.61,0.11,0.19
在这个信息爆炸的时代，反而学会过滤与沉淀才是最重要的技能。#信息过滤#,0.0,0.07,0.24,0.73,0.0,0.0
常常感叹，知识的积累仿佛永无止境，但每次停下来回望，才发现自己已经走了多远。#知识的旅程#,0.0,0.0,0.43,0.16,0.5,0.0
我们总是不断质疑自己的思维方式，是否能够更好地理解这个世界。或许，最好的方式就是不断地追问。#思维的深度#,0.0,0.0,0.32,0.52,0.16,0.0
越是深入了解一件事，越会发现它并非表面上看起来那么简单。#复杂的真相#,0.0,0.07,0.11,0.51,0.19,0.21
通过对过去的反思，我越来越意识到，我们的每个选择，都是由一个个微小的决定组成的。#微小的决定#,0.0,0.0,0.24,0.56,0.17,0.0
我常在想，理性与感性，究竟哪个才是支配我们行动的真正力量？#理性与感性的较量#,0.07,0.0,0.07,0.46,0.24,0.23
生活中的一切都像是一个巨大的方程式，每个变量都有可能影响最终的结果。#生活的方程#,0.0,0.0,0.23,0.72,0.0,0.05
是否我们已经习惯了按照某种模式去思考？也许有一天，我们能够跳出框架，找到新的方式。#跳出框架#,0.08,0.0,0.42,0.44,0.08,0.11
突然意识到，有些问题，永远都没有答案。它们是我们思维的引子，激发我们不断探索。#无解的谜题#,0.0,0.12,0.06,0.3,0.48,0.17
我们的思维模式究竟能否应对这个日益复杂的世界？或许，这本身就是我们不断进步的动力。#思维的进化#,0.07,0.0,0.46,0.48,0.0,0.11
很多人问，为什么理性如此重要？因为在混乱的世界中，理性才是我们稳定前行的基石。#理性的力量#,0.0,0.0,0.43,0.54,0.0,0.0
看似无关的事情，经过深度分析后，可能会给我们带来意想不到的启示。#分析的乐趣#,0.0,0.0,0.42,0.58,0.0,0.11
对我而言，每一次独立思考的过程，都像是在解答一个复杂的谜题，而这正是我最喜欢的挑战。#思考的乐趣#,0.0,0.0,0.79,0.22,0.0,0.11
我总觉得，生活中的每个难题，背后都有一个隐藏的规律。如果有一天我们找到了这个规律，一切就都迎刃而解了。#规律与解答#,0.0,0.0,0.39,0.58,0.0,0.11
我们大多数人都习惯了寻找简单的答案，却忽视了答案背后的复杂与深度。真正的答案，往往藏在复杂中。#复杂的答案#,0.0,0.09,0.0,0.63,0.25,0.15
