posts,angry,fear,happy,neutral,sad,surprise
试图解析一下“人生无常”的真正含义，结果发现无常本身就是个“常”字。#哲学困境,0.07,0.07,0.0,0.61,0.16,0.13
总觉得自己越来越像程序员，每次给生活加个小改进都想着能否让它更高效一点，但最终我只是变得更加懒惰。,0.25,0.0,0.0,0.06,0.76,0.0
从来不看热搜，突然看到“如何提高自我意识”，瞬间觉得这个问题我也许一辈子都无法解答。,0.0,0.0,0.0,0.2,0.62,0.22
今天用5分钟看了某个编程视频，结果把自己搞得比之前更迷茫。是时候给自己的大脑升级了。,0.13,0.0,0.19,0.14,0.47,0.0
打算尝试快速读书，结果发现我根本控制不住自己停下来思考的欲望，速度就是这么慢，没办法。,0.3,0.0,0.0,0.0,0.63,0.12
今天解决了个小问题，感觉自己像个天才。忽然觉得所有的计算机科学都不过是些小儿科。,0.12,0.0,0.14,0.23,0.28,0.16
每次自己琢磨一个理论时，都会深刻怀疑自己是不是大脑不正常。或者，正常的人是怎么思考的？,0.08,0.1,0.0,0.31,0.21,0.31
刚才发现自己理解了量子力学中的某个难点，接着想到，难道我也有成为科学家的潜力吗？,0.0,0.0,0.25,0.24,0.09,0.39
整天和自己对话，听说这是典型的INTP症状。我更关心的是，有没有更高效的“自我对话”方法。,0.09,0.09,0.0,0.5,0.17,0.11
每次学习新技能都会觉得自己像个超能战士，但最后还是被日常琐事困住了。真是“战力暴跌”。,0.32,0.1,0.0,0.08,0.68,0.0
看了一遍《黑客帝国》，想到了一个超酷的理论，但当我尝试解释给朋友时，他们的表情真让我怀疑我在做白日梦。,0.06,0.17,0.07,0.15,0.08,0.43
最近沉迷于解谜游戏，差点以为自己已经发掘了隐藏的世界规则。现实告诉我：可能是我过于自信了。,0.0,0.11,0.11,0.19,0.58,0.13
今天忽然思考“自由意志”这个问题，发现问题本身就是个逻辑迷宫。现在我需要找个地图指引一下。,0.09,0.05,0.0,0.5,0.11,0.18
刚看了一篇“哲学入门”文章，结果看完后我更不明白哲学是什么了。决定先给大脑做个重启。,0.16,0.0,0.0,0.33,0.4,0.12
今天给自己制定了一个“无聊时间”计划，结果没有一刻是不无聊的，看来我根本不擅长制定计划。,0.34,0.0,0.0,0.09,0.52,0.14
突然发现“感性”似乎是人类的一种谜题，试图理解情感的复杂性，但总结出来的结论是：还是不懂。,0.0,0.0,0.0,0.29,0.38,0.3
每次给人解释问题时，总是让他们更加困惑。这就是INPT的魅力，永远能提供“更多的问题”而不是答案。,0.0,0.0,0.48,0.45,0.0,0.08
今天用了一天时间完成了一个小项目，结果我发现自己对每个细节都太过于纠结，效率堪忧。,0.17,0.0,0.0,0.22,0.57,0.16
昨天尝试写个小说，结果开始有了剧本式的结构。文笔不行，逻辑还是不错的，算是找到了一种新方式。,0.0,0.0,0.74,0.24,0.08,0.0
每次深夜醒来想些奇怪的哲学问题，发现自己正在思考的东西大多是自己编造出来的世界规则。,0.0,0.0,0.0,0.42,0.25,0.24
理论和实践之间的距离越来越远，我试图跳跃这段距离，但每次落地都感觉有点软着陆。,0.0,0.07,0.0,0.35,0.62,0.0
今天重新审视了我的生活目标，结果发现它们完全没有逻辑性。这种“随机性”让我稍微感到兴奋。,0.0,0.0,0.58,0.27,0.0,0.18
对于“高效”的追求，似乎已经进入了死胡同。试图从不同角度审视自己，但还是找不到突破口。,0.06,0.0,0.0,0.39,0.44,0.0
现在越来越明白，人生的“最佳状态”其实是一个虚无的概念。尝试理解这一点时，感觉自己又被困住了。,0.08,0.07,0.0,0.24,0.57,0.09
看着朋友们的生活，思考着自己是否也该“充实”一点，突然发现，我的充实方式和他们不太一样。,0.06,0.0,0.4,0.13,0.35,0.21
听说要做“自我修养”，但想到我这层次的修养，似乎是需要重新定义的。搞得我更想从头来一遍。,0.24,0.0,0.0,0.22,0.44,0.07
每次学习一项新技能，都像是在“解码”一个新的世界。虽然有点混乱，但这正是我存在的意义。,0.0,0.0,0.78,0.26,0.0,0.0
听说多做思考能带来进步，我现在每天进行自我思考，无论是哲学、科技，还是食谱。我想我可能思多了。,0.0,0.05,0.18,0.37,0.25,0.16
今天看了个科技新闻，某个新发明挺酷的，但最后结论是：“这也许只是个短暂的技术狂热。”,0.0,0.0,0.18,0.46,0.0,0.16
今天研究了“是否能用AI预测未来”，觉得这个问题太抽象。随便想想，不如想想能预测什么。,0.09,0.0,0.0,0.49,0.25,0.15
曾试着用逻辑分析人类情感，结果发现自己连“为什么喜欢吃甜食”都没搞明白。人类真复杂。,0.13,0.06,0.0,0.13,0.42,0.28
看了看自己的游戏时间，决定用“深度思考模式”来玩游戏。结果发现连游戏都玩得一团糟。,0.11,0.0,0.0,0.3,0.45,0.25
今天在整理笔记时，发现我有不少标注“待处理”的任务，现在看来，大概永远也不处理完了。,0.0,0.0,0.0,0.36,0.43,0.19
每次重启思维之后，我都会觉得自己像是从另一个维度回到现实中，身边的每个细节都充满了新鲜感。,0.0,0.0,0.9,0.19,0.0,0.0
最近陷入了“时间旅行”的思考，发现这个理论本身也许就没有结论，倒不如尝试多做点实际的事。,0.06,0.0,0.0,0.51,0.42,0.06
虽然看到有人讨论AI对未来的影响，但我只想知道一个问题：AI能不能帮我完成今天的所有任务？,0.13,0.0,0.0,0.47,0.12,0.23
最近尝试用“反向思考”来解决问题，结果发现自己进入了另一个问题的循环。我可能对世界有误解。,0.06,0.0,0.0,0.31,0.37,0.19
试图研究人类的行为模式，但每次都是重新定义了一遍。结果我发现自己是个“行为研究失败者”。,0.18,0.0,0.0,0.25,0.43,0.11
今天写了一篇关于“创新”的文章，结果自己也搞不清楚究竟是什么才算真正的创新。知识无限，迷茫不止。,0.0,0.09,0.0,0.22,0.55,0.13
有时候想象一下，如果能把时间倒流会怎样，结果每次都发现自己更迷茫了。看来是需要找些实际的事做。,0.06,0.0,0.0,0.13,0.71,0.07
昨晚脑海中浮现出“完美系统”的构想，结果理想与现实之间的差距让我沉默了五分钟。,0.13,0.0,0.0,0.16,0.64,0.19
今天对“因果关系”产生了疑问，开始重新审视自己每天的决定。然后决定再想想再做决定。,0.0,0.0,0.19,0.37,0.3,0.11
看着朋友们的生活，我常想：“我能不能也像他们一样活得充实一点？”但最后还是回归了内心的世界。,0.0,0.0,0.51,0.11,0.39,0.07
突然想到一个问题：人类是否已经被科技征服？答案永远是，不，科技只是工具，最可怕的是人类的思维方式。,0.0,0.31,0.0,0.31,0.05,0.25
对于现代社会的种种信息爆炸，最让我感到恐慌的是：“我还在吗？”然后我决定去翻看一些哲学书籍。,0.12,0.33,0.0,0.29,0.26,0.19
观察到自己每天都在做无意义的选择，今天决定给每个选择增加一个哲学性的深度。但结论依然是“选择即苦难”。,0.0,0.0,0.09,0.43,0.42,0.05
看了电影《盗梦空间》，完全被里面的层次结构吸引。想象一下，如果可以在梦里掌控自己的现实，那就好了。,0.0,0.0,0.56,0.39,0.0,0.1
最近尝试每天记下自己思考的所有问题，结果觉得自己每天都在给自己出难题，生活就像个数学题。,0.1,0.0,0.0,0.23,0.58,0.13
尝试定义“存在”，却被“存在”本身的复杂性搞得有点迷茫。也许下一次我只要定义“普通”就好。,0.05,0.06,0.09,0.38,0.41,0.1
今天看到一篇关于未来科技的文章，推测到2025年将有重大突破。想了想，或许我们还在2025年之前就遇到另一个迷题。,0.0,0.06,0.0,0.65,0.0,0.22
