posts,angry,fear,happy,neutral,sad,surprise
最近一直在思考，“如果你不去做自己真正喜欢的事情，那一辈子就这么过去了，会不会后悔？” 但回过头来，我又觉得这个问题没什么实际意义，人生的意义可能不在于追寻某个明确的目标，而是在过程中寻找自由和思考的空间。,0.0,0.0,0.15,0.32,0.52,0.12
看了《三体》重启笔记的小说，感觉自己仿佛进入了另一个宇宙。对于我来说，书籍不只是娱乐，更多的是思考和灵感的源泉，或者是给自己内心疑问的解答。,0.0,0.0,0.64,0.43,0.0,0.0
“没有所谓的好坏，只有角度不同。” 这种话总是让我想很多。或许每个人都在自己的世界里挣扎着寻求某种平衡，而我，始终在寻找一个既合理又非凡的答案。,0.0,0.0,0.28,0.3,0.32,0.06
有时候，别人的情绪管理真的很让我困惑。为什么他们能处理得那么得心应手？我只能暗暗思考是不是少了点什么，或者，是不是某种方式的思维模型不适合我？,0.15,0.0,0.0,0.26,0.38,0.21
最近的挑战大概是怎么有效地平衡工作与生活，虽然一直觉得“工作不是生活的全部”，但当遇到问题时，总会陷入“我要怎么应对？”的困境。有时，也许只需要更多的冷静思考。,0.0,0.07,0.15,0.32,0.38,0.1
大家都说“长大了就懂了”，但我越来越觉得，懂不懂好像并不重要，重要的是你是否有能力在自己的不理解中找到继续前行的动力。,0.0,0.0,0.61,0.15,0.25,0.0
很多事情看似简单，但深究下去却是个谜。比如，为什么人类总是会在某些时刻，陷入到“过度思考”中？这种状态下，连做决定都需要推敲再三。,0.0,0.17,0.0,0.59,0.21,0.09
刚刚重新读了《1984》，这本书给了我很多不一样的视角。在今天这个信息爆炸的时代，我们是不是也在无形中被“控制”？“自由”到底是一个多么复杂的概念。,0.09,0.05,0.06,0.46,0.09,0.18
无论做什么，自己总是最难打破的障碍。我一直在想，或许这也是人类的固有弱点，追求完美，但又深知不可能完美，最终只能不断调整期望。,0.0,0.0,0.05,0.24,0.65,0.0
按照我的思维模式，不太喜欢被外界的观点左右。大家总是说要“适应社会”，但我反倒在思考，我们要是总是随波逐流，真的就能找到自己想要的吗？,0.1,0.0,0.11,0.37,0.29,0.15
和朋友讨论了一下“理性”与“感性”的问题。理性思考总是让人觉得一切都有条理，而感性则能让你体验到生活的丰富性。这两者的平衡，或许才是我一直在寻找的。,0.0,0.0,0.41,0.57,0.0,0.11
我现在总在思考，“人类如何在无法控制的大环境下找到自己的独立性？” 这个问题没有标准答案，但我知道，或许每个人都在从事“自我探索”的工程。,0.0,0.0,0.14,0.6,0.0,0.15
看到某些人一副活在现实世界的样子，我不禁想，难道他们真的不会感到思维的压迫？有时候，理性过头反倒会让人迷失在其中。,0.18,0.05,0.0,0.33,0.32,0.15
处理问题的思路总是分成两个部分：理性分析与感性决策。理性帮助你看清事实，感性却能引导你找到“合适”的答案。两者的结合才是最理想的状态。,0.0,0.0,0.31,0.8,0.0,0.0
最近看了不少哲学书籍，发现“存在”的问题真是让人头疼。我们活在一个不确定的世界，追寻意义，却又无从下手。或许，这就是人生的本质吧。,0.1,0.06,0.0,0.26,0.47,0.1
深入思考后，我越来越觉得，“放手”可能是最难做到的事。当自己无法掌控一切时，那种不安与焦虑感仿佛涌上心头。真的有解决的方法吗？,0.0,0.15,0.0,0.15,0.65,0.13
听说，每个人的成功都来源于他能否持续不断地自我驱动。我开始反思自己的行为模式，是不是在无形中将自己拖入了一种“停滞”的状态？,0.15,0.05,0.0,0.36,0.3,0.13
总觉得现代社会里，信息的过载让我们忽视了真正有价值的东西。人们总是忙于追逐短期目标，却不愿意投入到长期深刻的思考中。这不禁让我感到有些焦虑。,0.0,0.08,0.0,0.39,0.45,0.0
一直觉得，生活中的很多问题并不是“解决”问题，而是如何“适应”问题。我们必须学会接受某些事物无法改变的事实。,0.0,0.0,0.35,0.57,0.17,0.0
最近频繁思考“人为什么要工作”这个问题。工作，究竟是为了生存还是为了追求意义？如果没有意义，那我们为何坚持呢？,0.07,0.0,0.07,0.48,0.2,0.16
看了一场电影，其中的台词让我深思：“你能否接受无常？” 我突然意识到，生活中的很多事情都处在不稳定之中，我们唯一能做的，就是去接受并且适应。,0.0,0.0,0.27,0.45,0.3,0.0
在困境中能保持理性思考，是一项难得的能力。即使一切都无法掌控，我依然试图找到理性的思路，去让一切变得更加清晰和可理解。,0.0,0.0,0.78,0.2,0.0,0.0
有时候，一个人的成长并不是来自外部的刺激，而是来自内心的挣扎和思考。只有真正学会面对内心的恐惧，才能走向更广阔的世界。,0.0,0.08,0.58,0.39,0.08,0.0
喜欢一个人，不一定是要在一起，而是希望能从他们的世界中得到启发。或许，这种纯粹的欣赏，才是最美好的情感。,0.0,0.0,0.92,0.11,0.0,0.0
今天总结了一下，我觉得自己越来越不喜欢“表面”的东西。所有的华丽外表和虚假的承诺，都无法掩盖背后的空洞。真正的价值，是在内在的深度中体现的。,0.0,0.0,0.2,0.37,0.38,0.0
看着这个纷繁的世界，我越来越相信，理性并不是万能的。有时候，感性和直觉可能会指引我们走向更好的地方。,0.0,0.0,0.84,0.19,0.0,0.0
生活中的不确定性让我迷茫，但又不得不承认，这种不确定性给了我探索的空间。也许，生活的意义就在于不断的探索和适应。,0.0,0.0,0.63,0.31,0.1,0.0
这些年来，最让我迷惑的是人们的“标准化”思维。每个人都在按照某种标准去做事，忽略了个体的多样性。难道我们就没有更自由的方式吗？,0.34,0.0,0.0,0.26,0.13,0.22
为什么每个人都在追求“更好”，却从未停下来思考过，什么才是“最好”？对我而言，最好可能并不是要达到某个标准，而是追求一个自我满足的过程。,0.0,0.0,0.39,0.34,0.11,0.18
经常思考，人到底为什么会感到不安。大概是因为我们无法掌控一切，只能在一个个不确定中寻找某种可以依赖的规则。,0.0,0.09,0.0,0.4,0.46,0.0
最近总是感觉生活中的“决策”比以往更加复杂。随着信息的增多，我反倒更难做出选择。大概这就是过度理性思考的后果吧。,0.12,0.09,0.0,0.3,0.43,0.1
每次遇到复杂的情境，我总是有一种冲动：是否可以通过更深入的思考找到最佳解决方案？可是，很多时候，结果往往并非那么理想。,0.0,0.0,0.0,0.35,0.43,0.18
今天突然想到一个问题：“当一切都已经改变，过去的那些决定，还有意义吗？” 人生中很多选择，都像是瞬间做出的，却在某种程度上决定了我们的未来。,0.0,0.0,0.0,0.37,0.45,0.23
觉得自己有点过于理性，甚至到了冷酷无情的程度。或许，应该学会更多地倾听内心的声音，而不仅仅是依赖逻辑推理。,0.1,0.0,0.19,0.41,0.48,0.0
有时候真希望能够进入别人的思维世界，看看他们是如何看待这个复杂的世界。是不是每个人的理解都能给我一些启发呢？,0.0,0.0,0.64,0.17,0.05,0.15
最近在思考，“突破自我”到底意味着什么。我们总是说要突破，然而突破的背后到底隐藏着多少未知的挑战和潜在的困境？,0.0,0.0,0.11,0.41,0.14,0.29
不知道为什么，我越来越享受在安静的角落里独处。这里没有人打扰，只有我和我的思考，这样的时刻让我感到前所未有的自由。,0.0,0.0,0.9,0.0,0.0,0.08
以往的我总是过于依赖逻辑思维，但我现在越来越觉得，某些时候，直觉和感性可能是最重要的。,0.0,0.0,0.45,0.44,0.23,0.07
每当感到困惑时，我就会想，“我是否已经站在了自己过去不曾想到的高度？” 每一次的迷茫都是成长的契机。,0.0,0.05,0.22,0.23,0.49,0.12
深思熟虑后，我终于明白，有些问题根本没有标准答案。我们只能在不断的试错中，逐步找到最适合自己的方向。,0.0,0.0,0.4,0.37,0.24,0.05
人生中有很多挑战，最难的或许不是面对外界的压力，而是如何让自己的内心不动摇，始终保持清醒。,0.0,0.0,0.59,0.38,0.0,0.0
看着身边的人们，他们的生活或许看似很充实，但我仍然无法忽略一个问题：“他们内心的满足感，真的像表面那么好吗？”,0.0,0.0,0.2,0.2,0.37,0.27
总是希望能找到一种“最优解”，但问题是，最优解到底是什么呢？或许，最好的解法就是接纳每一种可能性。,0.0,0.0,0.15,0.59,0.14,0.18
我一直在思考，为什么我们总是觉得时间不够用。也许我们根本没有合理规划，或者说，我们已经在太多无关紧要的事物上浪费了太多精力。,0.12,0.0,0.0,0.25,0.64,0.14
看了一本书，里面提到了一点：“你无法改变的事情，最好的方式就是接受它。” 对我来说，这是一种不小的启发，或许很多事情，真的只是需要时间去适应。,0.0,0.0,0.61,0.36,0.06,0.0
人生中，最难的挑战就是，如何在没有明确方向的情况下，依然能够前行。保持内心的平静，接受一切变动，是最重要的能力。,0.0,0.0,0.59,0.39,0.0,0.0
最近的日子，让我明白了一个道理：每个人的生命中都有一段“不确定”的时光，而这段时光正是让你成长的关键。,0.0,0.0,0.63,0.38,0.0,0.06
我始终认为，思考能力才是一个人的核心竞争力。当我们面对复杂问题时，深度思考和批判性思维是我们走出困境的关键。,0.0,0.0,0.36,0.67,0.0,0.0
越来越喜欢在不确定中寻求自我，过去总是对未来充满规划，而现在，我更愿意拥抱每一个“未知”的瞬间。,0.07,0.0,0.9,0.0,0.0,0.0
随着生活节奏的加快，我发现自己变得越来越沉默，越来越喜欢在宁静中思考，或许这是我给自己留出的空间。,0.0,0.0,0.7,0.25,0.1,0.08
