posts,angry,fear,happy,neutral,sad,surprise
每次沉浸在某个新学科时，时间仿佛静止。最近开始研究量子计算，感觉自己在探索未知的宇宙，虽然很难懂，但那种挑战感真的很迷人。,0.0,0.0,0.93,0.1,0.0,0.0
现在的知识更新速度真让人有点应接不暇。早上刚读完一篇关于AI伦理的文章，晚上就有新的理论冒出来。世界真的是进步太快了，连停下喘口气的时间都没有。,0.4,0.0,0.14,0.07,0.35,0.0
看了些心理学的资料后，突然意识到我们很多行为背后的动机是潜意识的影响，真的是被自己的思维给震撼到了。人类是多么复杂而微妙的生物。,0.0,0.14,0.4,0.17,0.0,0.31
最近开始深度了解机器学习，自己也写了一些简单的代码。发现这东西好像能做很多事情，感觉自己进入了一个全新的领域，真的是越学越有趣。,0.0,0.0,0.94,0.0,0.0,0.09
有没有人也有这种感觉：学了好多东西，可是总觉得没有特别的方向。想要做点什么又有点迷茫，毕竟大脑里的信息量太大，完全不知道从哪开始。,0.06,0.08,0.0,0.18,0.71,0.07
假如有一天我能跟一个AI进行深入的哲学对话，能不能找到那些令人困扰的终极问题的答案呢？现在只感觉自己陷入了更多的问题中，但探索的过程却奇妙至极。,0.0,0.07,0.55,0.2,0.0,0.17
有时候真想把所有的知识都系统化，弄个完美的知识框架出来，这样一来每当我碰到问题时，就能迅速找到解决的方法。可惜，生活中大多数问题都没有标准答案。,0.1,0.0,0.08,0.25,0.56,0.09
今天突然想到了一个问题：如果我们每个人的意识都可以被数字化存储，那么我们到底算不算还活着呢？这个想法让我思绪万千。科学的边界到底在哪里？,0.12,0.0,0.0,0.41,0.13,0.32
深入思考宇宙的起源和生命的意义，好像越想越乱。每当我看到一些物理学上的新理论，就感觉自己跟宇宙之间的距离越来越近，但又有种永远抓不住的虚无感。,0.06,0.1,0.05,0.26,0.52,0.0
人类对世界的认知永远处于局限之中。每当我试图理解更深的东西时，总有一层膜把我与真理隔开。这种无形的障碍，似乎永远存在。,0.11,0.11,0.0,0.56,0.29,0.0
最近意识到，虽然科技发展如此迅速，但我们每个人对它的理解总是那么片面。可能有些东西，只有等到自己真正身临其境时，才能体会到它的复杂性。,0.0,0.0,0.1,0.51,0.32,0.13
我总是对一些细节特别感兴趣，不知道为什么，总觉得越是微小的部分越能透露出事物的本质。比如说，一张古老的地图，一段手写的文字，它们背后隐藏的故事能让我沉迷其中。,0.0,0.0,0.42,0.49,0.06,0.08
这几天在思考一个问题：理性与情感到底能不能共存？许多哲学家都在探讨这个问题，但总是没有明确的答案。也许，问题本身就没有标准的解答。,0.07,0.0,0.0,0.66,0.18,0.18
最近在反思：人的思维是不是像一个黑洞，越是深入其中，越是无法自拔。每个想法都像引力一样，吸引我进一步去探索，直到最终迷失在自己的思维里。,0.0,0.0,0.0,0.39,0.42,0.0
真的想做个实验，把一整天的时间都花在思考与学习上，看看自己能产生什么样的变化。总觉得自己缺乏那种深度沉浸的体验。,0.12,0.07,0.0,0.23,0.63,0.0
很多时候，解决问题的方法并不在于多努力，而是在于跳出固有的框架，尝试不同的思路。或许我们的很多困境只是思维上的局限。,0.0,0.0,0.29,0.57,0.14,0.05
今天尝试着通过一些逻辑推理来解决一个数学难题，结果花了好几个小时，最终还是找不到答案。这个过程虽然痛苦，但也让我对解决问题的方式有了新的理解。,0.0,0.0,0.52,0.28,0.19,0.0
我经常思考，人的意识到底是如何产生的？是大脑的某种化学反应，还是潜意识的某种深层次作用？这个问题，一直困扰着我。,0.0,0.07,0.0,0.63,0.16,0.24
记得小时候看过一本书，里面提到了一种理念：人生就像是一场没有终点的旅行。每个人都在不停地行走，不停地探索，但最后目的地永远是未知的。,0.0,0.0,0.3,0.49,0.2,0.0
总是觉得，自己好像是站在知识的边缘，尝试着去理解那些深奥的哲理，但每次都被更深的未知所吸引。也许，这就是知识的魅力吧。,0.0,0.0,0.83,0.06,0.0,0.05
最近发现自己对哲学的兴趣愈发浓厚。人类存在的意义、自由意志、意识的本质……这些话题好像永远没有答案，但每次思考时，都会发现新的深度。,0.0,0.0,0.68,0.23,0.0,0.0
有时候想，现代社会对我们每个人的期望是不是有点太高了？我们既要追求理性，又要追求情感的平衡，似乎每个决定背后都充满了冲突和矛盾。,0.12,0.0,0.0,0.4,0.27,0.15
我一直在思考，是否可以用数学模型来解释人的情感。毕竟，情感也有其规律，只是目前我们的认知还不够深入，无法真正揭示这些规律。,0.0,0.0,0.0,0.76,0.13,0.0
大部分时间，我都在寻求知识的碎片。虽然这些碎片很多时候没有完整的解答，但它们让我不断进步，让我看到更广阔的思维世界。,0.0,0.0,0.77,0.19,0.0,0.0
在面对生活中的难题时，我发现自己总是先从理论上分析，再去实践中寻找突破。虽然这样的方法有时看起来很理性，但它也让我更加清晰地理解每个问题的核心。,0.0,0.0,0.53,0.53,0.0,0.0
每当遇到挑战时，我都会试图从多种角度去解构问题。也许这是INTP的典型思维方式：既不满足于表面现象，也不急于得出结论，总是在寻找更深层次的原因。,0.0,0.0,0.27,0.67,0.0,0.0
思考问题的时候，偶尔会陷入无尽的循环。每个想法都像是一个接力棒，传递到下一个问题中。理性思维似乎永无止境。,0.0,0.0,0.31,0.6,0.0,0.0
最近发现，很多时候我对一个话题的兴趣，不在于它的结论，而是在于探索过程中所获得的视角和思维方式。这也是我在学术领域一直深耕的原因。,0.0,0.0,0.32,0.73,0.0,0.07
很多时候，人的想法并不总是线性的。就像我今天读的那篇文章一样，表面看是个简单的论点，但深入分析后，才发现其中隐藏着多层次的复杂性。,0.0,0.0,0.11,0.7,0.0,0.1
不知道大家有没有这种感觉：有些问题看似简单，但越思考，越发现其中的复杂性。生活中就是这样，总有一些看不见的层次，影响着我们的决策。,0.07,0.0,0.09,0.44,0.24,0.17
发现自己的思维总是跳跃式的，很多时候，思考的起点和终点并不直接相关。但这恰恰是我所喜欢的，跳出固有的框架，探索未知的领域。,0.0,0.0,0.76,0.29,0.0,0.1
最近在想，所有的知识和真理是否都可以通过逻辑推理来证明？很多哲学家认为，某些事情是无法通过理性来解释的，但我总觉得人类的理性潜力远未被完全挖掘。,0.05,0.0,0.0,0.55,0.2,0.07
发现自己越来越喜欢思考一些抽象的问题，比如时间的本质、存在的意义。虽然这些问题似乎没有明确的答案，但正是这种追问，让我感觉自己活得更真实。,0.0,0.0,0.84,0.17,0.0,0.0
有时候，我对世界的理解好像停留在一个模型里，外界的变化总是被我按进已有的框架中。但每当突破这个框架时，我就会感觉自己获得了一些新的自由。,0.0,0.0,0.63,0.39,0.0,0.0
我总是喜欢从最基础的原理出发，思考问题的本质。这样做不仅可以让我理清思路，还能帮助我发现那些容易被忽视的细节。,0.0,0.0,0.5,0.58,0.0,0.0
人类的思维是一种非常有趣的现象。我们常常受到情绪和环境的影响，但最终还是要回归到理性，才能做出合理的决策。,0.0,0.0,0.45,0.66,0.0,0.0
最近思考了一下，人的个性和思维模式是不是可以通过遗传或环境因素来决定？我们每个人的思想深度和广度，似乎都受到这些因素的制约。,0.0,0.0,0.0,0.82,0.0,0.14
观察自己的一些行为，突然觉得自己总是喜欢保持独立思考。不论外界如何干扰，我总是会回归到自己的思维轨道，寻找问题的根本原因。,0.0,0.0,0.7,0.24,0.05,0.05
有时候，知识本身并不是最重要的，重要的是我们如何使用这些知识去解决实际问题。理论和实践的结合，才是最有力量的。,0.0,0.0,0.37,0.67,0.0,0.0
不知道大家有没有过这样的感受：某个知识点突然被触发，瞬间明白了某些道理，但又无法用语言准确地表达出来。这种瞬间的顿悟，真的是一种独特的快感。,0.0,0.0,0.75,0.18,0.0,0.13
总觉得自己对于技术的探索永远没有尽头。每当学会一种新技术，总觉得它只是冰山一角，背后还有更多未被发现的奥秘。,0.0,0.09,0.09,0.41,0.46,0.0
看着朋友们把生活过得有条不紊，我有时会觉得他们的生活方式似乎过于单一。虽然我不喜欢这种按部就班的生活，但有时也不得不佩服他们的高效。,0.0,0.0,0.68,0.19,0.12,0.08
今天在网上看到一个有趣的实验，涉及到人类如何在无意识的情况下做出决策。这个实验让我对人的思维有了新的理解，原来我们很多选择并不是完全由理性控制的。,0.0,0.0,0.29,0.62,0.0,0.14
每当遇到一些难解的问题，我都会不自觉地开始推理和分析。这种思维方式虽然让我在解决问题时更加高效，但也常常让我忽视了身边的细节。,0.0,0.0,0.14,0.59,0.29,0.0
其实，很多问题都没有绝对的答案。我们只能根据现有的信息做出最佳判断，而最终的结果也可能会受到我们认知局限的影响。,0.0,0.0,0.0,0.74,0.09,0.1
看书时，往往一篇文章中的一个小小观点就能引起我长时间的思考。知识的魅力，便在于此吧。每个细节都可能给我带来不同的启发。,0.0,0.0,0.69,0.41,0.0,0.0
深入思考某个问题的过程，真是让人欲罢不能。有时我会觉得，自己陷入了一个思维的漩涡，无法自拔，但这也正是我最喜欢的状态。,0.0,0.0,0.85,0.08,0.0,0.0
每当遇到困难时，我都会自然而然地开始从理性的角度去分析。这种思维方式让我在面对挑战时，能够保持冷静和清晰。,0.0,0.0,0.58,0.51,0.0,0.0
最近对自我认知有了些新领悟。其实我们每个人都在不断地修正自己的思维模式，这个过程充满了挑战，但也是一种成长。,0.0,0.0,0.84,0.17,0.0,0.0
偶尔觉得，自己在理解世界的过程中，像是个孤独的探索者。每一次的突破都让我更加接近真相，但每一次的突破后，又有更多的未知等待着我。,0.0,0.13,0.33,0.24,0.46,0.0
