posts,angry,fear,happy,neutral,sad,surprise
最近发现，人生的意义好像真的不是找到一个完美的人，而是找到一个能接受你各种“奇怪时刻”的人。比如我，突然想安静三天，对方不介意，反而是默默给我送来了泡面和空调遥控器。,0.07,0.0,0.5,0.18,0.19,0.17
看了个心理学分析，说人类其实是为了追求控制感才会反复做一些无意义的动作。瞬间明白了：我每天打游戏打得那叫一个投入，实际上只是在追求一点点胜利的满足感。,0.15,0.0,0.2,0.26,0.17,0.18
如果每个人都能做到“面试时如实回答”，比如“我不想加班，也不想承担太多责任”，那面试肯定会好玩多了。我已经准备好告诉未来的老板：我最擅长的是用合理的时间完成任务，其余时间我只会认真思考宇宙的奥秘。,0.0,0.0,0.69,0.29,0.0,0.0
昨天看了一部悬疑片，情节推理层层递进，最后竟然是因为主角忘记了喝水才导致谜题解开。突然意识到，很多问题的答案其实不复杂，可能只是“该喝水了”而已。,0.0,0.09,0.09,0.11,0.19,0.56
我的狗已经在教我做家务了。每次她看到我懒散地躺在沙发上，她就过来，用鼻子顶着我的手指，示意我“喂，去洗个碗吧”。她比我还知道效率和生活哲学。,0.06,0.0,0.5,0.37,0.06,0.07
突然想到一个问题：如果所有人都在寻找自己的人生方向，为什么没有人开始寻找“无方向”的智慧？说不定放下所有目标，才是通往心灵自由的捷径。,0.12,0.0,0.14,0.28,0.17,0.25
细想了一下：工作中的“最后一分钟”动力并不是真的能提高效率，而是人的焦虑终于让自己释放了潜能。于是我开始迷茫：“我什么时候才能不用焦虑就高效工作呢？”,0.0,0.1,0.0,0.26,0.27,0.31
有时候觉得“能干”这件事真的太高要求了。就像今天，我把一堆文件归类整理好后，突然觉得这是我一周唯一的成就。没有完成其他任务，但好歹这次的文件顺序比上次更合理了。,0.08,0.0,0.57,0.14,0.2,0.11
我昨天又花了一个晚上研究数学模型。不是为了做什么，而是单纯享受那种被无数公式包围的“智慧孤岛”感。世界上的大部分问题，归根结底都能被简化为公式。,0.0,0.0,0.42,0.42,0.15,0.0
今天忽然意识到，不管你多么努力地尝试，生活的本质可能就是个混乱的大迷宫，唯一能做的，就是保持好奇心，努力不迷路。,0.0,0.0,0.51,0.15,0.2,0.0
今天的深度反思：自从我的生活充满了“待办事项”，似乎每一件事都有了明确的目标。可在这种目标驱动下，我反而忘了最开始的初衷。或许，偶尔“无所事事”也能创造一些值得记住的瞬间。,0.0,0.0,0.52,0.21,0.29,0.0
给自己设定了一堆“理想化目标”，结果我的手账变成了全是“明天再做”的空白。突然觉得，做一个“明天再做”的专家也挺有成就感的。,0.0,0.0,0.84,0.0,0.15,0.0
生活中有一些瞬间特别奇妙，就像我今天在地铁上突然意识到——其实我们每个人都是“时间的乘客”。你不知道下一个站会遇到什么，也许某个微笑会改变你的心情。,0.0,0.0,0.66,0.2,0.0,0.2
最近开始思考，生活中真有很多“无意义”的事情，像我这个月已经喝掉了50瓶不同的饮料。我不是真的想喝，只是对每一种新口味产生了探索欲望。,0.08,0.06,0.11,0.29,0.44,0.08
今天试图放下手机好好看书，结果我看着那本书的封面，突然想到：这封面上的设计是不是和心理学有关？然后开始查封面设计的历史……就这样，一天过去了。,0.13,0.0,0.0,0.1,0.38,0.38
最近发现一个奇怪的现象：每当我想要深入理解某个话题时，总会忍不住在网上找个视频看一看，然后又跳到下一个相关视频，直到三小时过去，我已经什么都没学会。,0.15,0.0,0.0,0.31,0.4,0.23
跟朋友聊了很多“人生目的”的问题，最后的结论是：目标本身的意义远不如过程中的自我发现。至于是否达成目标……这倒没那么重要，毕竟，谁知道自己真心想要什么呢？,0.0,0.0,0.06,0.41,0.37,0.19
今天学到一个道理，永远不要因为“难度大”而放弃思考某个问题。有时候，你只需要退后一步，看看自己的思维是不是有点过于复杂了。,0.0,0.0,0.29,0.49,0.26,0.0
每次看到生活中别人高效的工作方式，我都会觉得，天啊，真的好羡慕。但回到自己的桌前时，我又觉得“算了，反正也没人强迫我高效。”,0.11,0.0,0.35,0.08,0.42,0.06
今天晚上我终于下定决心，整理好我的电子邮件。突然想到，原来邮件的整理不止是管理工作，它也在管理我的生活状态。简直是人生中的另一种“整理心情”的方式。,0.0,0.0,0.71,0.2,0.05,0.21
我发现，每次深夜熬夜时，都会不由自主地想起一些人生哲理：“一切都是浮云”。结果第二天醒来，又不自觉地开始继续做一堆有意义的事情。,0.0,0.0,0.15,0.24,0.59,0.0
曾经尝试用“自己都能理解的方式”写作，结果发现，好像没人能看懂我写的东西。每次努力想简化，却变得更加复杂。或许这就是人类的大脑偏向复杂的本性。,0.06,0.0,0.0,0.3,0.41,0.17
今天决定再试一下“冥想”。结果冥想到一半，脑袋突然冒出了一个不该出现的公式。最终我决定，冥想其实就是给思维留出更多空间去游走。,0.0,0.0,0.31,0.4,0.29,0.12
最近我的内心独白经常是：“我可以不做这些复杂的计划吗？”每当我这样想，我就会觉得自己过于高估了生活的复杂度。简单一点，有时候真的好。,0.13,0.0,0.29,0.17,0.48,0.06
每天早晨，我的计划是先检查一下电子邮件，再开始冥想。结果，我永远都在早晨的电子邮件堆里挣扎，直到忘记了冥想。生活的矛盾，真是难以避免。,0.14,0.0,0.0,0.06,0.64,0.0
发现一个问题，生活中的许多困扰，基本都是“习惯”问题。你总觉得自己能应对一切，但一旦陷入习惯的漩涡里，就会开始失去方向。,0.0,0.11,0.0,0.36,0.59,0.0
看见别人聊技术、聊项目，忽然想：我觉得也许我只是个“会放空自己”的人，不然怎么会对那些最繁琐的细节不感兴趣。,0.13,0.0,0.1,0.26,0.35,0.19
朋友告诉我，她在网上看到了一个“快速减肥”的技巧。我认真想了一下，突然觉得：“减肥这件事其实可以分两步走，首先是先想清楚为什么要减肥，再做。”,0.0,0.0,0.2,0.72,0.0,0.19
如果人类真的能掌控自己的情绪，那应该不是通过一堆理论，而是通过真正的“放下”一切期望。然后，生活自然会变得更加轻松。,0.0,0.0,0.7,0.45,0.0,0.0
有时候我觉得生活像是一场无尽的实验，你永远不知道哪一个决策会改变你的一生，但你也只能不断试探，直到发现原本的答案就藏在这些实验里。,0.0,0.07,0.16,0.38,0.53,0.0
其实，我已经做好了“找到真理”的准备。问题是，真理的存在并不意味着它能轻易被认同。或许，探索的过程才是最大的意义。,0.0,0.0,0.37,0.52,0.0,0.06
我的生活有一个奇怪的规律，每当我确定某个理论“对了”，总会有些细节让我怀疑：这不对劲，哪儿出了问题？,0.23,0.17,0.0,0.18,0.0,0.34
深夜时分，总觉得这个世界上有那么多未解之谜，然而，真正让我困扰的，反而是那些“怎么处理今天的问题”的琐事。,0.07,0.07,0.0,0.23,0.54,0.16
我最近意识到，做决定并不一定是理性驱动的。有时候，只是因为“感觉对”，这似乎能为我的决定提供更有趣的视角。,0.0,0.0,0.52,0.47,0.0,0.07
虽然我今天整整一下午都在追一个新剧，但我依然不禁思考：为什么我总是停不下来，根本不想停。这到底是好事，还是让我迷失自我呢？,0.17,0.0,0.0,0.07,0.64,0.22
最近一直在尝试一个新爱好——用古文写日记。难度很大，但又突然觉得，那种古老的文字能让我与历史中的思想共鸣。,0.0,0.0,0.65,0.22,0.13,0.0
有时候，我想，人活在这个世界上，真的是为了做些“有意义的事情”吗？也许一切的“有意义”本身，最终都成了虚无。,0.0,0.0,0.0,0.26,0.64,0.11
今天在做决策时，我突然想到：这件事的关键不在“对”与“不对”，而在于你是否能够接受自己做出的选择。,0.0,0.0,0.17,0.55,0.15,0.15
听说，有些人喜欢每天列清单，解决一个个问题，而我只是喜欢想象问题本身的存在，直到这些问题慢慢消失。,0.07,0.0,0.05,0.57,0.3,0.17
最近，我好像突然明白了什么叫做“接受现实”，但这种接受的方式也许更多是放弃去强求一些不属于自己的东西。,0.0,0.0,0.23,0.38,0.36,0.05
生活中最艰难的事情，往往不是面对复杂的选择，而是忽然发现自己根本不想做任何选择。,0.0,0.07,0.11,0.24,0.67,0.07
每当我决定放弃做某件事时，总觉得自己是“失败的”。但是当我换个角度看，或许那正是最真实的自己。,0.0,0.0,0.41,0.19,0.39,0.07
今天终于意识到，我其实对很多事都抱有怀疑态度。无论是社会、生活、还是那些复杂的思维逻辑，怀疑自己，怀疑他人，其实是一种深刻的智慧。,0.0,0.08,0.48,0.25,0.14,0.1
曾经以为自己是一个注重计划的人，但现在想了想，我的计划总是被打乱，最终的结果也总是与原定的相去甚远。,0.0,0.0,0.0,0.22,0.7,0.16
如果你跟我一样，曾经觉得自己可以解决一切问题，那么很抱歉，你应该早就明白了：生活并没有那么简单，问题的答案永远不止一个。,0.0,0.0,0.1,0.24,0.65,0.12
我最近有个想法，生活其实就是一个大拼图，每个人拼的方式都不同。而那些想要找捷径的人，可能永远也拼不出那种完美的图案。,0.0,0.0,0.08,0.48,0.44,0.08
我有时候会觉得，自己的生活根本就是一堆无厘头的对话和思考，然而，正是这些对话，让我不再在生活中迷失。,0.0,0.08,0.35,0.27,0.38,0.09
试图用理性去解释一切，只是让自己更迷茫。最终的智慧其实是在接受那些无法解释的事物。,0.07,0.0,0.2,0.33,0.5,0.0
这世界真的是奇妙无比，任何人都可以找到自己擅长的领域，但我们常常忽略了一点——最大的智慧，恰恰是承认自己无法掌控的一切。,0.0,0.0,0.48,0.26,0.19,0.1
有时我想，生活如果能少一点“应该做”的任务，多一点“随意做”的时光，那会是怎样的境界呢？,0.13,0.0,0.15,0.38,0.33,0.19
