posts,angry,fear,happy,neutral,sad,surprise
早上睡眼朦胧翻开手机，看到一条新闻：“人工智能已接近人类认知水平。”我突然想到，难道我每天那点懒觉就是为了给AI提供更多实验数据？#人的认知局限# #AI进化论#,0.07,0.14,0.08,0.31,0.06,0.32
不知道从什么时候开始，我开始怀疑这个世界上所有的秩序其实都在不断被我们打破和重塑。就像明明知道人生是个大课题，却还是总在考试前才开始复习。#思维惯性# #命运掌握者#,0.1,0.17,0.0,0.19,0.5,0.09
昨天朋友问我：“你怎么看待感情？”我答：“是理性的感知与情感的错位。”他眨了眨眼：“你觉得，爱是理性还是感性？”我笑了：“我觉得你一定是看了太多哲学书。” #深度探讨#,0.0,0.0,0.23,0.51,0.13,0.2
看着周围的变化，我常想，人类到底为什么会这么疯狂地追求“更好”？追求科技进步，追求精神充实，甚至追求浪漫。这一切，最终是为了逃避什么呢？#人类探究# #逃避现实#,0.16,0.15,0.0,0.21,0.29,0.2
刚才又看了一遍《黑客帝国》，其中有一句台词特别吸引我：“人类是用来学习的，而非生活。”是不是，现代生活的意义，早已从生存转向了不断自我进化？#哲学思考#,0.0,0.0,0.3,0.44,0.0,0.18
看完最近的科技新闻，突然对自己的未来产生了些许不安。或许人工智能的确会超越我们，但我依然相信，那份属于人类的复杂情感，是AI永远学不来的。#人类情感# #机器无法复制#,0.0,0.17,0.23,0.29,0.38,0.0
说到心态问题，最近在思考一个问题：我们有时候似乎对自己的情感和思想过于武断，喜欢把复杂的世界简化成自己的认知。可是，真的是那么简单吗？#思考人生# #认知的局限#,0.0,0.08,0.0,0.32,0.4,0.25
今天吃饭的时候，突然意识到自己已经不再是当初那个对世界充满好奇的自己了。现在的我，只是习惯性地接受着一切，反而失去了探索的激情。#自我审视# #思维惰性#,0.0,0.12,0.16,0.23,0.56,0.0
最近在反思“无聊”这个状态，它究竟是我们内心空虚的表现，还是单纯的自我需求？也许，我们并不需要填满时间，而是应该享受那份宁静。#思维实验# #人类探索#,0.1,0.09,0.21,0.4,0.25,0.12
今天看了一篇关于孤独的文章，突然想起自己那段没有方向的时光。孤独，有时候是最好的老师，它逼迫你面对自己最真实的内心。#孤独的意义# #内心的觉醒#,0.0,0.1,0.33,0.26,0.41,0.0
昨天夜晚看了一部科幻片，讲述人类与外星文明的第一次接触。看到一半，突然意识到，所有的“科技突破”是不是也在给我们自己的世界带来新的未知？#科幻与现实# #未来的选择#,0.08,0.07,0.31,0.32,0.0,0.27
对比一下身边的朋友，真的是有些人在每个阶段都能迅速找到目标，而我好像一直在探索中迷失。不知道是不是INTP特有的思维定式。#探索与迷失# #自我怀疑#,0.0,0.18,0.0,0.25,0.4,0.17
刚才在做一道数学题时，突然意识到，数学的本质不在于解题，而是在于如何在混乱中找到秩序。或许，这才是思维的真正意义吧。#逻辑思考# #秩序与混乱#,0.05,0.0,0.25,0.52,0.09,0.16
今天又看了一遍心理学书，发现人的行为总是充满了不确定性。我们的选择并不是那么理性，有时候更像是对未来的一种逃避。#人类行为# #心理学观察#,0.0,0.13,0.2,0.51,0.16,0.06
刚刚用过的那个软件，竟然给我推荐了“如何有效提高沟通能力”。我在想，我是不是应该认真考虑一下自己有多少时候在沉默中“交流”？#沟通技巧# #内心世界#,0.14,0.08,0.1,0.24,0.24,0.34
最近越来越觉得，很多人做事都像是在追赶着时间的尾巴，却从未真正考虑过自己到底想要什么。我们是否陷入了生活的琐碎，忘了自己最初的目标？#生活的轨迹# #追求自我#,0.06,0.05,0.14,0.16,0.62,0.13
一直在思考，是否每个人都有一个隐秘的“理想自己”？当你在做某件事时，是否有一种内心的力量推动你，去做你本不擅长的事？#自我探索# #内心的动力#,0.0,0.05,0.6,0.24,0.05,0.15
看着朋友们纷纷加入健身、学习新技能，我不禁思考：我们是否都是被外界期待推动的？如果没有这些期望，我们的内心又会是什么样子呢？#自我驱动# #外部压力#,0.11,0.09,0.22,0.37,0.18,0.18
昨天和朋友讨论了一个问题：科技越发展，人类的情感越简单了吗？我个人觉得，科技帮助了我们理解世界，但并没有解决我们内心深处的孤独。#科技与情感# #人类的探索#,0.08,0.05,0.14,0.55,0.16,0.13
我觉得自己真的是一个很典型的INTP，总是喜欢思考一些别人觉得多余的细节。比如，今天在街头看到一家餐厅，突然产生了一个问题：这个商标的设计，究竟能否影响顾客的选择？#逻辑分析# #商标背后的奥秘#,0.14,0.14,0.0,0.55,0.0,0.21
最近常听到有人说“情绪管理”，但我更喜欢思考“情绪控制”的问题。情绪，真的是能被我们完全控制的吗？还是只是我们在逃避自己内心的声音？#情绪管理# #思维深度#,0.0,0.11,0.09,0.47,0.2,0.2
今天给自己列了一个长长的“待办事项”，然后开始反思，为什么总是要让自己活得如此忙碌？人是不是常常在忙碌中失去自己真正想要的东西？#生活的节奏# #自我反思#,0.13,0.08,0.14,0.16,0.53,0.15
听朋友说，现在的年轻人都爱喝“超级饮品”。我想，如果饮品能改变我们的生活，那么它们背后的市场营销策略能否也给我们一些思维上的启示？#商业思维# #饮品与社会#,0.13,0.0,0.22,0.64,0.0,0.16
最近在想，如何才能找到一个平衡点，既能保持理智的思考，又能兼顾情感的需求。是不是有时候，我们需要在理性和感性之间找到那个最合适的位置？#理性与感性# #自我调节#,0.05,0.0,0.22,0.59,0.14,0.12
这几天在思考人类如何更好地管理信息。我发现我们总是在信息泛滥的时代迷失自我，反而很少去质疑信息的真实性和价值。#信息管理# #思维的迷雾#,0.0,0.13,0.07,0.47,0.22,0.0
最近有个朋友告诉我，日常的压力和工作让他感觉活得很累。于是我开始思考：我们真的是为了生存而工作，还是已经迷失在这条所谓的“成功”路上？#生活的疲惫# #追求与失落#,0.0,0.09,0.0,0.2,0.74,0.08
在咖啡店里看到两个人讨论哲学问题，突然想到，是否在这个浮躁的世界里，我们都在迫切寻找一种“生活的哲学”来平衡内心的空虚？#哲学与生活# #内心的平衡#,0.08,0.0,0.28,0.44,0.17,0.2
刚刚做了一道逻辑推理题，居然有点小成就感。是啊，作为INTP，我似乎总是对解决问题充满了莫名的满足感。也许这就是我的思维方式吧。#推理与满足# #逻辑的乐趣#,0.0,0.0,0.82,0.0,0.0,0.22
今天我又一次陷入了“信息过载”的状态，手机里满是各种通知。突然觉得，真的是不需要知道所有的事，只需要做一个有选择的人。#信息过载# #选择的智慧#,0.1,0.09,0.38,0.14,0.41,0.0
最近频繁在想，人类的行为模式是否也像算法一样，总是在特定的规则和条件下重复？如果我们真的了解了这些模式，是否能掌控自己的未来？#行为模式# #掌控命运#,0.08,0.0,0.13,0.58,0.06,0.21
今天看到个新闻，说某个明星因为“带货失败”面临职业生涯的危机。我不禁想，这个时代的成功与失败，是否真的是由别人定义的？#明星与社会# #成功的定义#,0.09,0.07,0.0,0.42,0.2,0.24
最近常听人讨论“焦虑症”，我突然意识到，焦虑不一定是病，而是人类思维进化中的副产品。我们总在担心“万一出错怎么办”，却忽视了“现在做好就好”。#焦虑与思维# #生活的选择#,0.0,0.19,0.1,0.32,0.38,0.13
逛街时，我发现自己总是习惯性地去分析商品的质量和市场定位，突然意识到，我是不是把购物当成了一种智力游戏？#购物与分析# #思维的乐趣#,0.07,0.0,0.49,0.3,0.08,0.23
今天和朋友讨论哲学时，我突然意识到：在这个复杂的世界中，或许我们每个人都在寻求一个属于自己的“终极问题”答案。#哲学的追问# #人生的疑问#,0.0,0.08,0.17,0.44,0.14,0.25
最近在反思，为什么我们这么在意别人怎么看待我们。或许，真正的自由，是不再让他人的评价决定自己的选择。#社会评价# #自我解放#,0.13,0.0,0.24,0.36,0.26,0.09
今天在读《自控力》，突然想到，我们总是把生活中的“选择”当成是唯一的答案，却从未问过自己：为什么非要做选择？#自控力# #生活的选择#,0.06,0.0,0.13,0.28,0.33,0.21
最近频繁思考关于“成功”的定义。我想，或许成功并不在于你赚了多少钱，而在于你是否能活得足够真实，真实到自己都感到欣慰。#成功与真我# #内心的平衡#,0.0,0.0,0.74,0.18,0.0,0.09
昨天遇到一个很有趣的现象：一群人明明在讨论同一个话题，却有着完全不同的理解。突然想，沟通的核心，难道就是在寻找共识吗？#沟通的深度# #理解与分歧#,0.13,0.0,0.05,0.45,0.12,0.36
昨天读到一句话：“我们所有的思想，最终都来自于孤独。”也许，孤独并不只是痛苦，它也给了我们更多的思考空间。#孤独与思考# #内心的探索#,0.0,0.07,0.34,0.43,0.26,0.06
最近有种感觉，世界的确越来越复杂。越是思考，我们越是感到迷茫。或许，简单才是最终的答案。#复杂与简单# #思维的迷雾#,0.0,0.17,0.06,0.37,0.45,0.12
看了一篇关于未来科技的文章，突然想到，未来的世界，是不是我们已经提前失去了最初的纯真？#科技与人性# #未来的抉择#,0.08,0.08,0.1,0.31,0.29,0.28
我觉得INTP的最大特点就是，永远都在自问：“为什么是这样？”不断地去追问问题背后的原因，结果变得越来越难以自拔。#INTP特质# #自我分析#,0.06,0.07,0.06,0.39,0.36,0.0
突然想到，世界上所有的学科，所有的研究，最后都归结于一个问题：我们为什么要理解这个世界？#哲学思考# #探索的意义#,0.05,0.0,0.12,0.57,0.08,0.22
今天和朋友聊到未来的时候，我们都惊觉：我们的生活轨迹似乎越来越由外界定义，而我们真正的自由已经越来越少。#未来的选择# #自由与束缚#,0.06,0.05,0.14,0.37,0.2,0.26
最近意识到，人类的“进化”并不只体现在科技上，更多的是在内心世界中的细微变化。也许，每个人的“进化”都是不同的。#人类进化# #内心的探寻#,0.0,0.0,0.29,0.64,0.08,0.07
我发现，身边很多人都觉得自己一直在“追逐”某种东西。而我，更多的是在思考，自己究竟要追求什么。#追求与迷茫# #自我认知#,0.0,0.12,0.07,0.36,0.4,0.21
今天的思考：到底是我们给世界赋予意义，还是世界本身自带意义？如果人类消失，世界会变成什么样子？#哲学思考# #人类与世界#,0.05,0.0,0.09,0.6,0.07,0.2
看到有些人把“高效”作为生活的终极目标，我开始怀疑，高效真的能让我们幸福吗？还是我们忽视了享受生活的可能性？#高效与生活# #追求的意义#,0.11,0.0,0.25,0.21,0.17,0.33
看着朋友们每次讨论未来，我常常想，未来到底是我们创造的，还是我们被未来塑造？#未来的选择# #生活的本质#,0.07,0.0,0.3,0.31,0.21,0.26
最近思考“时间”这个问题。我们总是说时间是最宝贵的，但实际上，我们每个人都在不断消耗它，换来的却只有一个又一个的瞬间。#时间的悖论# #活在当下#,0.09,0.1,0.0,0.44,0.33,0.08
