posts,angry,fear,happy,neutral,sad,surprise
哎呀，不知道该用哪款软件做这些动画特效了，试了一下午结果做出来的画面还是不太满意。可能我应该先从基础学起，先把那个“逻辑”搞明白吧。,0.13,0.0,0.09,0.27,0.5,0.17
研究了一天图像处理，觉得人类的大脑真是个奇怪的东西。比如说，当我们看到复杂的视觉信息时，大脑竟然能轻松地进行抽象推理。好像对一些细节超敏感，但对整体却不太在意。,0.0,0.11,0.22,0.24,0.0,0.5
刚看完一篇论文，内容完全是理论和公式。嗯，感觉自己好像更喜欢那些“如何实践”的文章，理论虽然很深刻，但没有实际应用，难免有点无聊。,0.09,0.0,0.26,0.33,0.35,0.08
为什么很多软件的界面都这么复杂？感觉每次使用新工具都像是在解谜。无数的选项和按钮，简直让我每次打开都是一场小型的冒险。,0.24,0.11,0.07,0.21,0.17,0.36
我的最大困扰之一就是：怎么能让一切都合乎逻辑？每次遇到不符合逻辑的事情，总有一种想要解释清楚的冲动，虽然知道很多时候根本没必要。,0.22,0.0,0.0,0.23,0.46,0.1
听说有些人花了几年时间做一个项目，结果最终被人批评。看着他们如此努力，感叹自己真是不太能集中精力做一件事。,0.28,0.0,0.0,0.17,0.58,0.18
这种对话似乎没有什么实际价值，但总有一种深刻的哲学感。是的，有时候没意义的聊天反而能激发某些有趣的思考。,0.0,0.0,0.65,0.37,0.06,0.0
最近在研究复杂系统的行为，突然发现自己对“意外事件”感兴趣。为何一个微小的变动能引发完全不同的结果？大脑和宇宙，真是充满谜团。,0.0,0.14,0.0,0.31,0.1,0.45
每次写代码总会遇到意料之外的错误，调试起来如同一场追逐战。就算搞懂了问题，内心还是会有点小小的愤怒，为什么有些问题总是没法轻松解决？,0.71,0.0,0.0,0.06,0.32,0.08
有时候会突然意识到，自己居然花了几个小时在某个无关紧要的细节上纠结。虽然很迷，但每次解决问题时都会有种满足感。,0.0,0.0,0.72,0.0,0.0,0.22
人类的思维模式真是千奇百怪。今天和朋友讨论哲学问题，结果几乎没有一个人能够完全理解对方的观点。或许，我们真的需要更加清晰的思考方式。,0.0,0.0,0.14,0.44,0.19,0.12
我发现自己对那些深奥的哲学理论越来越感兴趣。每次看一篇文章，都会被作者的推理逻辑和构思折服。果然，思考是一种很享受的过程。,0.0,0.0,0.98,0.07,0.0,0.0
在设计新的项目时，总是有种无法停下来的冲动。明明知道不需要那么多复杂的细节，还是忍不住要一遍遍完善。或许这就是完美主义？,0.12,0.0,0.18,0.18,0.39,0.16
最近对一部小说中的角色设定特别感兴趣，尤其是主角如何在看似矛盾的局面中做出选择。人类行为真的充满了不确定性和复杂性。,0.0,0.0,0.37,0.46,0.0,0.08
总是陷入过度分析的陷阱中，很多时候只需要简单的决策，却因为一小点不确定性反复推敲。看来“完美”有时也是一种拖延症的表现。,0.15,0.0,0.11,0.33,0.44,0.05
每次面对新的挑战，我总是下意识地从最复杂的角度去看待，仿佛必须要找到所有可能的解决方案。是时候学会让事情简单一点了。,0.07,0.0,0.47,0.29,0.17,0.0
在学习新知识时，我常常有一种“解锁新技能”的快感。每掌握一个新概念或方法，就像是突破了思维的边界，真是让人上瘾。,0.0,0.0,0.79,0.09,0.0,0.0
也许人类最大的优点就是能够通过不断地学习和进步，消除内心的不安和无知。毕竟，只有认识到自己的不足，才有真正的成长。,0.0,0.0,0.75,0.28,0.0,0.0
今天看了一部电影，真是脑洞大开。某些情节处理得真好，居然能在看似简单的故事中藏着深刻的哲理。感觉自己也需要更多的思考和探索。,0.0,0.0,0.77,0.0,0.0,0.29
试着用全新的方式来解决问题，结果却发现每次尝试都和预期相差甚远。也许是我太固执，觉得只有自己设想的方式才是最对的。,0.0,0.0,0.0,0.19,0.69,0.15
刚看到一篇关于“人类思维局限性”的文章，感触颇深。我们大部分时间都是在局限的框架下思考的，而那些能够跳出框架的人，才是真正的创新者。,0.0,0.0,0.42,0.52,0.0,0.0
今天又做了一些无用的实验，心里明明知道结果早就预料到了，可还是有点不甘心。也许，有时候就是这样，明知道不会成功，但还是要试试。,0.0,0.0,0.07,0.06,0.94,0.0
对我来说，最美妙的时刻之一就是彻底理解一个复杂问题的瞬间。那种瞬间的顿悟，感觉一切都变得简单了。,0.0,0.0,0.86,0.13,0.0,0.1
读书时我总喜欢挑那些需要深度思考的章节。反而那些轻松的小说总让我觉得时间浪费了，似乎没有什么值得深究的东西。,0.09,0.0,0.07,0.37,0.53,0.0
最近想了很多关于自我提升的问题，发现，最重要的其实是要保持对世界的好奇心。这个世界，永远充满了未解之谜。,0.0,0.0,0.39,0.4,0.13,0.08
有时候我觉得，人与人之间的差异并不完全是因为思维方式不同，而是因为我们对同一件事的解释完全不同。,0.0,0.0,0.08,0.65,0.23,0.12
处理一些细节问题时，我总是忍不住反复推敲，直到觉得每个部分都做到尽善尽美为止。可有时这种过度追求完美的行为反而会让我失去大方向。,0.17,0.0,0.08,0.35,0.5,0.0
总结了一下自己做过的事，感觉好像每件事都无意间带着一种实验的性质。生活对我来说，像是一个个不断尝试的过程。,0.0,0.0,0.57,0.33,0.0,0.09
看见别人做的事，我总是忍不住分析背后的思考方式和逻辑。每个创意和决策，都有着它背后的深层次原因。,0.05,0.0,0.22,0.53,0.15,0.13
设计一个项目时，我总是习惯性地先思考“这能解决什么问题”。如果不能带来有意义的改变，我就会觉得没必要做。,0.13,0.0,0.0,0.53,0.31,0.0
细想了一下，自己好像对所有事都保持着一种“反思”的心态。可能这就是为什么我不容易满足，总觉得可以做得更好。,0.0,0.0,0.49,0.11,0.24,0.14
真是奇怪，人类的情感和理性总是相互冲突。每当我试图理性分析一件事情时，情感总会在某个角落影响我，逼迫我做出非理性的选择。,0.49,0.0,0.0,0.17,0.16,0.18
我一直认为，人类最大的进步来源于创新思维。而创新思维的核心，往往是对常规思维的挑战。虽然这种挑战有时看起来十分不切实际，但最终可能带来巨大的改变。,0.0,0.0,0.28,0.78,0.0,0.0
今天又试了个新的技术，结果发现它并没有我预期的效果。或许这就是技术的魅力吧，总有些出乎意料的地方。,0.06,0.0,0.17,0.23,0.24,0.31
有时我会停下来想，自己为什么要做这些事？最终发现，其实我做这些事的动力来源于探索未知的欲望。对未知的好奇，促使我不断前进。,0.0,0.0,0.68,0.19,0.0,0.06
最近开始考虑把一些想法和创意付诸实践，虽然知道过程会很辛苦，但只要最终能有新发现，就值得。,0.0,0.0,0.89,0.0,0.0,0.0
每当我感到迷茫时，我就会回顾自己走过的路。每一步的选择，虽然看似微不足道，但组成了今天的我。,0.0,0.0,0.77,0.13,0.19,0.0
我发现自己似乎对时间管理越来越感兴趣，尤其是如何高效地使用每一分钟。毕竟，时间永远是不够用的。,0.0,0.0,0.28,0.43,0.26,0.0
我喜欢将每个任务拆解成一个个小部分，然后逐一攻克。虽然过程有时很繁琐，但每解决一个问题，就觉得离目标更近了一步。,0.0,0.0,0.74,0.33,0.0,0.0
其实，我总是在寻找某个“关键点”，无论是解决问题的突破口，还是了解某个领域的核心。我相信，一旦找到那个点，一切都将变得简单。,0.0,0.0,0.64,0.37,0.0,0.0
今天发现有些事真的没必要坚持，尤其是那些没有太大意义的琐事。有时候放手，反而能让人看到更广阔的风景。,0.0,0.0,0.41,0.16,0.45,0.0
在看书时，我最喜欢深入思考书中的每个观点。书本里的每一句话，都可能引发一连串的思考和联想。,0.0,0.0,0.36,0.71,0.0,0.0
最近在想，如果我们将思维模式与行为习惯结合起来，会不会能够更好地理解自己和他人？,0.0,0.0,0.18,0.66,0.05,0.16
在思考某个问题时，我总是把它拆成最基本的部分，然后从最简单的角度重新审视。或许这是我理解世界的方式。,0.0,0.0,0.26,0.66,0.11,0.0
每次与人讨论问题时，我总是忍不住从不同角度去分析，尽量找出问题的根本原因。可是有时，也需要放松一下，接受答案并不总是完美的事实。,0.0,0.0,0.28,0.33,0.47,0.0
今天想到了一个新点子，感觉如果把它实现出来，可能会带来一些不错的结果。希望能抽时间研究一下这个思路。,0.0,0.0,0.5,0.4,0.0,0.0
有时候发现自己明明不急，却总喜欢把事情提前做好。是不是一种内在的焦虑感在作祟？不知不觉中，我已经习惯了做事都尽量提前。,0.12,0.14,0.0,0.18,0.5,0.21
今天在画画时忽然想到一个有趣的问题：为什么艺术创作中的每个细节，似乎都能引起观众内心的某种共鸣？这其中的秘密真值得深究。,0.05,0.0,0.09,0.46,0.0,0.3
每次碰到问题时，我都会忍不住寻找“根本原因”。这些细节虽然小，却能揭示更深层次的东西。这种追求本质的思维，真是太迷人了。,0.0,0.0,0.79,0.16,0.0,0.14
在做项目时，我喜欢挑战那些看似不可能完成的任务。虽然挑战巨大，但每次克服难关时的成就感，实在让人欲罢不能。,0.0,0.0,0.92,0.0,0.0,0.0
