posts,angry,fear,happy,neutral,sad,surprise
最近研究了一下量子力学，发现世界的根本就是不确定性。也许，这就是人生的本质：不可预测。所以别太焦虑，今天做不到的事情，明天或许就能顺利解决。,0.0,0.0,0.54,0.38,0.0,0.07
每次写论文，脑袋总是一片空白，仿佛大脑正在进行自我保护机制的启用。也许可以尝试逆向思维：先写结论，再推导过程。谁说逆向思考不行呢？,0.09,0.0,0.17,0.55,0.19,0.0
今日的咖啡竟然是冰的，心情瞬间跌入谷底。可也许这就是一种启示——冷静地接受无法改变的事实，然后继续前进。,0.07,0.0,0.4,0.1,0.33,0.2
今天给朋友讲了一下“生活的意义”这个哲学话题，结果他愣了两秒钟，说：“你是想教我怎么活吗？”嗯，看来我得找点轻松的话题了。,0.0,0.0,0.28,0.35,0.08,0.28
如果我的生活能像数学题一样精确，那么是不是一切都可以有确切的解答？遗憾的是，现实世界并不遵循简单的公式。,0.0,0.0,0.11,0.38,0.36,0.27
还是很喜欢坐在图书馆的角落，看着外面的阳光透过窗户照进来。也许生活的意义就藏在这些安静的时刻中吧。,0.0,0.0,0.89,0.1,0.05,0.0
最近在思考一个问题：人的智力到底能达到什么高度？也许，终极的智慧就是理解并接受“无知”的美妙吧。,0.0,0.0,0.28,0.45,0.0,0.2
和朋友聊到宇宙的终极命运。最后他说：“其实，你是想告诉我，这一切都没有意义？”我笑了笑，可能吧。我们都在自己的小世界里找意义。,0.0,0.0,0.38,0.26,0.29,0.14
听到有个研究说人类每天有80%的时间是在无意识状态中度过的。突然明白，自己是否“活着”，似乎不是那么重要，重要的是我们有没有“感知”到。,0.0,0.0,0.14,0.41,0.22,0.22
这个世界充满了无法预见的挑战，唯一能做的就是调整自己的心态，拥抱不确定性。毕竟，不是每一个问题都能用逻辑解决。,0.0,0.0,0.41,0.36,0.11,0.0
最近偶然间读到一篇文章，说大部分人都生活在自己的心理舒适区内。我想，人生也许就是不断从舒适区中走出来，然后找到更大的世界。,0.0,0.0,0.47,0.45,0.0,0.1
总是觉得自己的思维有些“跳跃”，从一个点到另一个点的连接完全不按常理出牌。难道这就是“非主流”思维吗？,0.49,0.07,0.0,0.23,0.12,0.26
有时候，做一件事最难的部分不是开始，而是如何坚持下去。也许这就是人类的本质，追求短暂的满足而不是长久的目标。,0.0,0.0,0.4,0.46,0.2,0.0
我尝试过写小说，但每次总是写到一半就停下。是因为没灵感？还是因为在构建一个世界时，我总是在追求完美？,0.0,0.0,0.0,0.21,0.76,0.18
昨天在整理资料时，看到了一篇早已被我遗忘的论文。翻开一看，竟然找到了几乎完美的理论框架。它说：“未知的领域才是人类追求的真正目标。”我突然觉得很对。,0.0,0.0,0.6,0.1,0.0,0.23
每次做决策时，我都倾向于依靠分析和逻辑。可是有时，我也会想，直觉是不是比理性更值得依赖呢？大脑中的这场斗争让我感到困惑。,0.0,0.11,0.0,0.33,0.35,0.17
今天的天气有点灰暗，仿佛一切都在等待某个事件发生。是不是每个天气都有它的象征意义？或者只是大气层的物理变化？,0.0,0.11,0.0,0.51,0.18,0.25
我一直在思考一个问题：为什么人们会那么执着于寻找意义？也许，答案根本不在意义本身，而是在寻找的过程中。,0.0,0.0,0.0,0.59,0.16,0.21
有时候，我喜欢将自己困在一个小小的空间里，去体验孤独和沉思。也许这就是人类与生俱来的探索欲望，永远在寻找某个“解”。,0.08,0.06,0.12,0.32,0.46,0.0
最近开始用一些时间思考我的未来职业规划。或许是时候停止胡乱设定目标，开始更加关注内心的呼声。,0.0,0.0,0.45,0.38,0.1,0.0
今天在网上看到一个观点：“如果你不疯狂，就不会成为历史的一部分。”我觉得，或许不需要疯，但可以不拘一格，找到属于自己的独特道路。,0.0,0.0,0.58,0.41,0.0,0.06
回到家时，偶尔会陷入一阵深思，觉得自己和这个世界之间总隔着一层看不见的薄膜。也许这是成长的一部分吧。,0.0,0.0,0.17,0.28,0.52,0.11
听到有人说“最美的风景是内心的平静”，突然想起一件事：为什么总是在追求外部的东西，却忘了内心的宁静才是最重要的？,0.06,0.0,0.29,0.18,0.37,0.21
最近在学习哲学时发现，很多哲学家都试图揭示人类行为背后的动机。可是在我看来，最深的动机或许就是“为了寻找更深的思考”。,0.0,0.0,0.07,0.71,0.06,0.09
下午看了一场比赛，结果被对方队伍的策略震惊到了。深刻意识到，生活中很多问题都可以通过不同的角度来分析，关键是你能否看到背后的逻辑。,0.0,0.08,0.17,0.47,0.07,0.22
可能我并不是最懂人际交往的人，但我总觉得，不是每个话题都需要讨论；有时候，沉默才是最舒服的交流方式。,0.0,0.0,0.44,0.35,0.31,0.0
有些人总是在强调“效率”，但我觉得，效率并不是衡量人生的唯一标准。偶尔的停顿，反而让人能看到更多的风景。,0.0,0.0,0.54,0.42,0.15,0.05
每次参加群体讨论时，我总是觉得自己太“旁观者”了。是因为我总喜欢在背后分析，还是因为我习惯保持距离，避免卷入其中？,0.09,0.0,0.0,0.4,0.37,0.13
很多人会说：“你怎么那么沉默？”我倒觉得，在纷扰的世界中，沉默反而是一种自我保护机制，给予自己空间去思考。,0.1,0.0,0.16,0.54,0.16,0.14
最近读了一本关于历史的书，讲述了那些人类伟大的发明背后的故事。每一个创新，背后都有无数的失败和坚持。这不禁让我思考，是否创新的意义不止于改变世界，而是在改变过程中不断修正自己。,0.0,0.0,0.45,0.44,0.0,0.07
听说现代人越来越注重“情绪管理”，我倒是觉得，情绪有时候就是一种信号，反映着我们对外界的反应。不必压抑，学会理解，反而更能洞察自我。,0.0,0.0,0.57,0.43,0.0,0.0
每天沉浸在工作中，却总有一部分心思被拖拽到别处。是不是我们都被某些看似微不足道的小事给牵动了情绪呢？,0.13,0.0,0.0,0.26,0.59,0.09
今天无意中看到一篇文章，讲述“独立思考”的重要性。每个人都应该学会通过自己的方式去理解世界，而不是随波逐流。,0.0,0.0,0.48,0.53,0.0,0.0
每当有人问我“你在忙什么”，我总是犹豫片刻。或许我自己都不太确定，“忙碌”到底意味着什么。是工作的完成？还是追逐理想的过程？,0.0,0.0,0.13,0.34,0.3,0.26
总有人问我怎么看待未来，坦白说，未来就像一个迷雾重重的世界。或许，最重要的不是知道前方的路，而是勇敢迈出第一步。,0.0,0.06,0.6,0.21,0.08,0.0
一个人是否足够聪明，往往取决于他能否放下固有的成见，以开放的心态去看待问题。也许真正的智慧，就是在不断学习和改变中不断成长。,0.0,0.0,0.7,0.4,0.0,0.0
看着一些人做事总是非常果断，而我却总是在犹豫不决。或许，这就是INTP的特点吧，总是倾向于多角度思考，却常常错失最佳时机。,0.11,0.0,0.0,0.33,0.62,0.0
今天终于开始整理自己的笔记，发现有些思考好像永远都没有结论。或许这才是思考的魅力所在——探索永无止境。,0.0,0.0,0.7,0.11,0.1,0.08
下午喝了咖啡，继续写论文。突然有了个想法：是不是我们总是习惯在最紧张的时候找到灵感？或者只是因为压力大到只能靠灵感来救急？,0.12,0.08,0.0,0.27,0.55,0.22
最近在研究一种新的算法，感觉有点被它吸引了。每一个小细节的优化都像是解开了一道谜题。真的，技术的魅力往往在于它背后的逻辑和数学美。,0.0,0.0,0.74,0.28,0.0,0.11
看完一场球赛，虽然最后没有取胜，但比赛本身让我感到非常震撼。或许，这也是人生的缩影：尽管不完美，但过程中的每一步都值得记住。,0.0,0.0,0.94,0.0,0.0,0.0
我一直觉得，世界上最让人迷惑的事情之一就是时间。我们都在忙碌，但时间真的有流逝吗，还是我们只是相对空间中的某个节点？,0.0,0.06,0.0,0.22,0.32,0.45
最近看了一部影片，讲述了一个人如何通过不断思考和探索来改变世界。看到最后，我突然有个想法：也许，改变世界的第一步就是改变自己。,0.0,0.0,0.4,0.42,0.07,0.17
在某个寂静的夜晚，我突然思考起“存在”的意义。是不是我们活着的每一天，都是为了寻找某种终极的真理呢？,0.0,0.0,0.18,0.38,0.25,0.21
听说人生的第一步是自我认识，那第二步呢？是不是要把认识到的自己投入到更广阔的世界中，去挑战未知？,0.0,0.0,0.4,0.4,0.0,0.17
有时感到疲惫，却总能找到新的动力。也许，人的潜能本就是无限的，关键是你是否敢于探索和发掘。,0.0,0.0,0.68,0.26,0.09,0.0
每次思考一些哲学问题时，我总会停下来，反思自己所学的知识是否真的能解释这个问题。或许，哲学的真正魅力就在于它的开放性吧。,0.0,0.0,0.38,0.61,0.0,0.05
最近对人工智能有了一些新的看法，它的迅速发展让我既兴奋又担忧。或许，我们离未来的科技社会已经不远了。,0.05,0.1,0.23,0.46,0.0,0.07
最近总在想，“天赋”究竟是什么？是与生俱来的能力，还是后天的积累？我觉得，或许天赋只是我们潜力的某种体现。,0.0,0.0,0.09,0.51,0.2,0.27
终于决定放下手头的工作，去散步一会儿。也许，放松一下，反而能为接下来的工作带来更多的启发和创意。,0.0,0.0,0.83,0.15,0.09,0.0
