posts,angry,fear,happy,neutral,sad,surprise
最近发现，自我驱动学习竟然是我最能坚持的事。反而把任务做得太细，反倒感到压力。只要给自己一点空间，就能高效吸收新知。这个方式还蛮有效的，果然方法比目标更重要。,0.0,0.0,0.81,0.0,0.0,0.25
一上午的思维碰撞真是让人大脑发热，想要多想几件事情，偏偏每个都没做到。反倒是午后完全放空的几个小时，灵感就蹭蹭地冒了出来。其实还是过多自我安排，才让自己死扣细节。,0.34,0.0,0.0,0.08,0.48,0.0
反复思考了一下，很多人对问题的分析只是追求结论的准确，而忽视了过程的探索。特别是解决复杂问题时，过于直截了当反而限制了我的思维。,0.19,0.0,0.0,0.5,0.25,0.0
自从设立了每日早起的计划，就发现晨间时光竟能这么珍贵。思维清晰，脑袋轻松。我知道，如果早上处理好最复杂的事，剩下的时间都可以节省下来做更有创造性的工作。,0.0,0.0,0.86,0.07,0.0,0.09
看着每天做的事情逐渐接近目标的终点，内心充满了淡定和兴奋。其实最重要的是，自己了解这个过程，享受其中的每一步，而不是急于达成某个标准。,0.0,0.0,0.84,0.15,0.0,0.0
今天看了些关于如何高效学习的资料，发现许多建议并非我期待的那种“高效”方式。其实最适合自己的方法，未必是“别人说的好”。真正的学习是理解自己独有的节奏。,0.0,0.0,0.33,0.56,0.0,0.07
最近在思考一个问题：什么时候开始做自己想做的事，而不是做别人期待你做的事。可能是从某种角度来看，改变的是内心的期许，而不是外部的环境。,0.0,0.0,0.2,0.66,0.0,0.11
过去总是为没做完的事情感到焦虑，今天才意识到，既然都已经定下计划，那就安心去做。不能让焦虑掌控思维，要让每个步骤的完成本身成为一种奖励。,0.0,0.0,0.57,0.38,0.14,0.0
还记得以前总觉得社交很累，现在反而更能享受和少数志同道合的朋友深入讨论的时光。原来“社交”也可以有“选择”，选择那些让人觉得有意义的交流。,0.0,0.0,0.7,0.25,0.13,0.06
我似乎习惯了每天做计划，但总觉得这些计划总在“执行”上出了问题。或许是时候换个方式：让自己的计划不那么具体，而是更多留给自己空间去适应变化。,0.0,0.0,0.11,0.48,0.42,0.0
说实话，人生并不是由早起早睡决定的，很多时候决策的转折，恰恰在那些看似微不足道的细节上。你如何看待每一天的起点，决定了你如何迎接每天的挑战。,0.0,0.0,0.39,0.47,0.1,0.11
最近尝试着改进自己的决策方式，发现通过提高对信息的感知，减少不必要的判断，才能迅速做出较为合理的选择。决策的秘诀，可能就是减少干扰。,0.0,0.0,0.32,0.62,0.0,0.06
新看的电影给了我一些反思，个体成长并不是靠外界的赞扬，而是内心的自我认知和自我挑战。每个人都能在自己的轨道上找到答案，但如何保持自我觉察，才是至关重要的。,0.0,0.0,0.49,0.45,0.0,0.0
突然明白，任何技能的学习其实都应该由内而外，而不是从死记硬背开始。只有真正了解背后的原理，才能更好地吸收和应用那些知识。,0.0,0.0,0.53,0.4,0.0,0.0
做事情时总有一种“非得做到最好”的想法。也许是时候学会接受“足够好”的结果，而不是追求完美。适度的妥协，才是生活中的智慧。,0.0,0.0,0.7,0.35,0.0,0.0
偶尔想想，自己真的在进步吗？慢慢发觉，进步并非是速度的竞赛，而是内心的宽容和耐心。不断调整方向，比一味加速更重要。,0.0,0.0,0.68,0.15,0.13,0.08
生活中有时候我会觉得，自己是不是在追求一个不存在的完美目标。或许一切的努力，其实只是为了让自己更加真实地感知生活本身。,0.0,0.0,0.33,0.38,0.25,0.12
做任何事，都需要有目标。可是，目标的背后是否也隐藏着一种自我设限？反思自己，不断挑战“设定”的边界，可能是更好的方法。,0.0,0.0,0.39,0.4,0.08,0.05
每天在不经意中变得更忙碌，回头看看，似乎并没有什么特别值得骄傲的成就。可能“沉浸”比“忙碌”更能带来实质的成长。,0.0,0.0,0.68,0.14,0.19,0.0
说到底，理解语言背后的文化和思维，比单纯掌握语法更重要。语言的精髓其实是要学会用它来感知世界，理解他人的内在动机。,0.0,0.0,0.28,0.81,0.0,0.0
看到别人坚持不懈地做某事，心里觉得不由得佩服。但后来我才意识到，自己或许不必一味去模仿他们的“坚持”。只要做自己喜欢的事情就行。,0.0,0.0,0.83,0.07,0.0,0.0
其实，突破自己的瓶颈往往不是突然灵感涌现，而是持续的积累与耐心。只要不停止前进，总会看到属于自己的高峰。,0.0,0.0,0.84,0.21,0.0,0.0
看一些历史故事，才明白许多看似不合理的选择，背后都有它的历史背景。而真正的决策，往往是需要放眼未来的宽广视野。,0.0,0.0,0.3,0.63,0.0,0.11
每当我处在困境时，心里最先出现的不是焦虑，而是好奇：“这个问题背后的原因是什么？”只有不断剖析原因，才能找到突破的钥匙。,0.0,0.06,0.27,0.45,0.09,0.15
不知道什么时候开始，我喜欢上了冥想和独处。或许，是那种无干扰的状态，最能让我把所有想法理顺，进而做出最明智的选择。,0.0,0.0,0.75,0.21,0.0,0.0
一些人做事有固定模式，而我却倾向于随时根据情境调整。也许，这种“无定式”方法，有时能带来意想不到的结果。,0.0,0.0,0.09,0.65,0.11,0.12
最近有种感觉，或许我是个从不断实验中成长的人。每次尝试，都像是拆解了一个谜题。试错和发现，才是我最擅长的技能。,0.0,0.0,0.67,0.28,0.0,0.06
看过一些思维导图的应用，发现自己开始对如何优化信息处理产生了兴趣。通过归类和整合，真的能让大脑变得更加清晰高效。,0.0,0.0,0.51,0.49,0.0,0.0
从一开始我以为，要做大事就得大起大落，后来才明白，生活里最重要的是找到内心的平静，再去接受外界的挑战。,0.0,0.0,0.64,0.29,0.06,0.0
我意识到，每个人的学习方式都不相同。对于我来说，最有效的方式是先了解理论，然后通过实践来不断修正。,0.0,0.0,0.25,0.77,0.0,0.0
有时候自己也觉得矛盾，明明可以直接让自己放松，偏偏还是去纠结。想了想，真正的成长，就是从这些“小事”中开始调整自己的状态。,0.0,0.0,0.08,0.26,0.55,0.11
最近陷入了一些思考中：“我为什么要这样做？”每当这种问题冒出来，我才发现，很多时候我只是按照惯性在做，而非真正思考。,0.07,0.0,0.0,0.47,0.24,0.2
看了一本关于心理学的书，才发现许多生活中的行为，都能通过心理学找到解释。这让我更能理解自己，也能更加宽容他人。,0.0,0.0,0.81,0.21,0.0,0.0
有时候，人生的道路并非一成不变。改变的瞬间，往往来自于你内心最真实的渴望，而非外界压力。,0.0,0.0,0.55,0.46,0.13,0.06
试着用另一种视角去理解他人时，我发现自己对待问题的方式也在悄然改变。别人的思维方式，常常能打开自己新的思路。,0.0,0.0,0.61,0.34,0.0,0.1
我一直在试图用结构化的思维来应对一切，殊不知有些事情不能用公式来解答。有时，放下框架，才是真正的自由。,0.0,0.0,0.29,0.35,0.3,0.0
看电影时，常常被细节所吸引。每一处看似不重要的小元素，其实都有深层次的象征意义。也许生活也是这样，细节才是真正的生命力。,0.0,0.0,0.73,0.33,0.0,0.07
通过不断自我挑战，我逐渐找到了应对不确定性的能力。也许，这就是成长的意义——不断适应，最终找到最适合自己的方式。,0.0,0.0,0.83,0.19,0.0,0.0
读书时，有些经典的观点，开始让我产生质疑。每个人的视角不同，不同的时代背景下，一句话也能有全然不同的意义。,0.0,0.0,0.12,0.59,0.18,0.12
最近明白了，面对复杂问题时，解决的关键往往不是要找一个“万能解”，而是如何在纷繁复杂中找到最适合自己的切入点。,0.0,0.0,0.34,0.62,0.0,0.12
每天忙得团团转，却总觉得自己还是不够充实。后来意识到，重要的不是做得多，而是做得好，效率才是关键。,0.0,0.0,0.3,0.24,0.44,0.0
思考问题时，我有时会过于理性，导致情感的部分被忽视。其实，决策不仅是冷静分析，心中的感受和直觉同样值得重视。,0.0,0.0,0.37,0.68,0.07,0.0
总是觉得生活像是一个谜题，每解决一个问题，背后又会冒出新问题。这种反复探索的过程，给了我无限的思考空间。,0.0,0.0,0.57,0.33,0.13,0.05
生活中的小烦恼，常常被我拿来消化。每当遇到困难时，提醒自己冷静下来，深呼吸再想一想。这个世界总是充满了意外，保持冷静才能做出最明智的选择。,0.0,0.0,0.75,0.21,0.05,0.0
有时候想，是否每个人都需要经历一些让自己痛苦的时刻。也许正是在这些时刻中，才真正找到自我、提升自己。,0.0,0.0,0.17,0.29,0.57,0.0
经常听别人说“过度自我”不好，但我觉得，每个人都应该有自己的独立性和判断力。过度依赖别人，只会让自己丧失应有的自由。,0.11,0.0,0.19,0.41,0.35,0.0
自从懂得了“放手”之后，我开始意识到，有时候，放下自己不必坚持的事情，反而能让自己更专注于真正值得做的事。,0.0,0.0,0.74,0.2,0.15,0.0
不知道为什么，最近总觉得自己要去做一些看似“难”的事情，挑战自己的极限。这种强烈的冲动让我无可救药。,0.15,0.12,0.0,0.0,0.49,0.06
生活中总是充满了未知和挑战，但我已经逐渐学会了接受这些不确定性。每一次小的突破，都让我更有勇气面对接下来的挑战。,0.0,0.0,0.88,0.1,0.0,0.0
做任何事，最后的答案往往不仅是成功或失败，更重要的是在过程中学到的东西。每次尝试，都让我更加接近真正的自我。,0.0,0.0,0.91,0.1,0.0,0.0
