posts,angry,fear,happy,neutral,sad,surprise
最近突然开始怀疑我的思维方式，果然是一直在逃避现实，而我居然没察觉。逃避本质上是对未知的恐惧。可是，既然了解了这个，还是能继续做什么呢？,0.0,0.28,0.0,0.0,0.32,0.47
为了保持“理智”，我决定把所有计划都拖到最后一刻。奇怪的是，这种压力能让我思考得更清楚，感觉像是进入了某种高效状态。,0.12,0.12,0.27,0.29,0.09,0.24
今天读了一篇关于“完美主义”的文章。突然意识到我对完美的追求其实是对失败的深刻恐惧。想明白这一点，心情反而轻松了些。,0.0,0.09,0.65,0.16,0.08,0.06
偶尔想，自己是不是喜欢自己给自己设限。每当看到别人轻松做事，我就会反问：我真的那么笨吗？还是自己设了个太高的标杆？,0.3,0.0,0.0,0.13,0.5,0.2
刚看了一部纪录片，讨论了“人类的自私本能”。看完后觉得，或许我们真的无法完全去除自私的部分。可能我自己也在不自觉地做这种选择。,0.12,0.07,0.0,0.32,0.46,0.11
今天又一次意识到，自己好像并不真正懂得“放松”。我一直在思考如何才能真正放空思想，但每次想放空，反而更焦虑。,0.0,0.11,0.0,0.09,0.78,0.1
深夜打开图书馆，找到了那些年忽视的书。阅读的愉悦感似乎只有在极度寂静的深夜才能找回。我真的需要在思维上给自己一些空间。,0.08,0.0,0.57,0.09,0.31,0.0
真心觉得时间就是一场精妙的数学游戏。如何用有限的时间做最大化的思考，我想我可能找到了某种平衡点。,0.0,0.0,0.59,0.27,0.0,0.17
刚完成了一项看似简单的任务，却像是完成了一场长时间的智力较量。每次超越自己的时候，都会有种小小的胜利感。,0.0,0.0,0.92,0.0,0.0,0.0
听到周围人说“活在当下”，我总是想，活在当下怎么可能不思考未来？也许我就是那种理性到过头的人吧。,0.14,0.0,0.0,0.15,0.44,0.19
最近对“自由意志”这个问题产生了兴趣。人类真能完全独立思考吗？我觉得我们都被环境和内在规则所限制。,0.09,0.0,0.0,0.49,0.1,0.18
总是幻想着可以拥有超凡的思维，但现实却常常提醒我，人脑的极限就在这里。唯一能做的，就是在这些有限的框架里寻找突破。,0.09,0.0,0.14,0.26,0.38,0.0
昨天试着放下手机，结果越是安静下来，反而越清晰地意识到，内心有多少无法解决的困惑。或许这就是我永远无法摆脱的部分。,0.08,0.0,0.0,0.1,0.8,0.1
想尝试做个真正的“懒人”，不再总是给自己定下目标。可每次开始“懒散”的时候，心里总有一种无法停止的焦虑感。,0.07,0.15,0.0,0.15,0.75,0.0
持续思考了一个问题，假设人类真的能控制一切，那生活的意义会是什么呢？控制与自由的关系，总是让我无法下定论。,0.08,0.0,0.0,0.39,0.31,0.23
今天偶然翻到自己过去写的东西，发现自己好像永远都在追求一个无法实现的完美。是不是每个INTP都会有这样一种内心的困扰呢？,0.0,0.14,0.0,0.23,0.6,0.23
每次尝试去“理解”别人，总觉得自己在陷入一个无尽的死循环。人类的心思真的如此复杂吗？还是真的只是我太过分析？,0.14,0.08,0.0,0.19,0.49,0.23
好像总是在一堆复杂的事情中迷失自己，尝试把每个小问题拆解，但最后却发现，似乎每个解答都带来新的问题。,0.0,0.0,0.08,0.32,0.52,0.17
曾经听过一句话：“人最可怕的，是他能把自己困在自己的思维里。”我现在终于明白了，这种困境感从未真正消失。,0.0,0.24,0.19,0.28,0.27,0.1
看了一下网上的“哲学短语”，才发现很多我曾经深信不疑的观点其实并不成立。或许真正的智慧就是，认识到自己的无知。,0.0,0.0,0.24,0.37,0.33,0.09
看到某个朋友生活得这么充实，我内心突然开始思考：是不是我错过了什么？还是我本来就注定是个追求理性的人？,0.0,0.0,0.24,0.08,0.45,0.27
总在深夜反思，自己到底在追寻什么？生活中有太多无意义的琐事，然而似乎每一件都能激发我的思维。,0.0,0.0,0.45,0.14,0.27,0.15
今天听别人讨论哲学问题，突然发现自己对这种深刻的思考越来越感兴趣了。于是，我也开始考虑是否应该开始写哲学随笔。,0.0,0.0,0.25,0.51,0.15,0.14
看见某个朋友过得那么轻松，我有点羡慕。可是，一旦尝试“轻松”的时候，反而发现自己更不自在了。可能我天生就不适合这种生活方式。,0.06,0.0,0.22,0.06,0.71,0.06
今天突然明白，为什么总有人说我“太过理性”。原来情感对我而言，总是建立在逻辑和分析的基础上。是不是这种思维方式让我很难真正放松呢？,0.08,0.0,0.0,0.26,0.4,0.24
说来也怪，试图不再追求完美，却发现每当不去追求它时，反而会陷入更多的焦虑中。理性真是把双刃剑。,0.24,0.0,0.0,0.15,0.38,0.14
突然对“人际交往”这件事产生了兴趣。为什么我总是在社交场合中觉得自己不太合群？是不是我太过理性，反而忽略了很多情感的细节？,0.14,0.0,0.0,0.3,0.4,0.34
最近试着思考“自我”。好像不管怎么去探索自己，最后都会发现，最难理解的就是自己的内心。是我复杂吗？,0.0,0.0,0.0,0.08,0.74,0.23
今天在思考“宇宙”的问题时，突然觉得自己完全没有方向感。也许，最终我们的理性是无法真正理解宇宙的。,0.0,0.0,0.0,0.31,0.61,0.13
听到某人说“人永远不能逃避内心的真相”，我开始反思：我是否在逃避一些自己不愿意面对的事实？可是，面对真的那么容易吗？,0.0,0.07,0.0,0.12,0.67,0.21
今天突然明白，或许我太注重思考问题的“深度”，以至于忽视了生活的简单和快乐。或许简单的生活反而是最理想的状态。,0.0,0.0,0.35,0.25,0.34,0.18
一直在思考时间的本质问题，试图用理性去破解它。但每当思维接近答案时，总会觉得有什么东西缺失了。或许有些东西，理性无法触及。,0.0,0.0,0.0,0.3,0.65,0.0
看别人轻松应对各种复杂情境，我开始觉得自己可能错了。为什么我总要深入分析，为什么不能像他们一样随遇而安？,0.18,0.0,0.0,0.23,0.48,0.17
无意中开始学起了塔罗牌，虽然对“命运”这一概念没有太多信仰，但有时它也能给我一些思考的启发。毕竟，偶尔也得放松一下自己。,0.0,0.0,0.7,0.26,0.06,0.0
突然意识到，原来有时候“做自己”并不容易。我们总是被周围环境和他人的期待所影响，想要真正做回自己，得有多大的勇气？,0.0,0.0,0.19,0.15,0.59,0.11
今天又被某个哲学问题困住了：我们真的能用理性去控制情感吗？感觉自己总是站在理性的高地上，远离了生活的实际感受。,0.25,0.0,0.0,0.24,0.48,0.14
看完一篇关于“情绪管理”的文章，突然有种想法：是不是每个人的情绪管理本身就是一种“逃避”问题的方式？,0.25,0.0,0.0,0.41,0.12,0.23
最近越来越喜欢静静地独处了。每当沉浸在自己的思维世界里，突然发现内心比平时更为安宁。也许，孤独对我来说，反而是一种疗愈。,0.0,0.0,0.71,0.2,0.22,0.0
总觉得生活中的很多事情都没有一个标准答案。每次试图给自己设定目标，最后都会迷失在无尽的选择中。理性似乎总是在限制我的自由。,0.1,0.0,0.0,0.1,0.69,0.0
今天反思自己为什么总喜欢探究“未知”的事物。或许，这本能的好奇心是我对世界最根本的反应，但它有时也让我感到困惑。,0.0,0.08,0.06,0.34,0.35,0.13
经常会觉得，自己有时候是个“情感盲”。别人谈论情感时，我总是感到难以理解。这大概是因为，我始终习惯于从理性出发思考问题。,0.0,0.0,0.0,0.43,0.49,0.05
看了一部纪录片，突然意识到，理性有时候并不是万能的。特别是在面对人类情感时，或许更多的应该是感性。,0.0,0.0,0.32,0.49,0.16,0.12
终于决定买个实体书柜，准备把自己所有收藏的书籍都整理好，毕竟它们曾陪伴我度过无数个夜晚。喜欢看书，却总觉得阅读不够。,0.07,0.0,0.38,0.08,0.61,0.0
最近发现自己越来越注重细节，甚至会在一件小事上思考很久。或许这就是“理性思维”的副作用吧。,0.12,0.07,0.0,0.38,0.43,0.15
看了一个关于“人类感知”的讲座，突然觉得，人类的感知和思维到底有多复杂？我们到底能否真正理解这个世界？,0.0,0.0,0.0,0.38,0.19,0.42
突然觉得生活中有些人真是有趣。每当遇到他们，我都能感受到一种强烈的对比：我的理性思维和他们的感性冲动。,0.08,0.0,0.75,0.18,0.0,0.15
经常在想，人类最初的智慧到底是什么？是通过感知世界来获得的，还是通过深度的思考理解这个世界的运行规律？,0.05,0.0,0.08,0.6,0.06,0.25
最近在尝试整理自己的一些观点，发现很多想法并没有得到实践。有时候，理性并不代表一切，实践才能验证理论。,0.0,0.0,0.13,0.51,0.36,0.06
今天想起了一件事，感觉自己怎么总是在一个个问题中寻找答案，却忽略了答案本身可能只是一个新的问题。,0.06,0.0,0.0,0.15,0.74,0.2
发现自己总是习惯性地把每个问题拆解成最小的部分，想要在这过程中找到一切答案。但有时，最简单的答案才是最好的答案。,0.0,0.0,0.1,0.4,0.51,0.11
