posts,angry,fear,happy,neutral,sad,surprise
昨天晚上思考人生的意义，突然觉得既然时间总是不断流逝，不如去追求更多的好奇心，至少它不会让我觉得浪费生命。,0.0,0.0,0.75,0.1,0.15,0.0
最近看了一部电影，感觉导演其实是在跟观众玩智力游戏。情节和构图有点让人摸不着头脑，但不妨碍它是个视觉盛宴。,0.0,0.0,0.3,0.5,0.0,0.16
最近有个朋友跟我说：“你是不是不喜欢去社交场合？”我笑了笑，心想，社交场合本身就没有给我带来任何哲学上的启示。,0.08,0.0,0.1,0.49,0.29,0.17
不知道你们有没有发现，有些人看似非常自信，实际上只是能够随时保持与外界的适度距离，不被他人的评价所困扰。嗯，这种状态我挺欣赏的。,0.0,0.0,0.85,0.21,0.0,0.0
我是那种看别人玩狼人杀都会感到“哦，这样吗？”的思维模式，可能我就是太理性了吧，喜欢剖析每个细节。,0.13,0.05,0.31,0.37,0.08,0.17
今天和朋友讨论了很久关于“选择”的话题，感觉选择本身并不重要，重要的是你能从每个选择中学到什么。,0.0,0.0,0.4,0.45,0.15,0.14
最近学到一个道理：与其担心未来的各种可能性，不如把眼前的问题搞清楚。我现在的最大问题是“吃什么”。,0.0,0.0,0.11,0.48,0.2,0.12
突然发现，自己似乎总是在用“逻辑”来理解世界，但有时我想，也许“感受”才是最重要的。,0.0,0.0,0.31,0.19,0.38,0.17
我认为没有人能真正逃避生活的压力，只是有些人选择通过忙碌来掩盖内心的焦虑，而我选择通过静下来思考来面对它。,0.0,0.0,0.23,0.51,0.31,0.05
我时常觉得，人与人之间的理解不仅仅是语言的沟通，更是思维方式的碰撞。每个人的逻辑不同，但最终都试图达成共识。,0.0,0.0,0.31,0.62,0.09,0.0
有时候我真怀疑，生活是不是一种非常复杂的实验。每次面对选择时，都会觉得我是在进行一项未知的科学试验。,0.0,0.18,0.07,0.29,0.25,0.22
对我来说，完美的时光应该是可以安静地坐下来，思考、分析、然后继续思考的时光。,0.0,0.0,0.72,0.32,0.0,0.0
今天听了一个讲座，讲的东西让我不禁反思：是不是每个人的成功，背后都有一些理性与非理性并存的抉择？,0.07,0.0,0.0,0.45,0.15,0.23
我想，有些问题永远不会有答案，至少在我们有限的生命里。可能这就是哲学的魅力吧，探索无限的未知。,0.0,0.0,0.61,0.26,0.0,0.12
如果某一天我消失了，你们会不会也开始思考：我到底去了哪里？对啊，人生的意义或许就藏在这些问题里。,0.0,0.0,0.06,0.34,0.53,0.21
有时候觉得，我的社交能力就像一个加速器，遇到情绪低落的时候，自动跳到“理性分析”模式，好像从头开始思考一切。,0.0,0.0,0.41,0.43,0.0,0.0
今日总结：生活其实就像一个大型实验，不断地进行假设、测试、再调整，只不过我们无法预测结局。,0.0,0.0,0.34,0.63,0.14,0.0
走在街上，看到人们都忙碌得像是生活的齿轮。我突然想，究竟是“活着”更重要，还是“活得好”更重要呢？,0.1,0.0,0.09,0.31,0.35,0.22
深夜，总是特别适合思考一些深刻的问题。比如，是否存在一个完全理性的世界，或者我们最终能达到完美的决策？,0.0,0.0,0.29,0.54,0.09,0.06
一个人的情绪，往往是无法被直接操控的，就像你不能预见自己的一切反应。我发现，理性思考能帮助我减少情绪波动。,0.0,0.0,0.33,0.56,0.13,0.0
最近在纠结一个问题：“人为什么活着？”看来即使看了再多的哲学书，也还是没有答案，可能答案不在书里，而在生活的体验里。,0.0,0.0,0.0,0.47,0.41,0.2
读书真的很有趣，尤其是当你觉得作者说的每句话都在挑战你固有的观念时，那种思维碰撞的感觉，真是让人沉迷。,0.0,0.0,0.83,0.12,0.0,0.06
昨天在图书馆看到一本书，感觉它的封面就像是在告诉我：“你不读我，你永远不会知道你错过了什么。”,0.0,0.0,0.14,0.24,0.37,0.15
最近思考着，“自我实现”的真正含义是什么？可能不是一成不变的目标，而是不断调整自己对生活的理解。,0.0,0.0,0.38,0.51,0.0,0.18
每次看到别人急着“安排”未来，我就忍不住想：未来真的能规划好吗？感觉我们每个人都像是在写一篇没有结尾的论文。,0.27,0.0,0.0,0.17,0.43,0.22
发现自己越来越喜欢研究复杂的问题，尤其是看似没有答案的问题。这种不确定性，才是我探索的动力。,0.0,0.0,0.63,0.24,0.05,0.0
最近觉得，人生其实就像一个逻辑游戏。每个选择都有它的后果，而我们唯一能做的，就是在每个回合里做出最理性的决策。,0.0,0.0,0.29,0.48,0.16,0.06
生活中最有趣的事情，往往并非直接的行动，而是你从这些行动中解读出的意义。,0.0,0.0,0.32,0.72,0.0,0.08
无聊时会研究一下人类行为的理论，看看是否能找到一些有趣的规律。或者，这就是我喜欢的“另类休闲”方式。,0.06,0.0,0.53,0.53,0.0,0.0
今天研究了一下“时间管理”，最终得出结论：最有效的时间管理方式就是避免浪费时间在不重要的事情上。,0.0,0.0,0.24,0.7,0.0,0.0
常常觉得自己喜欢做的是“解构”而非“建构”，每当我拆解一个复杂的现象，总能从中获得奇妙的满足感。,0.0,0.0,0.89,0.11,0.0,0.06
我从不相信命运决定一切，因为每一个微小的选择，都是我们对未来的一次微调。,0.0,0.0,0.41,0.37,0.2,0.07
我觉得，现代人的生活，更多的是在“信息的洪流”中进行自我筛选。我也在进行这个筛选，尽量保持理性，不被信息的海浪淹没。,0.07,0.0,0.28,0.64,0.0,0.0
每次站在人群中，我都会不由自主地观察每个人的行为，试图解读他们背后的动机。可能我注定是个思维分析者。,0.0,0.0,0.11,0.63,0.08,0.12
过去一周的思考：世界上没有绝对的对与错，只有从不同角度看问题的方式。尝试接受不完美，也许是最理智的生活态度。,0.0,0.0,0.69,0.31,0.0,0.05
喜欢通过不断的自我反思来调整自己的行为模式。这种行为，有时候让我觉得自己像个活在实验室里的小白鼠。,0.07,0.0,0.29,0.43,0.21,0.0
每当别人向我提出“为什么”的问题时，我都忍不住想：你问这个问题，是不是也在试图揭开更深的真相？,0.22,0.0,0.0,0.29,0.15,0.31
最近发现，自己有一种偏好——喜欢通过理性分析看待所有的事情。即使是最小的细节，我也会给它一个深度的解释。,0.0,0.0,0.47,0.54,0.0,0.07
有时候，思考得太多反而让人更困惑。也许人生并不需要找到所有的答案，而是去体验，去感知每一个当下。,0.0,0.0,0.38,0.39,0.25,0.08
昨天，朋友问我：“你会不会焦虑？”我想了想，回答：“焦虑确实存在，但它让我反而更加理性地面对问题。”,0.0,0.0,0.23,0.52,0.24,0.12
看到一些讨论时，总忍不住想：这些观点从逻辑上似乎有点问题，但为什么人们总能相信它们呢？,0.24,0.0,0.0,0.38,0.14,0.31
最近看了很多关于大脑的文章，感觉它就像一个复杂的机器，虽然我们无法完全理解，但它的工作原理却引人入胜。,0.0,0.0,0.39,0.6,0.0,0.09
我经常想，如果生活是一个无解的难题，那么最有趣的地方也许就在于我们不断试图解答的过程。,0.0,0.0,0.38,0.46,0.11,0.11
今天看了一篇文章，作者谈到了“开放性”的重要性。我想，真正的“开放”并不是随便接受一切，而是对每个新事物保持理性审视。,0.0,0.0,0.27,0.8,0.0,0.0
一直在想，为什么很多人不喜欢复杂的问题。也许，他们喜欢的是“简单”的答案，而不是“深度”的探讨。,0.09,0.0,0.07,0.57,0.17,0.18
最近发现，自己开始更喜欢与人进行思想上的碰撞，而不是单纯的交流。一个充满观点的对话，才是最有意思的。,0.0,0.0,0.74,0.27,0.0,0.0
思考人生有时候真的很像解一道数学题，虽然复杂，但一旦找到答案，那种成就感是难以言喻的。,0.0,0.0,0.85,0.18,0.0,0.0
听到有人说“你太理性了”，我只想说：不，我只是愿意通过逻辑去分析世界，生活本来就应该是这样清晰明了。,0.0,0.0,0.5,0.28,0.16,0.08
讨论问题时，常常有种“话多了就暴露逻辑漏洞”的感觉。每个观点都有待深入探讨，而不是草率得出结论。,0.13,0.0,0.19,0.64,0.0,0.0
最近在整理自己的思绪，发现很多想法其实并不完全成熟，但这正是我探索自我认知的一个过程。,0.0,0.0,0.55,0.39,0.06,0.09
